Part_Number,Year,Month,Raw_Forecast,PSC_Adjustment_Amount,Final_Order_Quantity,Adjustment_Reason
SC-FUE-0001,2020,1,237,0,237,
SC-FUE-0001,2020,2,299,0,299,
SC-FUE-0001,2020,3,509,69,578,Lead time consideration
SC-FUE-0001,2020,4,568,133,701,Critical part requirement
SC-FUE-0001,2020,5,859,-290,569,Customer demand expectation
SC-FUE-0001,2020,6,846,0,846,No adjustment
SC-FUE-0001,2020,7,1117,-341,776,Customer demand expectation
SC-FUE-0001,2020,8,895,0,895,
SC-FUE-0001,2020,9,1165,-132,1033,
SC-FUE-0001,2020,10,928,131,1059,Customer demand expectation
SC-FUE-0001,2020,11,1215,0,1215,No adjustment
SC-FUE-0001,2020,12,1122,0,1122,No adjustment
SC-FUE-0001,2021,1,1451,348,1799,Customer demand expectation
SC-FUE-0001,2021,2,1290,0,1290,No adjustment
SC-FUE-0001,2021,3,893,-346,547,Inventory consideration
SC-FUE-0001,2021,4,910,0,910,
SC-FUE-0001,2021,5,874,0,874,No adjustment
SC-FUE-0001,2021,6,1015,0,1015,No adjustment
SC-FUE-0001,2021,7,1092,134,1226,Critical part requirement
SC-FUE-0001,2021,8,1261,-281,980,Inventory consideration
SC-FUE-0001,2021,9,1097,0,1097,No adjustment
SC-FUE-0001,2021,10,1061,0,1061,No adjustment
SC-FUE-0001,2021,11,811,-137,674,Customer demand expectation
SC-FUE-0001,2021,12,1093,212,1305,Customer demand expectation
SC-FUE-0001,2022,1,1240,504,1744,Customer demand expectation
SC-FUE-0001,2022,2,893,0,893,
SC-FUE-0001,2022,3,411,-61,350,
SC-FUE-0001,2022,4,656,0,656,No adjustment
SC-FUE-0001,2022,5,802,0,802,
SC-FUE-0001,2022,6,1049,-153,896,Customer demand expectation
SC-FUE-0001,2022,7,1221,0,1221,
SC-FUE-0001,2022,8,2070,0,2070,No adjustment
SC-FUE-0001,2022,9,1624,0,1624,
SC-FUE-0001,2022,10,1424,-286,1138,Customer demand expectation
SC-FUE-0001,2022,11,1080,410,1490,Customer demand expectation
SC-FUE-0001,2022,12,743,321,1064,Customer demand expectation
SC-FUE-0001,2023,1,1136,0,1136,No adjustment
SC-FUE-0001,2023,2,874,289,1163,
SC-FUE-0001,2023,3,969,0,969,No adjustment
SC-FUE-0001,2023,4,852,380,1232,Lead time consideration
SC-FUE-0001,2023,5,1224,-475,749,Inventory consideration
SC-FUE-0001,2023,6,1101,-252,849,Customer demand expectation
SC-FUE-0001,2023,7,1134,0,1134,
SC-FUE-0001,2023,8,1298,395,1693,Customer demand expectation
SC-FUE-0001,2023,9,1033,0,1033,
SC-FUE-0001,2023,10,760,0,760,No adjustment
SC-FUE-0001,2023,11,982,-185,797,
SC-FUE-0001,2023,12,1376,-486,890,Customer demand expectation
SC-FUE-0001,2024,1,1211,0,1211,
SC-FUE-0001,2024,2,1126,189,1315,
SC-FUE-0001,2024,3,1057,0,1057,No adjustment
SC-FUE-0001,2024,4,1013,-176,837,Customer demand expectation
SC-FUE-0001,2024,5,1023,0,1023,
SC-FUE-0001,2024,6,1231,0,1231,No adjustment
SC-FUE-0001,2024,7,1394,501,1895,Lead time consideration
SC-FUE-0001,2024,8,828,0,828,No adjustment
SC-FUE-0001,2024,9,977,-119,858,Customer demand expectation
SC-FUE-0001,2024,10,985,-145,840,Inventory consideration
SC-FUE-0001,2024,11,1061,423,1484,Critical part requirement
SC-FUE-0001,2024,12,936,0,936,
SC-FLT-0001,2020,1,509,0,509,
SC-FLT-0001,2020,2,533,-79,454,Inventory consideration
SC-FLT-0001,2020,3,425,-173,252,Inventory consideration
SC-FLT-0001,2020,4,476,88,564,
SC-FLT-0001,2020,5,225,0,225,
SC-FLT-0001,2020,6,478,0,478,No adjustment
SC-FLT-0001,2020,7,633,0,633,No adjustment
SC-FLT-0001,2020,8,408,0,408,No adjustment
SC-FLT-0001,2020,9,578,178,756,Critical part requirement
SC-FLT-0001,2020,10,366,0,366,
SC-FLT-0001,2020,11,119,-48,71,Inventory consideration
SC-FLT-0001,2020,12,390,-84,306,Inventory consideration
SC-FLT-0001,2021,1,472,-150,322,Customer demand expectation
SC-FLT-0001,2021,2,576,257,833,Lead time consideration
SC-FLT-0001,2021,3,365,-151,214,Customer demand expectation
SC-FLT-0001,2021,4,281,-73,208,Inventory consideration
SC-FLT-0001,2021,5,113,0,113,No adjustment
SC-FLT-0001,2021,6,368,131,499,Lead time consideration
SC-FLT-0001,2021,7,421,142,563,Critical part requirement
SC-FLT-0001,2021,8,363,0,363,No adjustment
SC-FLT-0001,2021,9,645,117,762,Critical part requirement
SC-FLT-0001,2021,10,595,75,670,Lead time consideration
SC-FLT-0001,2021,11,674,-242,432,Inventory consideration
SC-FLT-0001,2021,12,592,-100,492,Inventory consideration
SC-FLT-0001,2022,1,393,-58,335,Customer demand expectation
SC-FLT-0001,2022,2,718,-172,546,Customer demand expectation
SC-FLT-0001,2022,3,535,195,730,
SC-FLT-0001,2022,4,316,-82,234,Customer demand expectation
SC-FLT-0001,2022,5,598,210,808,Lead time consideration
SC-FLT-0001,2022,6,313,0,313,
SC-FLT-0001,2022,7,577,196,773,Customer demand expectation
SC-FLT-0001,2022,8,267,0,267,
SC-FLT-0001,2022,9,384,0,384,
SC-FLT-0001,2022,10,358,149,507,Critical part requirement
SC-FLT-0001,2022,11,250,50,300,Critical part requirement
SC-FLT-0001,2022,12,368,-155,213,Customer demand expectation
SC-FLT-0001,2023,1,1034,456,1490,Lead time consideration
SC-FLT-0001,2023,2,700,136,836,Lead time consideration
SC-FLT-0001,2023,3,678,0,678,
SC-FLT-0001,2023,4,581,250,831,Lead time consideration
SC-FLT-0001,2023,5,319,0,319,No adjustment
SC-FLT-0001,2023,6,283,96,379,Lead time consideration
SC-FLT-0001,2023,7,379,122,501,Critical part requirement
SC-FLT-0001,2023,8,259,112,371,Critical part requirement
SC-FLT-0001,2023,9,518,-95,423,Customer demand expectation
SC-FLT-0001,2023,10,455,-195,260,Customer demand expectation
SC-FLT-0001,2023,11,521,80,601,Customer demand expectation
SC-FLT-0001,2023,12,416,0,416,No adjustment
SC-FLT-0001,2024,1,261,-109,152,Customer demand expectation
SC-FLT-0001,2024,2,451,-65,386,Inventory consideration
SC-FLT-0001,2024,3,703,207,910,Critical part requirement
SC-FLT-0001,2024,4,616,-190,426,Inventory consideration
SC-FLT-0001,2024,5,541,-76,465,Inventory consideration
SC-FLT-0001,2024,6,377,90,467,Customer demand expectation
SC-FLT-0001,2024,7,463,-110,353,Inventory consideration
SC-FLT-0001,2024,8,568,0,568,
SC-FLT-0001,2024,9,523,-126,397,Inventory consideration
SC-FLT-0001,2024,10,363,-163,200,Customer demand expectation
SC-FLT-0001,2024,11,455,0,455,No adjustment
SC-FLT-0001,2024,12,336,0,336,
SC-HYD-0001,2020,1,615,0,615,
SC-HYD-0001,2020,2,651,174,825,Customer demand expectation
SC-HYD-0001,2020,3,698,0,698,No adjustment
SC-HYD-0001,2020,4,401,0,401,
SC-HYD-0001,2020,5,557,-221,336,Customer demand expectation
SC-HYD-0001,2020,6,489,0,489,
SC-HYD-0001,2020,7,706,0,706,
SC-HYD-0001,2020,8,803,0,803,No adjustment
SC-HYD-0001,2020,9,430,0,430,
SC-HYD-0001,2020,10,644,-111,533,Customer demand expectation
SC-HYD-0001,2020,11,607,-164,443,Customer demand expectation
SC-HYD-0001,2020,12,996,358,1354,Customer demand expectation
SC-HYD-0001,2021,1,637,211,848,Critical part requirement
SC-HYD-0001,2021,2,1017,-355,662,Inventory consideration
SC-HYD-0001,2021,3,401,-86,315,Customer demand expectation
SC-HYD-0001,2021,4,572,154,726,Customer demand expectation
SC-HYD-0001,2021,5,514,-162,352,Inventory consideration
SC-HYD-0001,2021,6,556,0,556,
SC-HYD-0001,2021,7,919,220,1139,Customer demand expectation
SC-HYD-0001,2021,8,554,0,554,
SC-HYD-0001,2021,9,494,0,494,No adjustment
SC-HYD-0001,2021,10,564,-239,325,Inventory consideration
SC-HYD-0001,2021,11,821,0,821,No adjustment
SC-HYD-0001,2021,12,604,171,775,Customer demand expectation
SC-HYD-0001,2022,1,380,-109,271,Customer demand expectation
SC-HYD-0001,2022,2,483,132,615,Lead time consideration
SC-HYD-0001,2022,3,962,215,1177,Critical part requirement
SC-HYD-0001,2022,4,631,112,743,Customer demand expectation
SC-HYD-0001,2022,5,925,415,1340,Lead time consideration
SC-HYD-0001,2022,6,889,0,889,
SC-HYD-0001,2022,7,767,0,767,
SC-HYD-0001,2022,8,767,-241,526,Customer demand expectation
SC-HYD-0001,2022,9,578,141,719,Customer demand expectation
SC-HYD-0001,2022,10,670,0,670,
SC-HYD-0001,2022,11,725,0,725,No adjustment
SC-HYD-0001,2022,12,924,344,1268,Lead time consideration
SC-HYD-0001,2023,1,662,-184,478,Inventory consideration
SC-HYD-0001,2023,2,647,-260,387,
SC-HYD-0001,2023,3,922,335,1257,Lead time consideration
SC-HYD-0001,2023,4,1169,-428,741,Inventory consideration
SC-HYD-0001,2023,5,1069,260,1329,Customer demand expectation
SC-HYD-0001,2023,6,863,162,1025,
SC-HYD-0001,2023,7,1132,0,1132,
SC-HYD-0001,2023,8,733,0,733,
SC-HYD-0001,2023,9,896,183,1079,
SC-HYD-0001,2023,10,890,-187,703,Customer demand expectation
SC-HYD-0001,2023,11,795,-132,663,
SC-HYD-0001,2023,12,437,0,437,
SC-HYD-0001,2024,1,427,0,427,No adjustment
SC-HYD-0001,2024,2,844,0,844,
SC-HYD-0001,2024,3,1054,141,1195,Lead time consideration
SC-HYD-0001,2024,4,882,0,882,No adjustment
SC-HYD-0001,2024,5,699,0,699,
SC-HYD-0001,2024,6,1201,279,1480,Critical part requirement
SC-HYD-0001,2024,7,873,-166,707,Inventory consideration
SC-HYD-0001,2024,8,774,0,774,
SC-HYD-0001,2024,9,965,0,965,
SC-HYD-0001,2024,10,703,0,703,No adjustment
SC-HYD-0001,2024,11,746,169,915,Lead time consideration
SC-HYD-0001,2024,12,1033,304,1337,Customer demand expectation
SC-CLG-0001,2020,1,15,-6,9,Inventory consideration
SC-CLG-0001,2020,2,50,-14,36,Inventory consideration
SC-CLG-0001,2020,3,13,-4,9,Customer demand expectation
SC-CLG-0001,2020,4,11,0,11,No adjustment
SC-CLG-0001,2020,5,65,-22,43,Inventory consideration
SC-CLG-0001,2020,6,55,0,55,
SC-CLG-0001,2020,7,76,0,76,
SC-CLG-0001,2020,8,24,0,24,
SC-CLG-0001,2020,9,22,0,22,
SC-CLG-0001,2020,10,30,12,42,Customer demand expectation
SC-CLG-0001,2020,11,96,-33,63,Inventory consideration
SC-CLG-0001,2020,12,33,-11,22,Customer demand expectation
SC-CLG-0001,2021,1,38,-12,26,Inventory consideration
SC-CLG-0001,2021,2,35,0,35,No adjustment
SC-CLG-0001,2021,3,75,0,75,
SC-CLG-0001,2021,4,35,-13,22,Customer demand expectation
SC-CLG-0001,2021,5,7,3,10,Critical part requirement
SC-CLG-0001,2021,6,0,0,0,
SC-CLG-0001,2021,7,30,0,30,No adjustment
SC-CLG-0001,2021,8,25,-4,21,Customer demand expectation
SC-CLG-0001,2021,9,48,-12,36,Customer demand expectation
SC-CLG-0001,2021,10,93,-24,69,Inventory consideration
SC-CLG-0001,2021,11,22,-3,19,Customer demand expectation
SC-CLG-0001,2021,12,0,0,0,Inventory consideration
SC-CLG-0001,2022,1,58,12,70,Customer demand expectation
SC-CLG-0001,2022,2,28,-11,17,Inventory consideration
SC-CLG-0001,2022,3,51,-19,32,Customer demand expectation
SC-CLG-0001,2022,4,29,-7,22,Customer demand expectation
SC-CLG-0001,2022,5,40,0,40,
SC-CLG-0001,2022,6,59,-22,37,Customer demand expectation
SC-CLG-0001,2022,7,25,-8,17,Inventory consideration
SC-CLG-0001,2022,8,22,-2,20,Inventory consideration
SC-CLG-0001,2022,9,65,-28,37,Inventory consideration
SC-CLG-0001,2022,10,41,0,41,No adjustment
SC-CLG-0001,2022,11,28,-10,18,Customer demand expectation
SC-CLG-0001,2022,12,58,-12,46,Customer demand expectation
SC-CLG-0001,2023,1,63,0,63,No adjustment
SC-CLG-0001,2023,2,21,-8,13,
SC-CLG-0001,2023,3,42,-11,31,Inventory consideration
SC-CLG-0001,2023,4,32,-11,21,Customer demand expectation
SC-CLG-0001,2023,5,38,0,38,
SC-CLG-0001,2023,6,0,0,0,Customer demand expectation
SC-CLG-0001,2023,7,71,-11,60,Inventory consideration
SC-CLG-0001,2023,8,32,-6,26,Inventory consideration
SC-CLG-0001,2023,9,43,-15,28,Inventory consideration
SC-CLG-0001,2023,10,13,0,13,
SC-CLG-0001,2023,11,0,0,0,Inventory consideration
SC-CLG-0001,2023,12,47,-15,32,Inventory consideration
SC-CLG-0001,2024,1,85,29,114,Critical part requirement
SC-CLG-0001,2024,2,21,0,21,
SC-CLG-0001,2024,3,40,-8,32,Customer demand expectation
SC-CLG-0001,2024,4,2,-1,1,Customer demand expectation
SC-CLG-0001,2024,5,12,5,17,Customer demand expectation
SC-CLG-0001,2024,6,33,-6,27,Customer demand expectation
SC-CLG-0001,2024,7,73,12,85,Lead time consideration
SC-CLG-0001,2024,8,46,-19,27,Customer demand expectation
SC-CLG-0001,2024,9,50,0,50,No adjustment
SC-CLG-0001,2024,10,79,0,79,No adjustment
SC-CLG-0001,2024,11,33,0,33,No adjustment
SC-CLG-0001,2024,12,59,-9,50,Customer demand expectation
SC-TRN-0001,2020,1,279,87,366,Customer demand expectation
SC-TRN-0001,2020,2,183,51,234,Lead time consideration
SC-TRN-0001,2020,3,47,15,62,Lead time consideration
SC-TRN-0001,2020,4,313,-128,185,Inventory consideration
SC-TRN-0001,2020,5,244,0,244,No adjustment
SC-TRN-0001,2020,6,189,49,238,Lead time consideration
SC-TRN-0001,2020,7,112,48,160,Lead time consideration
SC-TRN-0001,2020,8,112,-19,93,Customer demand expectation
SC-TRN-0001,2020,9,382,0,382,
SC-TRN-0001,2020,10,211,54,265,Lead time consideration
SC-TRN-0001,2020,11,105,0,105,
SC-TRN-0001,2020,12,228,0,228,
SC-TRN-0001,2021,1,228,-25,203,Inventory consideration
SC-TRN-0001,2021,2,261,117,378,Customer demand expectation
SC-TRN-0001,2021,3,212,-59,153,Customer demand expectation
SC-TRN-0001,2021,4,208,0,208,No adjustment
SC-TRN-0001,2021,5,240,-30,210,
SC-TRN-0001,2021,6,92,-19,73,Inventory consideration
SC-TRN-0001,2021,7,187,-39,148,Customer demand expectation
SC-TRN-0001,2021,8,180,0,180,No adjustment
SC-TRN-0001,2021,9,176,-42,134,Inventory consideration
SC-TRN-0001,2021,10,311,62,373,Critical part requirement
SC-TRN-0001,2021,11,252,0,252,No adjustment
SC-TRN-0001,2021,12,88,18,106,Lead time consideration
SC-TRN-0001,2022,1,350,-128,222,Customer demand expectation
SC-TRN-0001,2022,2,231,0,231,No adjustment
SC-TRN-0001,2022,3,221,-49,172,Customer demand expectation
SC-TRN-0001,2022,4,256,0,256,
SC-TRN-0001,2022,5,196,-81,115,Customer demand expectation
SC-TRN-0001,2022,6,257,-42,215,Customer demand expectation
SC-TRN-0001,2022,7,350,0,350,No adjustment
SC-TRN-0001,2022,8,388,0,388,
SC-TRN-0001,2022,9,275,-118,157,Customer demand expectation
SC-TRN-0001,2022,10,352,-57,295,Inventory consideration
SC-TRN-0001,2022,11,322,73,395,Critical part requirement
SC-TRN-0001,2022,12,464,0,464,
SC-TRN-0001,2023,1,160,-52,108,Inventory consideration
SC-TRN-0001,2023,2,409,-166,243,Inventory consideration
SC-TRN-0001,2023,3,348,-99,249,Inventory consideration
SC-TRN-0001,2023,4,250,44,294,Critical part requirement
SC-TRN-0001,2023,5,222,-39,183,Customer demand expectation
SC-TRN-0001,2023,6,94,0,94,No adjustment
SC-TRN-0001,2023,7,420,-83,337,Customer demand expectation
SC-TRN-0001,2023,8,310,-131,179,Inventory consideration
SC-TRN-0001,2023,9,139,-40,99,Customer demand expectation
SC-TRN-0001,2023,10,333,80,413,Customer demand expectation
SC-TRN-0001,2023,11,247,-92,155,Customer demand expectation
SC-TRN-0001,2023,12,174,65,239,Critical part requirement
SC-TRN-0001,2024,1,380,-112,268,Inventory consideration
SC-TRN-0001,2024,2,163,0,163,No adjustment
SC-TRN-0001,2024,3,260,-114,146,Inventory consideration
SC-TRN-0001,2024,4,452,131,583,Lead time consideration
SC-TRN-0001,2024,5,300,0,300,
SC-TRN-0001,2024,6,199,59,258,Customer demand expectation
SC-TRN-0001,2024,7,248,0,248,
SC-TRN-0001,2024,8,301,0,301,
SC-TRN-0001,2024,9,281,-91,190,Customer demand expectation
SC-TRN-0001,2024,10,235,-84,151,Customer demand expectation
SC-TRN-0001,2024,11,429,0,429,No adjustment
SC-TRN-0001,2024,12,412,0,412,
SC-SUS-0001,2020,1,81,0,81,No adjustment
SC-SUS-0001,2020,2,59,0,59,No adjustment
SC-SUS-0001,2020,3,84,-13,71,
SC-SUS-0001,2020,4,102,-20,82,Inventory consideration
SC-SUS-0001,2020,5,38,0,38,
SC-SUS-0001,2020,6,118,0,118,No adjustment
SC-SUS-0001,2020,7,188,70,258,Lead time consideration
SC-SUS-0001,2020,8,245,0,245,
SC-SUS-0001,2020,9,101,28,129,Lead time consideration
SC-SUS-0001,2020,10,179,73,252,
SC-SUS-0001,2020,11,215,-62,153,
SC-SUS-0001,2020,12,214,-77,137,Customer demand expectation
SC-SUS-0001,2021,1,125,-52,73,Customer demand expectation
SC-SUS-0001,2021,2,196,0,196,
SC-SUS-0001,2021,3,171,0,171,
SC-SUS-0001,2021,4,168,48,216,Customer demand expectation
SC-SUS-0001,2021,5,220,76,296,Critical part requirement
SC-SUS-0001,2021,6,178,79,257,Lead time consideration
SC-SUS-0001,2021,7,192,41,233,Lead time consideration
SC-SUS-0001,2021,8,152,33,185,Customer demand expectation
SC-SUS-0001,2021,9,149,-55,94,Inventory consideration
SC-SUS-0001,2021,10,198,88,286,Critical part requirement
SC-SUS-0001,2021,11,252,50,302,Critical part requirement
SC-SUS-0001,2021,12,93,0,93,No adjustment
SC-SUS-0001,2022,1,193,30,223,Customer demand expectation
SC-SUS-0001,2022,2,155,-30,125,Customer demand expectation
SC-SUS-0001,2022,3,221,72,293,
SC-SUS-0001,2022,4,126,39,165,Lead time consideration
SC-SUS-0001,2022,5,122,-33,89,Customer demand expectation
SC-SUS-0001,2022,6,197,33,230,Critical part requirement
SC-SUS-0001,2022,7,344,134,478,Lead time consideration
SC-SUS-0001,2022,8,169,0,169,
SC-SUS-0001,2022,9,177,-71,106,Inventory consideration
SC-SUS-0001,2022,10,137,51,188,
SC-SUS-0001,2022,11,315,91,406,Customer demand expectation
SC-SUS-0001,2022,12,99,0,99,
SC-SUS-0001,2023,1,235,98,333,Critical part requirement
SC-SUS-0001,2023,2,182,35,217,Customer demand expectation
SC-SUS-0001,2023,3,218,42,260,Critical part requirement
SC-SUS-0001,2023,4,268,61,329,Lead time consideration
SC-SUS-0001,2023,5,145,24,169,Lead time consideration
SC-SUS-0001,2023,6,276,-119,157,Inventory consideration
SC-SUS-0001,2023,7,250,0,250,
SC-SUS-0001,2023,8,188,80,268,Critical part requirement
SC-SUS-0001,2023,9,242,88,330,Customer demand expectation
SC-SUS-0001,2023,10,230,46,276,Lead time consideration
SC-SUS-0001,2023,11,273,0,273,
SC-SUS-0001,2023,12,245,100,345,Lead time consideration
SC-SUS-0001,2024,1,206,61,267,Lead time consideration
SC-SUS-0001,2024,2,112,43,155,Lead time consideration
SC-SUS-0001,2024,3,153,30,183,Critical part requirement
SC-SUS-0001,2024,4,336,148,484,Lead time consideration
SC-SUS-0001,2024,5,118,0,118,
SC-SUS-0001,2024,6,242,107,349,
SC-SUS-0001,2024,7,253,84,337,Customer demand expectation
SC-SUS-0001,2024,8,326,0,326,No adjustment
SC-SUS-0001,2024,9,129,52,181,Customer demand expectation
SC-SUS-0001,2024,10,185,20,205,Lead time consideration
SC-SUS-0001,2024,11,262,29,291,Lead time consideration
SC-SUS-0001,2024,12,338,0,338,
SC-ENG-0001,2020,1,150,-64,86,Customer demand expectation
SC-ENG-0001,2020,2,63,15,78,Lead time consideration
SC-ENG-0001,2020,3,113,-24,89,Inventory consideration
SC-ENG-0001,2020,4,153,34,187,Lead time consideration
SC-ENG-0001,2020,5,31,-4,27,Inventory consideration
SC-ENG-0001,2020,6,118,44,162,Customer demand expectation
SC-ENG-0001,2020,7,54,0,54,No adjustment
SC-ENG-0001,2020,8,81,-28,53,Inventory consideration
SC-ENG-0001,2020,9,16,-5,11,Customer demand expectation
SC-ENG-0001,2020,10,77,0,77,
SC-ENG-0001,2020,11,61,0,61,
SC-ENG-0001,2020,12,25,-3,22,Customer demand expectation
SC-ENG-0001,2021,1,23,-7,16,Customer demand expectation
SC-ENG-0001,2021,2,6,0,6,No adjustment
SC-ENG-0001,2021,3,27,-3,24,Inventory consideration
SC-ENG-0001,2021,4,33,-11,22,Inventory consideration
SC-ENG-0001,2021,5,117,15,132,Customer demand expectation
SC-ENG-0001,2021,6,47,-19,28,Inventory consideration
SC-ENG-0001,2021,7,22,-2,20,Customer demand expectation
SC-ENG-0001,2021,8,82,0,82,
SC-ENG-0001,2021,9,182,-42,140,Inventory consideration
SC-ENG-0001,2021,10,71,0,71,
SC-ENG-0001,2021,11,109,-17,92,Inventory consideration
SC-ENG-0001,2021,12,39,4,43,Customer demand expectation
SC-ENG-0001,2022,1,27,-6,21,Inventory consideration
SC-ENG-0001,2022,2,70,-21,49,Inventory consideration
SC-ENG-0001,2022,3,34,-11,23,Customer demand expectation
SC-ENG-0001,2022,4,71,0,71,
SC-ENG-0001,2022,5,41,0,41,
SC-ENG-0001,2022,6,177,0,177,No adjustment
SC-ENG-0001,2022,7,73,0,73,
SC-ENG-0001,2022,8,149,-52,97,Customer demand expectation
SC-ENG-0001,2022,9,150,-40,110,Inventory consideration
SC-ENG-0001,2022,10,128,-45,83,Customer demand expectation
SC-ENG-0001,2022,11,61,-19,42,Inventory consideration
SC-ENG-0001,2022,12,25,-7,18,Inventory consideration
SC-ENG-0001,2023,1,0,0,0,Customer demand expectation
SC-ENG-0001,2023,2,76,0,76,
SC-ENG-0001,2023,3,217,-97,120,Inventory consideration
SC-ENG-0001,2023,4,58,0,58,No adjustment
SC-ENG-0001,2023,5,180,66,246,Critical part requirement
SC-ENG-0001,2023,6,102,-42,60,Inventory consideration
SC-ENG-0001,2023,7,75,-30,45,Customer demand expectation
SC-ENG-0001,2023,8,253,36,289,Lead time consideration
SC-ENG-0001,2023,9,44,-9,35,Customer demand expectation
SC-ENG-0001,2023,10,144,0,144,No adjustment
SC-ENG-0001,2023,11,54,-13,41,
SC-ENG-0001,2023,12,132,0,132,
SC-ENG-0001,2024,1,246,-54,192,Customer demand expectation
SC-ENG-0001,2024,2,408,-118,290,Customer demand expectation
SC-ENG-0001,2024,3,291,-37,254,Customer demand expectation
SC-ENG-0001,2024,4,445,-91,354,Inventory consideration
SC-ENG-0001,2024,5,194,-84,110,Inventory consideration
SC-ENG-0001,2024,6,389,-99,290,Customer demand expectation
SC-ENG-0001,2024,7,231,-57,174,Customer demand expectation
SC-ENG-0001,2024,8,108,0,108,No adjustment
SC-ENG-0001,2024,9,432,155,587,Customer demand expectation
SC-ENG-0001,2024,10,76,0,76,
SC-ENG-0001,2024,11,37,-10,27,Customer demand expectation
SC-ENG-0001,2024,12,33,0,33,
SC-ENG-0002,2020,1,1415,-458,957,Customer demand expectation
SC-ENG-0002,2020,2,1568,475,2043,Lead time consideration
SC-ENG-0002,2020,3,1043,333,1376,Critical part requirement
SC-ENG-0002,2020,4,1728,454,2182,Lead time consideration
SC-ENG-0002,2020,5,1687,-556,1131,Customer demand expectation
SC-ENG-0002,2020,6,1603,-412,1191,Customer demand expectation
SC-ENG-0002,2020,7,1342,324,1666,Critical part requirement
SC-ENG-0002,2020,8,1784,0,1784,No adjustment
SC-ENG-0002,2020,9,1020,293,1313,Critical part requirement
SC-ENG-0002,2020,10,1265,178,1443,Customer demand expectation
SC-ENG-0002,2020,11,1695,0,1695,No adjustment
SC-ENG-0002,2020,12,1356,0,1356,
SC-ENG-0002,2021,1,1128,139,1267,Customer demand expectation
SC-ENG-0002,2021,2,1517,384,1901,Critical part requirement
SC-ENG-0002,2021,3,1416,188,1604,Customer demand expectation
SC-ENG-0002,2021,4,1082,-308,774,Inventory consideration
SC-ENG-0002,2021,5,1453,-215,1238,Inventory consideration
SC-ENG-0002,2021,6,1536,0,1536,
SC-ENG-0002,2021,7,1403,-156,1247,Inventory consideration
SC-ENG-0002,2021,8,1350,-479,871,Inventory consideration
SC-ENG-0002,2021,9,1486,0,1486,
SC-ENG-0002,2021,10,1629,0,1629,No adjustment
SC-ENG-0002,2021,11,1288,-505,783,Inventory consideration
SC-ENG-0002,2021,12,1764,494,2258,Lead time consideration
SC-ENG-0002,2022,1,1816,0,1816,No adjustment
SC-ENG-0002,2022,2,1564,0,1564,
SC-ENG-0002,2022,3,1459,0,1459,
SC-ENG-0002,2022,4,1377,0,1377,No adjustment
SC-ENG-0002,2022,5,1475,401,1876,Critical part requirement
SC-ENG-0002,2022,6,1328,-292,1036,Customer demand expectation
SC-ENG-0002,2022,7,1434,482,1916,Lead time consideration
SC-ENG-0002,2022,8,1453,432,1885,Critical part requirement
SC-ENG-0002,2022,9,1157,-351,806,Customer demand expectation
SC-ENG-0002,2022,10,982,430,1412,Lead time consideration
SC-ENG-0002,2022,11,1359,0,1359,
SC-ENG-0002,2022,12,1601,0,1601,No adjustment
SC-ENG-0002,2023,1,1698,506,2204,Critical part requirement
SC-ENG-0002,2023,2,1845,681,2526,Critical part requirement
SC-ENG-0002,2023,3,1966,545,2511,
SC-ENG-0002,2023,4,2214,-890,1324,Customer demand expectation
SC-ENG-0002,2023,5,1724,0,1724,
SC-ENG-0002,2023,6,1634,-628,1006,Inventory consideration
SC-ENG-0002,2023,7,1985,0,1985,No adjustment
SC-ENG-0002,2023,8,1958,586,2544,Critical part requirement
SC-ENG-0002,2023,9,1577,-541,1036,
SC-ENG-0002,2023,10,1456,0,1456,No adjustment
SC-ENG-0002,2023,11,2044,-341,1703,Customer demand expectation
SC-ENG-0002,2023,12,1493,670,2163,
SC-ENG-0002,2024,1,1489,169,1658,Lead time consideration
SC-ENG-0002,2024,2,1838,-225,1613,Inventory consideration
SC-ENG-0002,2024,3,1878,-562,1316,Inventory consideration
SC-ENG-0002,2024,4,1289,-552,737,Customer demand expectation
SC-ENG-0002,2024,5,1927,553,2480,Critical part requirement
SC-ENG-0002,2024,6,2040,0,2040,No adjustment
SC-ENG-0002,2024,7,1557,181,1738,Lead time consideration
SC-ENG-0002,2024,8,1269,0,1269,No adjustment
SC-ENG-0002,2024,9,918,0,918,
SC-ENG-0002,2024,10,2223,807,3030,Lead time consideration
SC-ENG-0002,2024,11,2339,734,3073,Critical part requirement
SC-ENG-0002,2024,12,1959,0,1959,
SC-HYD-0002,2020,1,38,0,38,
SC-HYD-0002,2020,2,33,-14,19,Customer demand expectation
SC-HYD-0002,2020,3,30,6,36,Critical part requirement
SC-HYD-0002,2020,4,48,16,64,Lead time consideration
SC-HYD-0002,2020,5,24,0,24,
SC-HYD-0002,2020,6,6,1,7,Customer demand expectation
SC-HYD-0002,2020,7,50,10,60,Customer demand expectation
SC-HYD-0002,2020,8,21,-3,18,Inventory consideration
SC-HYD-0002,2020,9,40,-12,28,Customer demand expectation
SC-HYD-0002,2020,10,59,0,59,No adjustment
SC-HYD-0002,2020,11,46,-17,29,Customer demand expectation
SC-HYD-0002,2020,12,48,-6,42,Customer demand expectation
SC-HYD-0002,2021,1,43,-12,31,Inventory consideration
SC-HYD-0002,2021,2,27,-7,20,
SC-HYD-0002,2021,3,0,0,0,Customer demand expectation
SC-HYD-0002,2021,4,20,0,20,No adjustment
SC-HYD-0002,2021,5,22,-4,18,Customer demand expectation
SC-HYD-0002,2021,6,54,0,54,No adjustment
SC-HYD-0002,2021,7,87,0,87,No adjustment
SC-HYD-0002,2021,8,1,0,1,
SC-HYD-0002,2021,9,28,0,28,
SC-HYD-0002,2021,10,27,-11,16,Inventory consideration
SC-HYD-0002,2021,11,27,7,34,Customer demand expectation
SC-HYD-0002,2021,12,22,-8,14,Inventory consideration
SC-HYD-0002,2022,1,16,2,18,Critical part requirement
SC-HYD-0002,2022,2,49,0,49,
SC-HYD-0002,2022,3,46,-14,32,
SC-HYD-0002,2022,4,53,-9,44,Inventory consideration
SC-HYD-0002,2022,5,34,-15,19,Customer demand expectation
SC-HYD-0002,2022,6,46,-19,27,
SC-HYD-0002,2022,7,24,-10,14,Customer demand expectation
SC-HYD-0002,2022,8,39,-12,27,Inventory consideration
SC-HYD-0002,2022,9,45,-19,26,Inventory consideration
SC-HYD-0002,2022,10,60,0,60,No adjustment
SC-HYD-0002,2022,11,39,-11,28,Inventory consideration
SC-HYD-0002,2022,12,133,0,133,No adjustment
SC-HYD-0002,2023,1,98,21,119,Critical part requirement
SC-HYD-0002,2023,2,50,8,58,
SC-HYD-0002,2023,3,67,0,67,No adjustment
SC-HYD-0002,2023,4,59,0,59,
SC-HYD-0002,2023,5,33,12,45,Lead time consideration
SC-HYD-0002,2023,6,49,0,49,No adjustment
SC-HYD-0002,2023,7,74,0,74,No adjustment
SC-HYD-0002,2023,8,47,13,60,
SC-HYD-0002,2023,9,62,16,78,
SC-HYD-0002,2023,10,88,0,88,No adjustment
SC-HYD-0002,2023,11,62,0,62,No adjustment
SC-HYD-0002,2023,12,70,-14,56,Customer demand expectation
SC-HYD-0002,2024,1,122,0,122,
SC-HYD-0002,2024,2,77,-23,54,Customer demand expectation
SC-HYD-0002,2024,3,73,-18,55,Customer demand expectation
SC-HYD-0002,2024,4,44,-19,25,Customer demand expectation
SC-HYD-0002,2024,5,26,0,26,
SC-HYD-0002,2024,6,38,-14,24,Inventory consideration
SC-HYD-0002,2024,7,8,-3,5,Inventory consideration
SC-HYD-0002,2024,8,79,-35,44,Customer demand expectation
SC-HYD-0002,2024,9,24,-11,13,Inventory consideration
SC-HYD-0002,2024,10,0,0,0,Inventory consideration
SC-HYD-0002,2024,11,98,-31,67,Customer demand expectation
SC-HYD-0002,2024,12,73,0,73,No adjustment
SC-SUS-0002,2020,1,602,205,807,Lead time consideration
SC-SUS-0002,2020,2,500,-119,381,
SC-SUS-0002,2020,3,586,-191,395,Inventory consideration
SC-SUS-0002,2020,4,776,169,945,Customer demand expectation
SC-SUS-0002,2020,5,839,296,1135,Lead time consideration
SC-SUS-0002,2020,6,654,0,654,No adjustment
SC-SUS-0002,2020,7,714,-263,451,Customer demand expectation
SC-SUS-0002,2020,8,1124,329,1453,
SC-SUS-0002,2020,9,963,134,1097,Lead time consideration
SC-SUS-0002,2020,10,1108,0,1108,No adjustment
SC-SUS-0002,2020,11,903,-195,708,Inventory consideration
SC-SUS-0002,2020,12,875,0,875,
SC-SUS-0002,2021,1,894,134,1028,Lead time consideration
SC-SUS-0002,2021,2,1000,0,1000,No adjustment
SC-SUS-0002,2021,3,816,-156,660,Inventory consideration
SC-SUS-0002,2021,4,735,-271,464,Customer demand expectation
SC-SUS-0002,2021,5,1053,0,1053,
SC-SUS-0002,2021,6,793,-289,504,Inventory consideration
SC-SUS-0002,2021,7,804,0,804,
SC-SUS-0002,2021,8,789,182,971,Critical part requirement
SC-SUS-0002,2021,9,983,0,983,No adjustment
SC-SUS-0002,2021,10,573,79,652,Critical part requirement
SC-SUS-0002,2021,11,984,-172,812,
SC-SUS-0002,2021,12,1175,297,1472,Customer demand expectation
SC-SUS-0002,2022,1,1004,161,1165,Customer demand expectation
SC-SUS-0002,2022,2,1326,-507,819,Inventory consideration
SC-SUS-0002,2022,3,856,0,856,
SC-SUS-0002,2022,4,1062,-280,782,Inventory consideration
SC-SUS-0002,2022,5,886,-309,577,Customer demand expectation
SC-SUS-0002,2022,6,1233,0,1233,
SC-SUS-0002,2022,7,1005,-224,781,Customer demand expectation
SC-SUS-0002,2022,8,1161,-474,687,Customer demand expectation
SC-SUS-0002,2022,9,675,0,675,No adjustment
SC-SUS-0002,2022,10,851,0,851,
SC-SUS-0002,2022,11,715,0,715,
SC-SUS-0002,2022,12,924,-189,735,
SC-SUS-0002,2023,1,1115,-164,951,Inventory consideration
SC-SUS-0002,2023,2,963,-393,570,Inventory consideration
SC-SUS-0002,2023,3,911,129,1040,Customer demand expectation
SC-SUS-0002,2023,4,1206,0,1206,No adjustment
SC-SUS-0002,2023,5,1168,469,1637,Critical part requirement
SC-SUS-0002,2023,6,895,0,895,
SC-SUS-0002,2023,7,952,190,1142,Lead time consideration
SC-SUS-0002,2023,8,916,-395,521,Customer demand expectation
SC-SUS-0002,2023,9,948,0,948,
SC-SUS-0002,2023,10,976,0,976,No adjustment
SC-SUS-0002,2023,11,1010,0,1010,No adjustment
SC-SUS-0002,2023,12,980,0,980,No adjustment
SC-SUS-0002,2024,1,1132,-340,792,Inventory consideration
SC-SUS-0002,2024,2,1118,136,1254,Critical part requirement
SC-SUS-0002,2024,3,1425,0,1425,No adjustment
SC-SUS-0002,2024,4,1602,-667,935,Inventory consideration
SC-SUS-0002,2024,5,748,0,748,
SC-SUS-0002,2024,6,938,0,938,
SC-SUS-0002,2024,7,957,322,1279,Lead time consideration
SC-SUS-0002,2024,8,1024,-412,612,Customer demand expectation
SC-SUS-0002,2024,9,918,-360,558,Customer demand expectation
SC-SUS-0002,2024,10,1021,-412,609,Inventory consideration
SC-SUS-0002,2024,11,1150,0,1150,
SC-SUS-0002,2024,12,1201,289,1490,Critical part requirement
SC-HYD-0003,2020,1,274,-87,187,Customer demand expectation
SC-HYD-0003,2020,2,535,-172,363,Customer demand expectation
SC-HYD-0003,2020,3,477,141,618,Critical part requirement
SC-HYD-0003,2020,4,566,205,771,Lead time consideration
SC-HYD-0003,2020,5,563,0,563,
SC-HYD-0003,2020,6,619,277,896,Lead time consideration
SC-HYD-0003,2020,7,451,-65,386,
SC-HYD-0003,2020,8,763,163,926,Critical part requirement
SC-HYD-0003,2020,9,465,147,612,Customer demand expectation
SC-HYD-0003,2020,10,752,-281,471,Inventory consideration
SC-HYD-0003,2020,11,692,0,692,No adjustment
SC-HYD-0003,2020,12,523,0,523,No adjustment
SC-HYD-0003,2021,1,774,-247,527,Customer demand expectation
SC-HYD-0003,2021,2,995,-346,649,Customer demand expectation
SC-HYD-0003,2021,3,548,0,548,
SC-HYD-0003,2021,4,476,-181,295,Customer demand expectation
SC-HYD-0003,2021,5,830,0,830,No adjustment
SC-HYD-0003,2021,6,618,0,618,No adjustment
SC-HYD-0003,2021,7,682,-151,531,Customer demand expectation
SC-HYD-0003,2021,8,827,167,994,Critical part requirement
SC-HYD-0003,2021,9,1023,325,1348,Customer demand expectation
SC-HYD-0003,2021,10,1078,-334,744,Customer demand expectation
SC-HYD-0003,2021,11,788,-177,611,Customer demand expectation
SC-HYD-0003,2021,12,529,174,703,Critical part requirement
SC-HYD-0003,2022,1,948,0,948,No adjustment
SC-HYD-0003,2022,2,283,-124,159,Inventory consideration
SC-HYD-0003,2022,3,927,0,927,
SC-HYD-0003,2022,4,714,0,714,No adjustment
SC-HYD-0003,2022,5,538,188,726,Critical part requirement
SC-HYD-0003,2022,6,206,0,206,
SC-HYD-0003,2022,7,517,116,633,
SC-HYD-0003,2022,8,730,0,730,No adjustment
SC-HYD-0003,2022,9,297,-43,254,Customer demand expectation
SC-HYD-0003,2022,10,619,0,619,No adjustment
SC-HYD-0003,2022,11,587,216,803,Critical part requirement
SC-HYD-0003,2022,12,796,-170,626,Inventory consideration
SC-HYD-0003,2023,1,553,-207,346,
SC-HYD-0003,2023,2,1085,0,1085,
SC-HYD-0003,2023,3,905,387,1292,Lead time consideration
SC-HYD-0003,2023,4,580,0,580,
SC-HYD-0003,2023,5,483,147,630,Customer demand expectation
SC-HYD-0003,2023,6,857,336,1193,Lead time consideration
SC-HYD-0003,2023,7,536,-84,452,Inventory consideration
SC-HYD-0003,2023,8,1048,-176,872,Inventory consideration
SC-HYD-0003,2023,9,680,0,680,
SC-HYD-0003,2023,10,669,0,669,No adjustment
SC-HYD-0003,2023,11,452,0,452,
SC-HYD-0003,2023,12,540,58,598,Critical part requirement
SC-HYD-0003,2024,1,448,-171,277,Customer demand expectation
SC-HYD-0003,2024,2,487,63,550,Lead time consideration
SC-HYD-0003,2024,3,469,135,604,Critical part requirement
SC-HYD-0003,2024,4,824,191,1015,Customer demand expectation
SC-HYD-0003,2024,5,731,152,883,Critical part requirement
SC-HYD-0003,2024,6,1022,-112,910,Inventory consideration
SC-HYD-0003,2024,7,948,119,1067,Critical part requirement
SC-HYD-0003,2024,8,746,119,865,Critical part requirement
SC-HYD-0003,2024,9,991,-414,577,
SC-HYD-0003,2024,10,1016,-228,788,Inventory consideration
SC-HYD-0003,2024,11,912,0,912,
SC-HYD-0003,2024,12,823,0,823,No adjustment
SC-FUE-0002,2020,1,93,0,93,
SC-FUE-0002,2020,2,78,34,112,Critical part requirement
SC-FUE-0002,2020,3,158,46,204,Customer demand expectation
SC-FUE-0002,2020,4,228,-94,134,Customer demand expectation
SC-FUE-0002,2020,5,198,24,222,Critical part requirement
SC-FUE-0002,2020,6,345,-145,200,Inventory consideration
SC-FUE-0002,2020,7,418,65,483,Customer demand expectation
SC-FUE-0002,2020,8,301,37,338,Customer demand expectation
SC-FUE-0002,2020,9,354,-105,249,Customer demand expectation
SC-FUE-0002,2020,10,307,-42,265,Inventory consideration
SC-FUE-0002,2020,11,137,0,137,
SC-FUE-0002,2020,12,643,-149,494,Inventory consideration
SC-FUE-0002,2021,1,238,54,292,Customer demand expectation
SC-FUE-0002,2021,2,345,39,384,Customer demand expectation
SC-FUE-0002,2021,3,249,0,249,No adjustment
SC-FUE-0002,2021,4,191,-81,110,Inventory consideration
SC-FUE-0002,2021,5,414,-156,258,Inventory consideration
SC-FUE-0002,2021,6,650,0,650,No adjustment
SC-FUE-0002,2021,7,563,0,563,
SC-FUE-0002,2021,8,611,0,611,No adjustment
SC-FUE-0002,2021,9,343,0,343,
SC-FUE-0002,2021,10,174,-22,152,Inventory consideration
SC-FUE-0002,2021,11,403,41,444,Critical part requirement
SC-FUE-0002,2021,12,218,57,275,Lead time consideration
SC-FUE-0002,2022,1,521,215,736,Customer demand expectation
SC-FUE-0002,2022,2,240,-90,150,Inventory consideration
SC-FUE-0002,2022,3,330,0,330,No adjustment
SC-FUE-0002,2022,4,247,73,320,
SC-FUE-0002,2022,5,301,0,301,
SC-FUE-0002,2022,6,338,0,338,
SC-FUE-0002,2022,7,372,136,508,Lead time consideration
SC-FUE-0002,2022,8,327,-46,281,Inventory consideration
SC-FUE-0002,2022,9,391,0,391,No adjustment
SC-FUE-0002,2022,10,412,-67,345,Inventory consideration
SC-FUE-0002,2022,11,323,-61,262,Customer demand expectation
SC-FUE-0002,2022,12,403,165,568,Critical part requirement
SC-FUE-0002,2023,1,547,153,700,Customer demand expectation
SC-FUE-0002,2023,2,472,62,534,Critical part requirement
SC-FUE-0002,2023,3,582,82,664,Customer demand expectation
SC-FUE-0002,2023,4,568,0,568,No adjustment
SC-FUE-0002,2023,5,365,0,365,
SC-FUE-0002,2023,6,421,0,421,
SC-FUE-0002,2023,7,440,174,614,Customer demand expectation
SC-FUE-0002,2023,8,329,76,405,
SC-FUE-0002,2023,9,413,94,507,Customer demand expectation
SC-FUE-0002,2023,10,447,0,447,
SC-FUE-0002,2023,11,232,0,232,No adjustment
SC-FUE-0002,2023,12,474,132,606,Lead time consideration
SC-FUE-0002,2024,1,370,77,447,Lead time consideration
SC-FUE-0002,2024,2,380,40,420,Critical part requirement
SC-FUE-0002,2024,3,564,226,790,Lead time consideration
SC-FUE-0002,2024,4,421,-154,267,Customer demand expectation
SC-FUE-0002,2024,5,524,94,618,Critical part requirement
SC-FUE-0002,2024,6,577,173,750,Lead time consideration
SC-FUE-0002,2024,7,201,84,285,Critical part requirement
SC-FUE-0002,2024,8,353,-41,312,Customer demand expectation
SC-FUE-0002,2024,9,823,173,996,Lead time consideration
SC-FUE-0002,2024,10,416,133,549,Critical part requirement
SC-FUE-0002,2024,11,463,180,643,Critical part requirement
SC-FUE-0002,2024,12,372,140,512,Lead time consideration
SC-FLT-0002,2020,1,83,0,83,No adjustment
SC-FLT-0002,2020,2,192,75,267,Customer demand expectation
SC-FLT-0002,2020,3,309,88,397,Lead time consideration
SC-FLT-0002,2020,4,202,-67,135,Customer demand expectation
SC-FLT-0002,2020,5,118,44,162,Critical part requirement
SC-FLT-0002,2020,6,499,0,499,No adjustment
SC-FLT-0002,2020,7,385,77,462,
SC-FLT-0002,2020,8,877,298,1175,Lead time consideration
SC-FLT-0002,2020,9,819,246,1065,Lead time consideration
SC-FLT-0002,2020,10,909,-362,547,
SC-FLT-0002,2020,11,745,256,1001,Lead time consideration
SC-FLT-0002,2020,12,532,0,532,
SC-FLT-0002,2021,1,273,0,273,
SC-FLT-0002,2021,2,745,142,887,Critical part requirement
SC-FLT-0002,2021,3,418,-77,341,Inventory consideration
SC-FLT-0002,2021,4,603,254,857,
SC-FLT-0002,2021,5,406,0,406,
SC-FLT-0002,2021,6,679,245,924,Lead time consideration
SC-FLT-0002,2021,7,514,-147,367,Inventory consideration
SC-FLT-0002,2021,8,720,185,905,Critical part requirement
SC-FLT-0002,2021,9,623,-173,450,Customer demand expectation
SC-FLT-0002,2021,10,988,296,1284,Lead time consideration
SC-FLT-0002,2021,11,903,-381,522,Customer demand expectation
SC-FLT-0002,2021,12,781,146,927,Customer demand expectation
SC-FLT-0002,2022,1,1077,0,1077,No adjustment
SC-FLT-0002,2022,2,691,-87,604,Inventory consideration
SC-FLT-0002,2022,3,693,152,845,Lead time consideration
SC-FLT-0002,2022,4,701,0,701,No adjustment
SC-FLT-0002,2022,5,493,0,493,
SC-FLT-0002,2022,6,468,61,529,Critical part requirement
SC-FLT-0002,2022,7,585,185,770,Lead time consideration
SC-FLT-0002,2022,8,406,141,547,
SC-FLT-0002,2022,9,916,-291,625,Inventory consideration
SC-FLT-0002,2022,10,639,218,857,Lead time consideration
SC-FLT-0002,2022,11,824,291,1115,Critical part requirement
SC-FLT-0002,2022,12,639,148,787,Customer demand expectation
SC-FLT-0002,2023,1,844,183,1027,Critical part requirement
SC-FLT-0002,2023,2,980,0,980,No adjustment
SC-FLT-0002,2023,3,365,0,365,
SC-FLT-0002,2023,4,828,141,969,Critical part requirement
SC-FLT-0002,2023,5,472,0,472,
SC-FLT-0002,2023,6,794,293,1087,Lead time consideration
SC-FLT-0002,2023,7,1106,445,1551,Customer demand expectation
SC-FLT-0002,2023,8,1037,196,1233,Lead time consideration
SC-FLT-0002,2023,9,705,0,705,
SC-FLT-0002,2023,10,818,313,1131,Critical part requirement
SC-FLT-0002,2023,11,411,41,452,Lead time consideration
SC-FLT-0002,2023,12,647,0,647,
SC-FLT-0002,2024,1,800,0,800,No adjustment
SC-FLT-0002,2024,2,1298,478,1776,Lead time consideration
SC-FLT-0002,2024,3,460,168,628,Lead time consideration
SC-FLT-0002,2024,4,884,141,1025,Customer demand expectation
SC-FLT-0002,2024,5,546,-160,386,Inventory consideration
SC-FLT-0002,2024,6,1111,0,1111,No adjustment
SC-FLT-0002,2024,7,1217,-278,939,Customer demand expectation
SC-FLT-0002,2024,8,1628,353,1981,Lead time consideration
SC-FLT-0002,2024,9,1253,457,1710,Lead time consideration
SC-FLT-0002,2024,10,1176,500,1676,Customer demand expectation
SC-FLT-0002,2024,11,889,-229,660,Inventory consideration
SC-FLT-0002,2024,12,775,0,775,
SC-SUS-0003,2020,1,53,0,53,No adjustment
SC-SUS-0003,2020,2,51,-18,33,Customer demand expectation
SC-SUS-0003,2020,3,18,7,25,Lead time consideration
SC-SUS-0003,2020,4,38,0,38,
SC-SUS-0003,2020,5,11,-2,9,Customer demand expectation
SC-SUS-0003,2020,6,29,0,29,
SC-SUS-0003,2020,7,22,-3,19,
SC-SUS-0003,2020,8,39,-17,22,Customer demand expectation
SC-SUS-0003,2020,9,54,-15,39,Customer demand expectation
SC-SUS-0003,2020,10,71,-8,63,Customer demand expectation
SC-SUS-0003,2020,11,64,0,64,
SC-SUS-0003,2020,12,29,0,29,
SC-SUS-0003,2021,1,36,0,36,No adjustment
SC-SUS-0003,2021,2,97,20,117,Lead time consideration
SC-SUS-0003,2021,3,64,0,64,No adjustment
SC-SUS-0003,2021,4,27,-12,15,Inventory consideration
SC-SUS-0003,2021,5,21,-2,19,Customer demand expectation
SC-SUS-0003,2021,6,80,25,105,Critical part requirement
SC-SUS-0003,2021,7,103,-27,76,Inventory consideration
SC-SUS-0003,2021,8,34,-10,24,Inventory consideration
SC-SUS-0003,2021,9,96,-14,82,Inventory consideration
SC-SUS-0003,2021,10,53,-17,36,Inventory consideration
SC-SUS-0003,2021,11,63,-18,45,Inventory consideration
SC-SUS-0003,2021,12,62,-7,55,Inventory consideration
SC-SUS-0003,2022,1,70,0,70,No adjustment
SC-SUS-0003,2022,2,71,-12,59,
SC-SUS-0003,2022,3,97,0,97,No adjustment
SC-SUS-0003,2022,4,106,0,106,
SC-SUS-0003,2022,5,113,44,157,
SC-SUS-0003,2022,6,61,-11,50,
SC-SUS-0003,2022,7,152,-29,123,Inventory consideration
SC-SUS-0003,2022,8,74,32,106,Critical part requirement
SC-SUS-0003,2022,9,40,0,40,
SC-SUS-0003,2022,10,53,-15,38,Customer demand expectation
SC-SUS-0003,2022,11,83,-29,54,Customer demand expectation
SC-SUS-0003,2022,12,70,-29,41,Inventory consideration
SC-SUS-0003,2023,1,58,0,58,
SC-SUS-0003,2023,2,66,0,66,No adjustment
SC-SUS-0003,2023,3,32,9,41,Critical part requirement
SC-SUS-0003,2023,4,24,-2,22,Customer demand expectation
SC-SUS-0003,2023,5,84,-32,52,
SC-SUS-0003,2023,6,59,-12,47,Customer demand expectation
SC-SUS-0003,2023,7,51,-20,31,Inventory consideration
SC-SUS-0003,2023,8,83,-17,66,Customer demand expectation
SC-SUS-0003,2023,9,57,-24,33,Inventory consideration
SC-SUS-0003,2023,10,40,0,40,No adjustment
SC-SUS-0003,2023,11,75,-20,55,Customer demand expectation
SC-SUS-0003,2023,12,87,-24,63,Inventory consideration
SC-SUS-0003,2024,1,77,-16,61,Inventory consideration
SC-SUS-0003,2024,2,80,0,80,No adjustment
SC-SUS-0003,2024,3,27,0,27,No adjustment
SC-SUS-0003,2024,4,0,0,0,No adjustment
SC-SUS-0003,2024,5,148,0,148,
SC-SUS-0003,2024,6,50,-10,40,Customer demand expectation
SC-SUS-0003,2024,7,126,-21,105,Inventory consideration
SC-SUS-0003,2024,8,33,13,46,Customer demand expectation
SC-SUS-0003,2024,9,62,-22,40,Inventory consideration
SC-SUS-0003,2024,10,84,-17,67,Customer demand expectation
SC-SUS-0003,2024,11,68,-17,51,Customer demand expectation
SC-SUS-0003,2024,12,76,-13,63,Customer demand expectation
SC-TWA-0001,2020,1,341,37,378,Lead time consideration
SC-TWA-0001,2020,2,348,55,403,Critical part requirement
SC-TWA-0001,2020,3,236,59,295,Customer demand expectation
SC-TWA-0001,2020,4,423,-175,248,Customer demand expectation
SC-TWA-0001,2020,5,304,0,304,
SC-TWA-0001,2020,6,412,64,476,Lead time consideration
SC-TWA-0001,2020,7,264,0,264,
SC-TWA-0001,2020,8,726,75,801,Critical part requirement
SC-TWA-0001,2020,9,439,120,559,Critical part requirement
SC-TWA-0001,2020,10,500,137,637,Critical part requirement
SC-TWA-0001,2020,11,534,-214,320,Customer demand expectation
SC-TWA-0001,2020,12,962,99,1061,Critical part requirement
SC-TWA-0001,2021,1,463,-182,281,Inventory consideration
SC-TWA-0001,2021,2,477,55,532,Critical part requirement
SC-TWA-0001,2021,3,446,-64,382,Customer demand expectation
SC-TWA-0001,2021,4,184,39,223,Critical part requirement
SC-TWA-0001,2021,5,486,-152,334,Inventory consideration
SC-TWA-0001,2021,6,348,48,396,Critical part requirement
SC-TWA-0001,2021,7,384,137,521,Critical part requirement
SC-TWA-0001,2021,8,427,144,571,Customer demand expectation
SC-TWA-0001,2021,9,671,0,671,
SC-TWA-0001,2021,10,246,101,347,Critical part requirement
SC-TWA-0001,2021,11,461,-178,283,Customer demand expectation
SC-TWA-0001,2021,12,618,119,737,Customer demand expectation
SC-TWA-0001,2022,1,517,138,655,Customer demand expectation
SC-TWA-0001,2022,2,627,228,855,Customer demand expectation
SC-TWA-0001,2022,3,259,0,259,No adjustment
SC-TWA-0001,2022,4,676,-165,511,Customer demand expectation
SC-TWA-0001,2022,5,394,0,394,
SC-TWA-0001,2022,6,567,-145,422,Inventory consideration
SC-TWA-0001,2022,7,487,0,487,No adjustment
SC-TWA-0001,2022,8,666,-227,439,Customer demand expectation
SC-TWA-0001,2022,9,489,0,489,
SC-TWA-0001,2022,10,200,25,225,Customer demand expectation
SC-TWA-0001,2022,11,602,0,602,No adjustment
SC-TWA-0001,2022,12,332,-127,205,Inventory consideration
SC-TWA-0001,2023,1,619,-186,433,Inventory consideration
SC-TWA-0001,2023,2,364,148,512,Critical part requirement
SC-TWA-0001,2023,3,405,99,504,Customer demand expectation
SC-TWA-0001,2023,4,403,-157,246,Inventory consideration
SC-TWA-0001,2023,5,526,174,700,Customer demand expectation
SC-TWA-0001,2023,6,386,144,530,Lead time consideration
SC-TWA-0001,2023,7,485,69,554,Critical part requirement
SC-TWA-0001,2023,8,637,157,794,Customer demand expectation
SC-TWA-0001,2023,9,647,0,647,
SC-TWA-0001,2023,10,568,127,695,Customer demand expectation
SC-TWA-0001,2023,11,658,145,803,Lead time consideration
SC-TWA-0001,2023,12,533,230,763,Critical part requirement
SC-TWA-0001,2024,1,593,209,802,Critical part requirement
SC-TWA-0001,2024,2,459,123,582,Customer demand expectation
SC-TWA-0001,2024,3,692,238,930,Critical part requirement
SC-TWA-0001,2024,4,585,-145,440,Inventory consideration
SC-TWA-0001,2024,5,413,-65,348,Inventory consideration
SC-TWA-0001,2024,6,453,0,453,No adjustment
SC-TWA-0001,2024,7,539,235,774,Critical part requirement
SC-TWA-0001,2024,8,812,202,1014,Critical part requirement
SC-TWA-0001,2024,9,545,-112,433,Customer demand expectation
SC-TWA-0001,2024,10,482,140,622,Lead time consideration
SC-TWA-0001,2024,11,489,-125,364,Inventory consideration
SC-TWA-0001,2024,12,552,67,619,Lead time consideration
SC-FLT-0003,2020,1,86,-18,68,Customer demand expectation
SC-FLT-0003,2020,2,86,0,86,No adjustment
SC-FLT-0003,2020,3,358,-82,276,Customer demand expectation
SC-FLT-0003,2020,4,177,-33,144,
SC-FLT-0003,2020,5,230,-34,196,Customer demand expectation
SC-FLT-0003,2020,6,166,46,212,Customer demand expectation
SC-FLT-0003,2020,7,314,-48,266,Inventory consideration
SC-FLT-0003,2020,8,595,0,595,
SC-FLT-0003,2020,9,664,-185,479,Customer demand expectation
SC-FLT-0003,2020,10,631,0,631,
SC-FLT-0003,2020,11,340,-65,275,Inventory consideration
SC-FLT-0003,2020,12,358,74,432,Critical part requirement
SC-FLT-0003,2021,1,331,0,331,
SC-FLT-0003,2021,2,489,0,489,
SC-FLT-0003,2021,3,299,-113,186,Inventory consideration
SC-FLT-0003,2021,4,331,-108,223,Inventory consideration
SC-FLT-0003,2021,5,485,145,630,Critical part requirement
SC-FLT-0003,2021,6,401,-49,352,Customer demand expectation
SC-FLT-0003,2021,7,574,-111,463,Inventory consideration
SC-FLT-0003,2021,8,56,0,56,No adjustment
SC-FLT-0003,2021,9,378,138,516,Critical part requirement
SC-FLT-0003,2021,10,285,-93,192,Customer demand expectation
SC-FLT-0003,2021,11,394,-110,284,Inventory consideration
SC-FLT-0003,2021,12,377,0,377,No adjustment
SC-FLT-0003,2022,1,416,123,539,Lead time consideration
SC-FLT-0003,2022,2,613,-209,404,Inventory consideration
SC-FLT-0003,2022,3,392,-122,270,Customer demand expectation
SC-FLT-0003,2022,4,231,82,313,Customer demand expectation
SC-FLT-0003,2022,5,602,-201,401,Inventory consideration
SC-FLT-0003,2022,6,296,-117,179,Inventory consideration
SC-FLT-0003,2022,7,413,63,476,Lead time consideration
SC-FLT-0003,2022,8,613,73,686,
SC-FLT-0003,2022,9,764,0,764,
SC-FLT-0003,2022,10,625,0,625,No adjustment
SC-FLT-0003,2022,11,522,0,522,No adjustment
SC-FLT-0003,2022,12,500,182,682,Customer demand expectation
SC-FLT-0003,2023,1,386,-62,324,Inventory consideration
SC-FLT-0003,2023,2,336,147,483,Customer demand expectation
SC-FLT-0003,2023,3,519,0,519,
SC-FLT-0003,2023,4,804,205,1009,Lead time consideration
SC-FLT-0003,2023,5,335,-79,256,Customer demand expectation
SC-FLT-0003,2023,6,484,66,550,Lead time consideration
SC-FLT-0003,2023,7,808,0,808,
SC-FLT-0003,2023,8,536,0,536,No adjustment
SC-FLT-0003,2023,9,560,0,560,
SC-FLT-0003,2023,10,324,-94,230,Inventory consideration
SC-FLT-0003,2023,11,303,0,303,
SC-FLT-0003,2023,12,560,0,560,No adjustment
SC-FLT-0003,2024,1,166,0,166,
SC-FLT-0003,2024,2,504,0,504,
SC-FLT-0003,2024,3,597,0,597,No adjustment
SC-FLT-0003,2024,4,330,107,437,Lead time consideration
SC-FLT-0003,2024,5,546,0,546,No adjustment
SC-FLT-0003,2024,6,473,109,582,Critical part requirement
SC-FLT-0003,2024,7,684,0,684,
SC-FLT-0003,2024,8,967,-179,788,Customer demand expectation
SC-FLT-0003,2024,9,529,-171,358,Inventory consideration
SC-FLT-0003,2024,10,398,0,398,No adjustment
SC-FLT-0003,2024,11,594,0,594,No adjustment
SC-FLT-0003,2024,12,698,223,921,Customer demand expectation
SC-ENG-0003,2020,1,8,3,11,Lead time consideration
SC-ENG-0003,2020,2,6,2,8,Customer demand expectation
SC-ENG-0003,2020,3,3,0,3,
SC-ENG-0003,2020,4,5,0,5,No adjustment
SC-ENG-0003,2020,5,12,2,14,
SC-ENG-0003,2020,6,17,7,24,
SC-ENG-0003,2020,7,22,9,31,Lead time consideration
SC-ENG-0003,2020,8,4,0,4,
SC-ENG-0003,2020,9,7,-2,5,Inventory consideration
SC-ENG-0003,2020,10,12,5,17,Customer demand expectation
SC-ENG-0003,2020,11,26,8,34,Customer demand expectation
SC-ENG-0003,2020,12,15,4,19,
SC-ENG-0003,2021,1,13,-3,10,Inventory consideration
SC-ENG-0003,2021,2,28,10,38,Lead time consideration
SC-ENG-0003,2021,3,28,11,39,Critical part requirement
SC-ENG-0003,2021,4,18,7,25,Critical part requirement
SC-ENG-0003,2021,5,10,2,12,Critical part requirement
SC-ENG-0003,2021,6,6,0,6,
SC-ENG-0003,2021,7,23,0,23,
SC-ENG-0003,2021,8,18,4,22,Lead time consideration
SC-ENG-0003,2021,9,15,-7,8,Inventory consideration
SC-ENG-0003,2021,10,16,3,19,Lead time consideration
SC-ENG-0003,2021,11,17,3,20,Lead time consideration
SC-ENG-0003,2021,12,0,0,0,No adjustment
SC-ENG-0003,2022,1,16,-3,13,Inventory consideration
SC-ENG-0003,2022,2,6,1,7,Critical part requirement
SC-ENG-0003,2022,3,17,-2,15,Inventory consideration
SC-ENG-0003,2022,4,5,2,7,Customer demand expectation
SC-ENG-0003,2022,5,10,0,10,
SC-ENG-0003,2022,6,21,7,28,Critical part requirement
SC-ENG-0003,2022,7,18,8,26,Lead time consideration
SC-ENG-0003,2022,8,21,5,26,Customer demand expectation
SC-ENG-0003,2022,9,6,2,8,Critical part requirement
SC-ENG-0003,2022,10,17,0,17,No adjustment
SC-ENG-0003,2022,11,16,0,16,
SC-ENG-0003,2022,12,10,0,10,No adjustment
SC-ENG-0003,2023,1,27,0,27,
SC-ENG-0003,2023,2,8,2,10,Customer demand expectation
SC-ENG-0003,2023,3,1,0,1,Lead time consideration
SC-ENG-0003,2023,4,15,-7,8,Inventory consideration
SC-ENG-0003,2023,5,16,3,19,Critical part requirement
SC-ENG-0003,2023,6,14,5,19,Critical part requirement
SC-ENG-0003,2023,7,30,-6,24,Customer demand expectation
SC-ENG-0003,2023,8,28,10,38,Lead time consideration
SC-ENG-0003,2023,9,6,2,8,Customer demand expectation
SC-ENG-0003,2023,10,7,0,7,
SC-ENG-0003,2023,11,14,5,19,Customer demand expectation
SC-ENG-0003,2023,12,21,-5,16,Customer demand expectation
SC-ENG-0003,2024,1,32,0,32,
SC-ENG-0003,2024,2,12,4,16,Customer demand expectation
SC-ENG-0003,2024,3,8,2,10,Customer demand expectation
SC-ENG-0003,2024,4,23,8,31,Lead time consideration
SC-ENG-0003,2024,5,3,1,4,Customer demand expectation
SC-ENG-0003,2024,6,19,7,26,Critical part requirement
SC-ENG-0003,2024,7,9,2,11,Critical part requirement
SC-ENG-0003,2024,8,19,0,19,No adjustment
SC-ENG-0003,2024,9,30,0,30,No adjustment
SC-ENG-0003,2024,10,29,7,36,Lead time consideration
SC-ENG-0003,2024,11,20,8,28,Customer demand expectation
SC-ENG-0003,2024,12,5,-1,4,Inventory consideration
SC-SUS-0004,2020,1,1058,-385,673,
SC-SUS-0004,2020,2,942,184,1126,Customer demand expectation
SC-SUS-0004,2020,3,976,-419,557,
SC-SUS-0004,2020,4,1114,0,1114,
SC-SUS-0004,2020,5,1068,-428,640,Inventory consideration
SC-SUS-0004,2020,6,909,-359,550,Customer demand expectation
SC-SUS-0004,2020,7,889,-259,630,Customer demand expectation
SC-SUS-0004,2020,8,1249,0,1249,
SC-SUS-0004,2020,9,1182,-168,1014,Customer demand expectation
SC-SUS-0004,2020,10,1225,315,1540,Critical part requirement
SC-SUS-0004,2020,11,1294,0,1294,
SC-SUS-0004,2020,12,1347,0,1347,No adjustment
SC-SUS-0004,2021,1,1567,-199,1368,Customer demand expectation
SC-SUS-0004,2021,2,982,-172,810,Customer demand expectation
SC-SUS-0004,2021,3,811,-308,503,Inventory consideration
SC-SUS-0004,2021,4,913,-274,639,Customer demand expectation
SC-SUS-0004,2021,5,1714,480,2194,Critical part requirement
SC-SUS-0004,2021,6,944,0,944,No adjustment
SC-SUS-0004,2021,7,1399,259,1658,
SC-SUS-0004,2021,8,1304,414,1718,Lead time consideration
SC-SUS-0004,2021,9,1581,-249,1332,Inventory consideration
SC-SUS-0004,2021,10,1748,-430,1318,
SC-SUS-0004,2021,11,1419,0,1419,No adjustment
SC-SUS-0004,2021,12,1241,484,1725,Customer demand expectation
SC-SUS-0004,2022,1,1632,-442,1190,Customer demand expectation
SC-SUS-0004,2022,2,1729,0,1729,
SC-SUS-0004,2022,3,1334,0,1334,No adjustment
SC-SUS-0004,2022,4,920,199,1119,Lead time consideration
SC-SUS-0004,2022,5,2208,-600,1608,Customer demand expectation
SC-SUS-0004,2022,6,1467,0,1467,
SC-SUS-0004,2022,7,958,0,958,
SC-SUS-0004,2022,8,1460,632,2092,
SC-SUS-0004,2022,9,1411,0,1411,No adjustment
SC-SUS-0004,2022,10,1770,200,1970,Customer demand expectation
SC-SUS-0004,2022,11,1410,-343,1067,Inventory consideration
SC-SUS-0004,2022,12,2117,563,2680,Critical part requirement
SC-SUS-0004,2023,1,1453,0,1453,
SC-SUS-0004,2023,2,1938,0,1938,
SC-SUS-0004,2023,3,1510,372,1882,Customer demand expectation
SC-SUS-0004,2023,4,1649,609,2258,Customer demand expectation
SC-SUS-0004,2023,5,1415,240,1655,Critical part requirement
SC-SUS-0004,2023,6,1880,-543,1337,Inventory consideration
SC-SUS-0004,2023,7,2746,-424,2322,Customer demand expectation
SC-SUS-0004,2023,8,2060,607,2667,
SC-SUS-0004,2023,9,1516,0,1516,
SC-SUS-0004,2023,10,1952,639,2591,Customer demand expectation
SC-SUS-0004,2023,11,1479,0,1479,No adjustment
SC-SUS-0004,2023,12,1815,637,2452,Lead time consideration
SC-SUS-0004,2024,1,2196,956,3152,Customer demand expectation
SC-SUS-0004,2024,2,1990,361,2351,Lead time consideration
SC-SUS-0004,2024,3,2010,0,2010,
SC-SUS-0004,2024,4,1289,-426,863,Customer demand expectation
SC-SUS-0004,2024,5,1207,-539,668,Inventory consideration
SC-SUS-0004,2024,6,1194,491,1685,Lead time consideration
SC-SUS-0004,2024,7,1514,-550,964,Inventory consideration
SC-SUS-0004,2024,8,1921,-526,1395,Customer demand expectation
SC-SUS-0004,2024,9,3184,743,3927,Lead time consideration
SC-SUS-0004,2024,10,3167,-868,2299,
SC-SUS-0004,2024,11,2186,581,2767,Critical part requirement
SC-SUS-0004,2024,12,2383,-537,1846,Customer demand expectation
SC-FLT-0004,2020,1,31,0,31,No adjustment
SC-FLT-0004,2020,2,15,-6,9,Inventory consideration
SC-FLT-0004,2020,3,44,0,44,
SC-FLT-0004,2020,4,10,-4,6,Inventory consideration
SC-FLT-0004,2020,5,15,0,15,No adjustment
SC-FLT-0004,2020,6,24,-9,15,Customer demand expectation
SC-FLT-0004,2020,7,9,-2,7,Inventory consideration
SC-FLT-0004,2020,8,32,-9,23,
SC-FLT-0004,2020,9,56,-9,47,Customer demand expectation
SC-FLT-0004,2020,10,17,-6,11,Inventory consideration
SC-FLT-0004,2020,11,62,0,62,
SC-FLT-0004,2020,12,74,0,74,
SC-FLT-0004,2021,1,77,0,77,
SC-FLT-0004,2021,2,77,-28,49,Customer demand expectation
SC-FLT-0004,2021,3,37,0,37,
SC-FLT-0004,2021,4,77,-30,47,Customer demand expectation
SC-FLT-0004,2021,5,54,0,54,
SC-FLT-0004,2021,6,21,-5,16,Inventory consideration
SC-FLT-0004,2021,7,31,7,38,Customer demand expectation
SC-FLT-0004,2021,8,52,-17,35,Customer demand expectation
SC-FLT-0004,2021,9,103,-22,81,Inventory consideration
SC-FLT-0004,2021,10,20,-9,11,Customer demand expectation
SC-FLT-0004,2021,11,43,0,43,No adjustment
SC-FLT-0004,2021,12,79,0,79,
SC-FLT-0004,2022,1,21,0,21,No adjustment
SC-FLT-0004,2022,2,44,-6,38,Inventory consideration
SC-FLT-0004,2022,3,35,-7,28,Inventory consideration
SC-FLT-0004,2022,4,46,0,46,
SC-FLT-0004,2022,5,61,-13,48,Inventory consideration
SC-FLT-0004,2022,6,37,-13,24,Inventory consideration
SC-FLT-0004,2022,7,57,-11,46,Customer demand expectation
SC-FLT-0004,2022,8,37,-6,31,Inventory consideration
SC-FLT-0004,2022,9,48,-8,40,Customer demand expectation
SC-FLT-0004,2022,10,67,0,67,
SC-FLT-0004,2022,11,13,4,17,Customer demand expectation
SC-FLT-0004,2022,12,37,11,48,Lead time consideration
SC-FLT-0004,2023,1,92,-34,58,Customer demand expectation
SC-FLT-0004,2023,2,40,0,40,
SC-FLT-0004,2023,3,38,4,42,Critical part requirement
SC-FLT-0004,2023,4,56,0,56,
SC-FLT-0004,2023,5,72,0,72,
SC-FLT-0004,2023,6,82,-34,48,Customer demand expectation
SC-FLT-0004,2023,7,30,0,30,
SC-FLT-0004,2023,8,32,-14,18,Customer demand expectation
SC-FLT-0004,2023,9,0,0,0,Critical part requirement
SC-FLT-0004,2023,10,0,0,0,Lead time consideration
SC-FLT-0004,2023,11,72,0,72,
SC-FLT-0004,2023,12,28,-9,19,Customer demand expectation
SC-FLT-0004,2024,1,12,-4,8,Inventory consideration
SC-FLT-0004,2024,2,68,0,68,
SC-FLT-0004,2024,3,26,6,32,Critical part requirement
SC-FLT-0004,2024,4,59,-23,36,
SC-FLT-0004,2024,5,37,8,45,Customer demand expectation
SC-FLT-0004,2024,6,26,-4,22,Customer demand expectation
SC-FLT-0004,2024,7,52,-20,32,Customer demand expectation
SC-FLT-0004,2024,8,80,0,80,No adjustment
SC-FLT-0004,2024,9,52,0,52,No adjustment
SC-FLT-0004,2024,10,46,0,46,
SC-FLT-0004,2024,11,60,-16,44,Customer demand expectation
SC-FLT-0004,2024,12,2,0,2,Customer demand expectation
SC-HYD-0004,2020,1,842,-147,695,Customer demand expectation
SC-HYD-0004,2020,2,759,0,759,
SC-HYD-0004,2020,3,857,0,857,No adjustment
SC-HYD-0004,2020,4,1229,524,1753,Critical part requirement
SC-HYD-0004,2020,5,1196,205,1401,
SC-HYD-0004,2020,6,1487,-559,928,Inventory consideration
SC-HYD-0004,2020,7,1315,-553,762,Customer demand expectation
SC-HYD-0004,2020,8,1570,0,1570,
SC-HYD-0004,2020,9,1784,-212,1572,Inventory consideration
SC-HYD-0004,2020,10,1114,313,1427,Lead time consideration
SC-HYD-0004,2020,11,1634,0,1634,
SC-HYD-0004,2020,12,1840,-682,1158,Customer demand expectation
SC-HYD-0004,2021,1,1794,-361,1433,
SC-HYD-0004,2021,2,2154,586,2740,Customer demand expectation
SC-HYD-0004,2021,3,1749,299,2048,Critical part requirement
SC-HYD-0004,2021,4,1549,433,1982,Critical part requirement
SC-HYD-0004,2021,5,2192,0,2192,
SC-HYD-0004,2021,6,1985,425,2410,Lead time consideration
SC-HYD-0004,2021,7,1934,0,1934,No adjustment
SC-HYD-0004,2021,8,1740,-532,1208,Inventory consideration
SC-HYD-0004,2021,9,2098,787,2885,
SC-HYD-0004,2021,10,1057,0,1057,
SC-HYD-0004,2021,11,1089,241,1330,Critical part requirement
SC-HYD-0004,2021,12,1841,0,1841,No adjustment
SC-HYD-0004,2022,1,2043,-452,1591,Inventory consideration
SC-HYD-0004,2022,2,2240,-461,1779,Inventory consideration
SC-HYD-0004,2022,3,1843,-391,1452,Customer demand expectation
SC-HYD-0004,2022,4,1587,-487,1100,Inventory consideration
SC-HYD-0004,2022,5,1691,0,1691,No adjustment
SC-HYD-0004,2022,6,1992,-603,1389,Customer demand expectation
SC-HYD-0004,2022,7,2499,360,2859,Critical part requirement
SC-HYD-0004,2022,8,1227,407,1634,Lead time consideration
SC-HYD-0004,2022,9,1842,735,2577,Lead time consideration
SC-HYD-0004,2022,10,1348,172,1520,Critical part requirement
SC-HYD-0004,2022,11,1715,-414,1301,
SC-HYD-0004,2022,12,2027,0,2027,
SC-HYD-0004,2023,1,2243,-796,1447,
SC-HYD-0004,2023,2,2528,0,2528,
SC-HYD-0004,2023,3,3092,-980,2112,Inventory consideration
SC-HYD-0004,2023,4,4330,1079,5409,Critical part requirement
SC-HYD-0004,2023,5,2613,354,2967,
SC-HYD-0004,2023,6,1901,574,2475,Lead time consideration
SC-HYD-0004,2023,7,2853,295,3148,Customer demand expectation
SC-HYD-0004,2023,8,2127,0,2127,No adjustment
SC-HYD-0004,2023,9,2483,0,2483,
SC-HYD-0004,2023,10,2217,-368,1849,Inventory consideration
SC-HYD-0004,2023,11,2224,-524,1700,Inventory consideration
SC-HYD-0004,2023,12,2512,0,2512,
SC-HYD-0004,2024,1,2918,-862,2056,Customer demand expectation
SC-HYD-0004,2024,2,2268,0,2268,No adjustment
SC-HYD-0004,2024,3,1731,-708,1023,Inventory consideration
SC-HYD-0004,2024,4,1661,0,1661,No adjustment
SC-HYD-0004,2024,5,2055,-604,1451,Customer demand expectation
SC-HYD-0004,2024,6,2376,724,3100,
SC-HYD-0004,2024,7,2769,-1152,1617,Customer demand expectation
SC-HYD-0004,2024,8,2470,0,2470,
SC-HYD-0004,2024,9,2258,830,3088,Lead time consideration
SC-HYD-0004,2024,10,2579,0,2579,No adjustment
SC-HYD-0004,2024,11,2390,565,2955,Critical part requirement
SC-HYD-0004,2024,12,2600,464,3064,Lead time consideration
SC-FLT-0005,2020,1,968,188,1156,Critical part requirement
SC-FLT-0005,2020,2,867,-194,673,Inventory consideration
SC-FLT-0005,2020,3,1051,310,1361,Customer demand expectation
SC-FLT-0005,2020,4,1263,296,1559,Lead time consideration
SC-FLT-0005,2020,5,1297,176,1473,Critical part requirement
SC-FLT-0005,2020,6,1695,0,1695,
SC-FLT-0005,2020,7,1600,0,1600,
SC-FLT-0005,2020,8,1791,793,2584,Customer demand expectation
SC-FLT-0005,2020,9,1583,516,2099,Critical part requirement
SC-FLT-0005,2020,10,1567,433,2000,Lead time consideration
SC-FLT-0005,2020,11,1463,192,1655,Customer demand expectation
SC-FLT-0005,2020,12,1295,473,1768,Lead time consideration
SC-FLT-0005,2021,1,2126,-588,1538,Customer demand expectation
SC-FLT-0005,2021,2,1319,277,1596,Critical part requirement
SC-FLT-0005,2021,3,1228,414,1642,
SC-FLT-0005,2021,4,1623,-540,1083,Inventory consideration
SC-FLT-0005,2021,5,1517,350,1867,Lead time consideration
SC-FLT-0005,2021,6,2012,0,2012,No adjustment
SC-FLT-0005,2021,7,2052,0,2052,No adjustment
SC-FLT-0005,2021,8,1371,-438,933,
SC-FLT-0005,2021,9,1859,256,2115,Customer demand expectation
SC-FLT-0005,2021,10,1542,533,2075,Critical part requirement
SC-FLT-0005,2021,11,1454,449,1903,Customer demand expectation
SC-FLT-0005,2021,12,2124,515,2639,Lead time consideration
SC-FLT-0005,2022,1,1890,579,2469,Critical part requirement
SC-FLT-0005,2022,2,1439,0,1439,
SC-FLT-0005,2022,3,1582,708,2290,Customer demand expectation
SC-FLT-0005,2022,4,1509,676,2185,Critical part requirement
SC-FLT-0005,2022,5,2259,0,2259,No adjustment
SC-FLT-0005,2022,6,2916,-1087,1829,Inventory consideration
SC-FLT-0005,2022,7,2879,0,2879,No adjustment
SC-FLT-0005,2022,8,2145,382,2527,Lead time consideration
SC-FLT-0005,2022,9,1558,0,1558,
SC-FLT-0005,2022,10,1468,-174,1294,Inventory consideration
SC-FLT-0005,2022,11,1800,725,2525,Lead time consideration
SC-FLT-0005,2022,12,1817,558,2375,Critical part requirement
SC-FLT-0005,2023,1,2143,239,2382,Critical part requirement
SC-FLT-0005,2023,2,2154,937,3091,
SC-FLT-0005,2023,3,1723,174,1897,Customer demand expectation
SC-FLT-0005,2023,4,1831,-313,1518,Inventory consideration
SC-FLT-0005,2023,5,2687,0,2687,
SC-FLT-0005,2023,6,2544,1054,3598,Lead time consideration
SC-FLT-0005,2023,7,1403,590,1993,Critical part requirement
SC-FLT-0005,2023,8,2008,378,2386,Customer demand expectation
SC-FLT-0005,2023,9,2412,769,3181,Critical part requirement
SC-FLT-0005,2023,10,1681,694,2375,Critical part requirement
SC-FLT-0005,2023,11,1968,725,2693,Customer demand expectation
SC-FLT-0005,2023,12,1880,0,1880,No adjustment
SC-FLT-0005,2024,1,1835,-668,1167,Customer demand expectation
SC-FLT-0005,2024,2,1883,-586,1297,Inventory consideration
SC-FLT-0005,2024,3,2159,0,2159,
SC-FLT-0005,2024,4,2224,975,3199,
SC-FLT-0005,2024,5,1353,0,1353,
SC-FLT-0005,2024,6,2147,319,2466,
SC-FLT-0005,2024,7,2041,0,2041,No adjustment
SC-FLT-0005,2024,8,1785,737,2522,Customer demand expectation
SC-FLT-0005,2024,9,1890,0,1890,
SC-FLT-0005,2024,10,2392,0,2392,
SC-FLT-0005,2024,11,2393,-854,1539,Customer demand expectation
SC-FLT-0005,2024,12,1705,-486,1219,Customer demand expectation
SC-BRK-0001,2020,1,40,-15,25,Inventory consideration
SC-BRK-0001,2020,2,22,-7,15,Customer demand expectation
SC-BRK-0001,2020,3,1,0,1,
SC-BRK-0001,2020,4,73,28,101,Customer demand expectation
SC-BRK-0001,2020,5,27,-7,20,Customer demand expectation
SC-BRK-0001,2020,6,29,0,29,No adjustment
SC-BRK-0001,2020,7,48,-17,31,Inventory consideration
SC-BRK-0001,2020,8,29,5,34,Lead time consideration
SC-BRK-0001,2020,9,29,-6,23,Inventory consideration
SC-BRK-0001,2020,10,49,0,49,
SC-BRK-0001,2020,11,48,0,48,
SC-BRK-0001,2020,12,47,0,47,
SC-BRK-0001,2021,1,22,-8,14,
SC-BRK-0001,2021,2,73,-10,63,Customer demand expectation
SC-BRK-0001,2021,3,0,0,0,No adjustment
SC-BRK-0001,2021,4,30,-6,24,Customer demand expectation
SC-BRK-0001,2021,5,2,0,2,No adjustment
SC-BRK-0001,2021,6,9,3,12,
SC-BRK-0001,2021,7,45,0,45,
SC-BRK-0001,2021,8,95,0,95,No adjustment
SC-BRK-0001,2021,9,37,10,47,Customer demand expectation
SC-BRK-0001,2021,10,38,0,38,No adjustment
SC-BRK-0001,2021,11,21,6,27,Critical part requirement
SC-BRK-0001,2021,12,1,0,1,Customer demand expectation
SC-BRK-0001,2022,1,10,-3,7,Inventory consideration
SC-BRK-0001,2022,2,38,0,38,No adjustment
SC-BRK-0001,2022,3,63,14,77,Customer demand expectation
SC-BRK-0001,2022,4,30,-8,22,Customer demand expectation
SC-BRK-0001,2022,5,40,-18,22,
SC-BRK-0001,2022,6,14,-5,9,Inventory consideration
SC-BRK-0001,2022,7,53,0,53,No adjustment
SC-BRK-0001,2022,8,52,-7,45,Inventory consideration
SC-BRK-0001,2022,9,137,-20,117,Inventory consideration
SC-BRK-0001,2022,10,152,0,152,No adjustment
SC-BRK-0001,2022,11,0,0,0,
SC-BRK-0001,2022,12,43,-12,31,
SC-BRK-0001,2023,1,116,40,156,Lead time consideration
SC-BRK-0001,2023,2,159,0,159,
SC-BRK-0001,2023,3,110,-37,73,Inventory consideration
SC-BRK-0001,2023,4,99,26,125,Customer demand expectation
SC-BRK-0001,2023,5,30,-4,26,Customer demand expectation
SC-BRK-0001,2023,6,24,0,24,
SC-BRK-0001,2023,7,50,-14,36,Inventory consideration
SC-BRK-0001,2023,8,47,-12,35,Inventory consideration
SC-BRK-0001,2023,9,35,-8,27,Inventory consideration
SC-BRK-0001,2023,10,34,-14,20,
SC-BRK-0001,2023,11,52,-17,35,Customer demand expectation
SC-BRK-0001,2023,12,62,0,62,
SC-BRK-0001,2024,1,86,-24,62,Customer demand expectation
SC-BRK-0001,2024,2,37,-11,26,Inventory consideration
SC-BRK-0001,2024,3,41,-15,26,
SC-BRK-0001,2024,4,51,0,51,
SC-BRK-0001,2024,5,74,-13,61,
SC-BRK-0001,2024,6,67,-23,44,Inventory consideration
SC-BRK-0001,2024,7,33,-12,21,
SC-BRK-0001,2024,8,17,0,17,
SC-BRK-0001,2024,9,33,-4,29,Customer demand expectation
SC-BRK-0001,2024,10,15,-4,11,Inventory consideration
SC-BRK-0001,2024,11,0,0,0,
SC-BRK-0001,2024,12,32,-12,20,Inventory consideration
SC-SUS-0005,2020,1,8,-1,7,Inventory consideration
SC-SUS-0005,2020,2,31,10,41,Customer demand expectation
SC-SUS-0005,2020,3,56,-20,36,
SC-SUS-0005,2020,4,21,0,21,
SC-SUS-0005,2020,5,1,0,1,Customer demand expectation
SC-SUS-0005,2020,6,30,-5,25,Customer demand expectation
SC-SUS-0005,2020,7,73,32,105,
SC-SUS-0005,2020,8,24,0,24,
SC-SUS-0005,2020,9,23,7,30,Lead time consideration
SC-SUS-0005,2020,10,11,-5,6,Inventory consideration
SC-SUS-0005,2020,11,32,-9,23,Customer demand expectation
SC-SUS-0005,2020,12,64,-13,51,Customer demand expectation
SC-SUS-0005,2021,1,40,-4,36,Inventory consideration
SC-SUS-0005,2021,2,43,17,60,Customer demand expectation
SC-SUS-0005,2021,3,10,-3,7,Inventory consideration
SC-SUS-0005,2021,4,37,-14,23,Inventory consideration
SC-SUS-0005,2021,5,58,-17,41,Inventory consideration
SC-SUS-0005,2021,6,39,0,39,No adjustment
SC-SUS-0005,2021,7,19,-4,15,Customer demand expectation
SC-SUS-0005,2021,8,14,5,19,Customer demand expectation
SC-SUS-0005,2021,9,9,0,9,
SC-SUS-0005,2021,10,25,-10,15,Inventory consideration
SC-SUS-0005,2021,11,7,-2,5,Customer demand expectation
SC-SUS-0005,2021,12,33,0,33,
SC-SUS-0005,2022,1,18,0,18,
SC-SUS-0005,2022,2,12,0,12,No adjustment
SC-SUS-0005,2022,3,32,-12,20,Customer demand expectation
SC-SUS-0005,2022,4,22,0,22,No adjustment
SC-SUS-0005,2022,5,19,0,19,
SC-SUS-0005,2022,6,62,-13,49,Inventory consideration
SC-SUS-0005,2022,7,0,0,0,Customer demand expectation
SC-SUS-0005,2022,8,61,0,61,
SC-SUS-0005,2022,9,57,-6,51,Inventory consideration
SC-SUS-0005,2022,10,51,-7,44,Customer demand expectation
SC-SUS-0005,2022,11,46,0,46,No adjustment
SC-SUS-0005,2022,12,77,-15,62,Inventory consideration
SC-SUS-0005,2023,1,47,-21,26,Customer demand expectation
SC-SUS-0005,2023,2,78,-31,47,Customer demand expectation
SC-SUS-0005,2023,3,24,-6,18,Inventory consideration
SC-SUS-0005,2023,4,22,-7,15,Customer demand expectation
SC-SUS-0005,2023,5,34,-14,20,Customer demand expectation
SC-SUS-0005,2023,6,35,0,35,No adjustment
SC-SUS-0005,2023,7,7,-3,4,Customer demand expectation
SC-SUS-0005,2023,8,30,-10,20,Inventory consideration
SC-SUS-0005,2023,9,22,-6,16,Inventory consideration
SC-SUS-0005,2023,10,35,-13,22,Customer demand expectation
SC-SUS-0005,2023,11,54,-7,47,Customer demand expectation
SC-SUS-0005,2023,12,22,0,22,No adjustment
SC-SUS-0005,2024,1,21,4,25,Critical part requirement
SC-SUS-0005,2024,2,22,0,22,No adjustment
SC-SUS-0005,2024,3,34,-4,30,Inventory consideration
SC-SUS-0005,2024,4,72,0,72,
SC-SUS-0005,2024,5,76,-12,64,Inventory consideration
SC-SUS-0005,2024,6,32,-13,19,Customer demand expectation
SC-SUS-0005,2024,7,65,0,65,
SC-SUS-0005,2024,8,33,-8,25,Customer demand expectation
SC-SUS-0005,2024,9,67,-9,58,Inventory consideration
SC-SUS-0005,2024,10,37,-13,24,Customer demand expectation
SC-SUS-0005,2024,11,89,26,115,Customer demand expectation
SC-SUS-0005,2024,12,18,-6,12,Inventory consideration
SC-BRK-0002,2020,1,29,10,39,Customer demand expectation
SC-BRK-0002,2020,2,47,16,63,
SC-BRK-0002,2020,3,122,0,122,No adjustment
SC-BRK-0002,2020,4,53,13,66,Customer demand expectation
SC-BRK-0002,2020,5,70,12,82,Customer demand expectation
SC-BRK-0002,2020,6,66,22,88,Critical part requirement
SC-BRK-0002,2020,7,69,25,94,Lead time consideration
SC-BRK-0002,2020,8,0,0,0,Lead time consideration
SC-BRK-0002,2020,9,156,-64,92,Customer demand expectation
SC-BRK-0002,2020,10,94,17,111,Customer demand expectation
SC-BRK-0002,2020,11,24,8,32,
SC-BRK-0002,2020,12,81,17,98,Customer demand expectation
SC-BRK-0002,2021,1,114,29,143,Customer demand expectation
SC-BRK-0002,2021,2,153,63,216,Customer demand expectation
SC-BRK-0002,2021,3,58,7,65,Customer demand expectation
SC-BRK-0002,2021,4,40,6,46,Lead time consideration
SC-BRK-0002,2021,5,32,11,43,Customer demand expectation
SC-BRK-0002,2021,6,50,11,61,Customer demand expectation
SC-BRK-0002,2021,7,60,-10,50,Inventory consideration
SC-BRK-0002,2021,8,16,6,22,Critical part requirement
SC-BRK-0002,2021,9,41,0,41,No adjustment
SC-BRK-0002,2021,10,76,14,90,Critical part requirement
SC-BRK-0002,2021,11,70,13,83,Lead time consideration
SC-BRK-0002,2021,12,46,7,53,Lead time consideration
SC-BRK-0002,2022,1,147,34,181,Customer demand expectation
SC-BRK-0002,2022,2,205,0,205,
SC-BRK-0002,2022,3,191,0,191,
SC-BRK-0002,2022,4,48,-13,35,Inventory consideration
SC-BRK-0002,2022,5,134,-20,114,Inventory consideration
SC-BRK-0002,2022,6,90,0,90,No adjustment
SC-BRK-0002,2022,7,72,20,92,
SC-BRK-0002,2022,8,91,17,108,Critical part requirement
SC-BRK-0002,2022,9,53,8,61,Critical part requirement
SC-BRK-0002,2022,10,25,5,30,Lead time consideration
SC-BRK-0002,2022,11,64,20,84,Lead time consideration
SC-BRK-0002,2022,12,109,0,109,
SC-BRK-0002,2023,1,164,21,185,Customer demand expectation
SC-BRK-0002,2023,2,119,0,119,
SC-BRK-0002,2023,3,91,26,117,Critical part requirement
SC-BRK-0002,2023,4,2,0,2,No adjustment
SC-BRK-0002,2023,5,84,19,103,Critical part requirement
SC-BRK-0002,2023,6,118,0,118,No adjustment
SC-BRK-0002,2023,7,31,11,42,Critical part requirement
SC-BRK-0002,2023,8,165,52,217,Critical part requirement
SC-BRK-0002,2023,9,54,13,67,Critical part requirement
SC-BRK-0002,2023,10,57,11,68,Lead time consideration
SC-BRK-0002,2023,11,0,0,0,Lead time consideration
SC-BRK-0002,2023,12,117,34,151,Customer demand expectation
SC-BRK-0002,2024,1,148,15,163,Critical part requirement
SC-BRK-0002,2024,2,59,0,59,
SC-BRK-0002,2024,3,12,5,17,Customer demand expectation
SC-BRK-0002,2024,4,161,25,186,Customer demand expectation
SC-BRK-0002,2024,5,6,0,6,
SC-BRK-0002,2024,6,144,49,193,Customer demand expectation
SC-BRK-0002,2024,7,50,7,57,Lead time consideration
SC-BRK-0002,2024,8,1,0,1,Customer demand expectation
SC-BRK-0002,2024,9,91,14,105,Lead time consideration
SC-BRK-0002,2024,10,90,34,124,Critical part requirement
SC-BRK-0002,2024,11,70,20,90,Lead time consideration
SC-BRK-0002,2024,12,110,14,124,Customer demand expectation
SC-BRK-0003,2020,1,1383,-573,810,Inventory consideration
SC-BRK-0003,2020,2,1954,728,2682,Lead time consideration
SC-BRK-0003,2020,3,1869,520,2389,Critical part requirement
SC-BRK-0003,2020,4,1569,0,1569,No adjustment
SC-BRK-0003,2020,5,1979,751,2730,Lead time consideration
SC-BRK-0003,2020,6,2581,-993,1588,Customer demand expectation
SC-BRK-0003,2020,7,2092,-841,1251,Customer demand expectation
SC-BRK-0003,2020,8,2110,0,2110,No adjustment
SC-BRK-0003,2020,9,2694,-741,1953,Inventory consideration
SC-BRK-0003,2020,10,2189,-758,1431,Customer demand expectation
SC-BRK-0003,2020,11,1222,244,1466,Lead time consideration
SC-BRK-0003,2020,12,1510,0,1510,No adjustment
SC-BRK-0003,2021,1,1790,0,1790,No adjustment
SC-BRK-0003,2021,2,2007,0,2007,
SC-BRK-0003,2021,3,1711,0,1711,No adjustment
SC-BRK-0003,2021,4,2443,402,2845,Critical part requirement
SC-BRK-0003,2021,5,2014,-799,1215,Inventory consideration
SC-BRK-0003,2021,6,2981,912,3893,Customer demand expectation
SC-BRK-0003,2021,7,4079,0,4079,No adjustment
SC-BRK-0003,2021,8,2815,294,3109,Customer demand expectation
SC-BRK-0003,2021,9,2510,285,2795,Lead time consideration
SC-BRK-0003,2021,10,2655,-792,1863,Inventory consideration
SC-BRK-0003,2021,11,1824,0,1824,
SC-BRK-0003,2021,12,2607,0,2607,
SC-BRK-0003,2022,1,2373,-467,1906,Inventory consideration
SC-BRK-0003,2022,2,3001,1183,4184,Critical part requirement
SC-BRK-0003,2022,3,1743,426,2169,Lead time consideration
SC-BRK-0003,2022,4,2408,-886,1522,Inventory consideration
SC-BRK-0003,2022,5,2370,900,3270,Critical part requirement
SC-BRK-0003,2022,6,2629,-997,1632,Inventory consideration
SC-BRK-0003,2022,7,2680,757,3437,Lead time consideration
SC-BRK-0003,2022,8,3669,0,3669,No adjustment
SC-BRK-0003,2022,9,2502,-275,2227,Inventory consideration
SC-BRK-0003,2022,10,3088,1244,4332,Customer demand expectation
SC-BRK-0003,2022,11,2692,-822,1870,Customer demand expectation
SC-BRK-0003,2022,12,2678,0,2678,
SC-BRK-0003,2023,1,3984,-1387,2597,Customer demand expectation
SC-BRK-0003,2023,2,4124,0,4124,
SC-BRK-0003,2023,3,2650,-1191,1459,
SC-BRK-0003,2023,4,2430,0,2430,
SC-BRK-0003,2023,5,2533,696,3229,Critical part requirement
SC-BRK-0003,2023,6,2665,0,2665,No adjustment
SC-BRK-0003,2023,7,3153,0,3153,
SC-BRK-0003,2023,8,3839,-584,3255,Inventory consideration
SC-BRK-0003,2023,9,2436,1040,3476,Lead time consideration
SC-BRK-0003,2023,10,2379,-426,1953,Inventory consideration
SC-BRK-0003,2023,11,2927,-668,2259,Customer demand expectation
SC-BRK-0003,2023,12,2062,-561,1501,Inventory consideration
SC-BRK-0003,2024,1,2013,0,2013,
SC-BRK-0003,2024,2,3355,-766,2589,Inventory consideration
SC-BRK-0003,2024,3,2750,662,3412,Critical part requirement
SC-BRK-0003,2024,4,2894,0,2894,No adjustment
SC-BRK-0003,2024,5,4443,0,4443,
SC-BRK-0003,2024,6,5495,0,5495,
SC-BRK-0003,2024,7,4477,-697,3780,Customer demand expectation
SC-BRK-0003,2024,8,3219,0,3219,
SC-BRK-0003,2024,9,3146,0,3146,No adjustment
SC-BRK-0003,2024,10,2940,-1148,1792,Customer demand expectation
SC-BRK-0003,2024,11,2198,0,2198,No adjustment
SC-BRK-0003,2024,12,3128,0,3128,No adjustment
SC-FUE-0003,2020,1,25,0,25,No adjustment
SC-FUE-0003,2020,2,21,9,30,Lead time consideration
SC-FUE-0003,2020,3,68,0,68,
SC-FUE-0003,2020,4,78,0,78,No adjustment
SC-FUE-0003,2020,5,125,0,125,
SC-FUE-0003,2020,6,153,26,179,Critical part requirement
SC-FUE-0003,2020,7,172,71,243,Lead time consideration
SC-FUE-0003,2020,8,344,-39,305,Inventory consideration
SC-FUE-0003,2020,9,121,37,158,Lead time consideration
SC-FUE-0003,2020,10,178,-79,99,
SC-FUE-0003,2020,11,248,107,355,Customer demand expectation
SC-FUE-0003,2020,12,173,27,200,Customer demand expectation
SC-FUE-0003,2021,1,152,32,184,
SC-FUE-0003,2021,2,231,0,231,No adjustment
SC-FUE-0003,2021,3,179,0,179,No adjustment
SC-FUE-0003,2021,4,191,-46,145,Customer demand expectation
SC-FUE-0003,2021,5,253,61,314,Lead time consideration
SC-FUE-0003,2021,6,239,107,346,
SC-FUE-0003,2021,7,275,-107,168,Inventory consideration
SC-FUE-0003,2021,8,115,38,153,Lead time consideration
SC-FUE-0003,2021,9,107,29,136,Lead time consideration
SC-FUE-0003,2021,10,187,0,187,
SC-FUE-0003,2021,11,190,-24,166,Inventory consideration
SC-FUE-0003,2021,12,97,0,97,
SC-FUE-0003,2022,1,184,0,184,
SC-FUE-0003,2022,2,114,-19,95,Inventory consideration
SC-FUE-0003,2022,3,156,37,193,Critical part requirement
SC-FUE-0003,2022,4,201,0,201,No adjustment
SC-FUE-0003,2022,5,75,0,75,
SC-FUE-0003,2022,6,99,22,121,Critical part requirement
SC-FUE-0003,2022,7,186,0,186,
SC-FUE-0003,2022,8,187,34,221,Critical part requirement
SC-FUE-0003,2022,9,200,-78,122,Inventory consideration
SC-FUE-0003,2022,10,329,105,434,
SC-FUE-0003,2022,11,242,100,342,Critical part requirement
SC-FUE-0003,2022,12,146,58,204,Critical part requirement
SC-FUE-0003,2023,1,190,0,190,
SC-FUE-0003,2023,2,232,-34,198,Customer demand expectation
SC-FUE-0003,2023,3,183,-48,135,Customer demand expectation
SC-FUE-0003,2023,4,205,0,205,No adjustment
SC-FUE-0003,2023,5,177,0,177,No adjustment
SC-FUE-0003,2023,6,254,85,339,Lead time consideration
SC-FUE-0003,2023,7,143,23,166,Critical part requirement
SC-FUE-0003,2023,8,132,-14,118,Inventory consideration
SC-FUE-0003,2023,9,106,0,106,No adjustment
SC-FUE-0003,2023,10,157,16,173,Critical part requirement
SC-FUE-0003,2023,11,237,53,290,Critical part requirement
SC-FUE-0003,2023,12,190,-23,167,Inventory consideration
SC-FUE-0003,2024,1,250,0,250,
SC-FUE-0003,2024,2,231,63,294,Lead time consideration
SC-FUE-0003,2024,3,135,0,135,
SC-FUE-0003,2024,4,249,0,249,
SC-FUE-0003,2024,5,122,49,171,Customer demand expectation
SC-FUE-0003,2024,6,205,66,271,Customer demand expectation
SC-FUE-0003,2024,7,264,0,264,
SC-FUE-0003,2024,8,224,0,224,
SC-FUE-0003,2024,9,125,0,125,No adjustment
SC-FUE-0003,2024,10,245,0,245,No adjustment
SC-FUE-0003,2024,11,192,0,192,
SC-FUE-0003,2024,12,167,0,167,
SC-SUS-0006,2020,1,6,-2,4,Inventory consideration
SC-SUS-0006,2020,2,3,0,3,No adjustment
SC-SUS-0006,2020,3,9,0,9,
SC-SUS-0006,2020,4,43,-18,25,Customer demand expectation
SC-SUS-0006,2020,5,76,-26,50,Inventory consideration
SC-SUS-0006,2020,6,93,-32,61,Inventory consideration
SC-SUS-0006,2020,7,74,-13,61,Customer demand expectation
SC-SUS-0006,2020,8,86,0,86,
SC-SUS-0006,2020,9,55,-9,46,Inventory consideration
SC-SUS-0006,2020,10,63,-7,56,Customer demand expectation
SC-SUS-0006,2020,11,0,0,0,Customer demand expectation
SC-SUS-0006,2020,12,38,-17,21,Inventory consideration
SC-SUS-0006,2021,1,114,-18,96,Customer demand expectation
SC-SUS-0006,2021,2,130,0,130,No adjustment
SC-SUS-0006,2021,3,3,1,4,Customer demand expectation
SC-SUS-0006,2021,4,74,0,74,No adjustment
SC-SUS-0006,2021,5,85,0,85,
SC-SUS-0006,2021,6,88,-37,51,Inventory consideration
SC-SUS-0006,2021,7,134,0,134,
SC-SUS-0006,2021,8,116,44,160,Customer demand expectation
SC-SUS-0006,2021,9,33,0,33,No adjustment
SC-SUS-0006,2021,10,42,0,42,No adjustment
SC-SUS-0006,2021,11,174,-26,148,Customer demand expectation
SC-SUS-0006,2021,12,102,-40,62,Customer demand expectation
SC-SUS-0006,2022,1,151,16,167,Critical part requirement
SC-SUS-0006,2022,2,75,0,75,
SC-SUS-0006,2022,3,6,0,6,
SC-SUS-0006,2022,4,29,0,29,
SC-SUS-0006,2022,5,80,-18,62,Inventory consideration
SC-SUS-0006,2022,6,214,-66,148,
SC-SUS-0006,2022,7,184,-22,162,Customer demand expectation
SC-SUS-0006,2022,8,187,36,223,Lead time consideration
SC-SUS-0006,2022,9,32,0,32,No adjustment
SC-SUS-0006,2022,10,128,49,177,Critical part requirement
SC-SUS-0006,2022,11,187,0,187,No adjustment
SC-SUS-0006,2022,12,123,0,123,No adjustment
SC-SUS-0006,2023,1,50,-9,41,Customer demand expectation
SC-SUS-0006,2023,2,82,-9,73,Inventory consideration
SC-SUS-0006,2023,3,56,0,56,No adjustment
SC-SUS-0006,2023,4,46,0,46,No adjustment
SC-SUS-0006,2023,5,129,0,129,No adjustment
SC-SUS-0006,2023,6,130,39,169,Lead time consideration
SC-SUS-0006,2023,7,184,-57,127,Inventory consideration
SC-SUS-0006,2023,8,141,-53,88,Inventory consideration
SC-SUS-0006,2023,9,132,46,178,Lead time consideration
SC-SUS-0006,2023,10,172,-27,145,Inventory consideration
SC-SUS-0006,2023,11,48,-9,39,Customer demand expectation
SC-SUS-0006,2023,12,151,-44,107,Inventory consideration
SC-SUS-0006,2024,1,110,0,110,No adjustment
SC-SUS-0006,2024,2,92,37,129,Lead time consideration
SC-SUS-0006,2024,3,289,-111,178,Inventory consideration
SC-SUS-0006,2024,4,117,-22,95,
SC-SUS-0006,2024,5,40,-16,24,Inventory consideration
SC-SUS-0006,2024,6,150,-53,97,Customer demand expectation
SC-SUS-0006,2024,7,270,0,270,
SC-SUS-0006,2024,8,108,41,149,Customer demand expectation
SC-SUS-0006,2024,9,232,-64,168,Inventory consideration
SC-SUS-0006,2024,10,76,-11,65,Customer demand expectation
SC-SUS-0006,2024,11,130,-21,109,Customer demand expectation
SC-SUS-0006,2024,12,141,-36,105,Inventory consideration
SC-TWA-0002,2020,1,475,0,475,
SC-TWA-0002,2020,2,508,223,731,Lead time consideration
SC-TWA-0002,2020,3,646,0,646,
SC-TWA-0002,2020,4,949,140,1089,Lead time consideration
SC-TWA-0002,2020,5,1776,-762,1014,
SC-TWA-0002,2020,6,2503,1067,3570,Lead time consideration
SC-TWA-0002,2020,7,2363,0,2363,
SC-TWA-0002,2020,8,2869,427,3296,
SC-TWA-0002,2020,9,2362,0,2362,
SC-TWA-0002,2020,10,2302,414,2716,Critical part requirement
SC-TWA-0002,2020,11,2355,-1042,1313,Inventory consideration
SC-TWA-0002,2020,12,2088,815,2903,Critical part requirement
SC-TWA-0002,2021,1,1856,-808,1048,Customer demand expectation
SC-TWA-0002,2021,2,2493,0,2493,No adjustment
SC-TWA-0002,2021,3,2196,494,2690,Critical part requirement
SC-TWA-0002,2021,4,1957,0,1957,
SC-TWA-0002,2021,5,2689,454,3143,Lead time consideration
SC-TWA-0002,2021,6,2908,0,2908,No adjustment
SC-TWA-0002,2021,7,2904,311,3215,Critical part requirement
SC-TWA-0002,2021,8,2318,0,2318,No adjustment
SC-TWA-0002,2021,9,2962,551,3513,Lead time consideration
SC-TWA-0002,2021,10,2146,0,2146,
SC-TWA-0002,2021,11,2386,527,2913,Customer demand expectation
SC-TWA-0002,2021,12,1625,0,1625,No adjustment
SC-TWA-0002,2022,1,2210,236,2446,Critical part requirement
SC-TWA-0002,2022,2,2282,497,2779,Customer demand expectation
SC-TWA-0002,2022,3,1438,441,1879,Lead time consideration
SC-TWA-0002,2022,4,2797,-591,2206,Customer demand expectation
SC-TWA-0002,2022,5,2464,549,3013,Critical part requirement
SC-TWA-0002,2022,6,2270,681,2951,Customer demand expectation
SC-TWA-0002,2022,7,2750,-1074,1676,
SC-TWA-0002,2022,8,3099,1273,4372,Critical part requirement
SC-TWA-0002,2022,9,3454,0,3454,
SC-TWA-0002,2022,10,1917,607,2524,Lead time consideration
SC-TWA-0002,2022,11,2896,0,2896,No adjustment
SC-TWA-0002,2022,12,2161,-340,1821,Inventory consideration
SC-TWA-0002,2023,1,2374,0,2374,
SC-TWA-0002,2023,2,3500,0,3500,
SC-TWA-0002,2023,3,2823,-344,2479,
SC-TWA-0002,2023,4,1860,524,2384,Customer demand expectation
SC-TWA-0002,2023,5,2516,-296,2220,Inventory consideration
SC-TWA-0002,2023,6,2964,-720,2244,Customer demand expectation
SC-TWA-0002,2023,7,2481,305,2786,Critical part requirement
SC-TWA-0002,2023,8,2162,539,2701,
SC-TWA-0002,2023,9,3413,896,4309,Critical part requirement
SC-TWA-0002,2023,10,3106,774,3880,Lead time consideration
SC-TWA-0002,2023,11,2192,911,3103,Customer demand expectation
SC-TWA-0002,2023,12,2327,1025,3352,Customer demand expectation
SC-TWA-0002,2024,1,3182,1304,4486,Customer demand expectation
SC-TWA-0002,2024,2,2034,245,2279,Critical part requirement
SC-TWA-0002,2024,3,2652,0,2652,
SC-TWA-0002,2024,4,2519,0,2519,
SC-TWA-0002,2024,5,3100,503,3603,Customer demand expectation
SC-TWA-0002,2024,6,4065,1531,5596,Lead time consideration
SC-TWA-0002,2024,7,2866,1022,3888,Customer demand expectation
SC-TWA-0002,2024,8,2895,805,3700,Lead time consideration
SC-TWA-0002,2024,9,4040,0,4040,
SC-TWA-0002,2024,10,1812,748,2560,Critical part requirement
SC-TWA-0002,2024,11,2625,0,2625,No adjustment
SC-TWA-0002,2024,12,2553,315,2868,Customer demand expectation
SC-ENG-0004,2020,1,69,-9,60,Inventory consideration
SC-ENG-0004,2020,2,36,-11,25,Customer demand expectation
SC-ENG-0004,2020,3,68,-28,40,Inventory consideration
SC-ENG-0004,2020,4,73,-11,62,Inventory consideration
SC-ENG-0004,2020,5,2,-1,1,Inventory consideration
SC-ENG-0004,2020,6,72,-27,45,Customer demand expectation
SC-ENG-0004,2020,7,63,-6,57,Customer demand expectation
SC-ENG-0004,2020,8,0,0,0,Inventory consideration
SC-ENG-0004,2020,9,17,-2,15,Customer demand expectation
SC-ENG-0004,2020,10,44,-5,39,Inventory consideration
SC-ENG-0004,2020,11,126,-38,88,Inventory consideration
SC-ENG-0004,2020,12,0,0,0,Customer demand expectation
SC-ENG-0004,2021,1,76,-16,60,Inventory consideration
SC-ENG-0004,2021,2,25,-4,21,Inventory consideration
SC-ENG-0004,2021,3,0,0,0,Customer demand expectation
SC-ENG-0004,2021,4,67,19,86,Lead time consideration
SC-ENG-0004,2021,5,44,-16,28,Customer demand expectation
SC-ENG-0004,2021,6,57,-6,51,Inventory consideration
SC-ENG-0004,2021,7,113,-23,90,Inventory consideration
SC-ENG-0004,2021,8,60,-18,42,Inventory consideration
SC-ENG-0004,2021,9,54,-6,48,
SC-ENG-0004,2021,10,45,0,45,
SC-ENG-0004,2021,11,72,-19,53,Inventory consideration
SC-ENG-0004,2021,12,19,-5,14,Customer demand expectation
SC-ENG-0004,2022,1,56,6,62,Customer demand expectation
SC-ENG-0004,2022,2,30,-12,18,Customer demand expectation
SC-ENG-0004,2022,3,63,-12,51,Customer demand expectation
SC-ENG-0004,2022,4,44,0,44,
SC-ENG-0004,2022,5,80,-35,45,Customer demand expectation
SC-ENG-0004,2022,6,18,0,18,
SC-ENG-0004,2022,7,43,-10,33,Customer demand expectation
SC-ENG-0004,2022,8,56,-19,37,Inventory consideration
SC-ENG-0004,2022,9,88,-26,62,Inventory consideration
SC-ENG-0004,2022,10,15,-4,11,Inventory consideration
SC-ENG-0004,2022,11,98,40,138,Critical part requirement
SC-ENG-0004,2022,12,46,-15,31,Customer demand expectation
SC-ENG-0004,2023,1,76,0,76,
SC-ENG-0004,2023,2,77,-15,62,Customer demand expectation
SC-ENG-0004,2023,3,105,0,105,No adjustment
SC-ENG-0004,2023,4,130,29,159,Lead time consideration
SC-ENG-0004,2023,5,76,-27,49,Inventory consideration
SC-ENG-0004,2023,6,151,60,211,Lead time consideration
SC-ENG-0004,2023,7,82,-19,63,Inventory consideration
SC-ENG-0004,2023,8,24,-11,13,Customer demand expectation
SC-ENG-0004,2023,9,50,0,50,No adjustment
SC-ENG-0004,2023,10,31,0,31,No adjustment
SC-ENG-0004,2023,11,73,-19,54,Inventory consideration
SC-ENG-0004,2023,12,103,-41,62,Customer demand expectation
SC-ENG-0004,2024,1,37,0,37,
SC-ENG-0004,2024,2,43,-14,29,Inventory consideration
SC-ENG-0004,2024,3,99,0,99,No adjustment
SC-ENG-0004,2024,4,34,0,34,No adjustment
SC-ENG-0004,2024,5,30,11,41,Lead time consideration
SC-ENG-0004,2024,6,58,-19,39,Customer demand expectation
SC-ENG-0004,2024,7,112,-49,63,Customer demand expectation
SC-ENG-0004,2024,8,59,-26,33,Customer demand expectation
SC-ENG-0004,2024,9,83,-15,68,Inventory consideration
SC-ENG-0004,2024,10,54,0,54,
SC-ENG-0004,2024,11,41,-16,25,Customer demand expectation
SC-ENG-0004,2024,12,32,0,32,
SC-TWA-0003,2020,1,138,21,159,
SC-TWA-0003,2020,2,54,9,63,Customer demand expectation
SC-TWA-0003,2020,3,179,49,228,
SC-TWA-0003,2020,4,283,-56,227,Inventory consideration
SC-TWA-0003,2020,5,224,-45,179,Inventory consideration
SC-TWA-0003,2020,6,161,0,161,
SC-TWA-0003,2020,7,256,100,356,Customer demand expectation
SC-TWA-0003,2020,8,499,84,583,Customer demand expectation
SC-TWA-0003,2020,9,647,117,764,Critical part requirement
SC-TWA-0003,2020,10,573,0,573,No adjustment
SC-TWA-0003,2020,11,439,0,439,
SC-TWA-0003,2020,12,389,174,563,Critical part requirement
SC-TWA-0003,2021,1,487,150,637,Critical part requirement
SC-TWA-0003,2021,2,561,-128,433,Customer demand expectation
SC-TWA-0003,2021,3,489,0,489,No adjustment
SC-TWA-0003,2021,4,537,-144,393,Inventory consideration
SC-TWA-0003,2021,5,593,258,851,Lead time consideration
SC-TWA-0003,2021,6,407,71,478,Customer demand expectation
SC-TWA-0003,2021,7,1019,0,1019,No adjustment
SC-TWA-0003,2021,8,447,144,591,Customer demand expectation
SC-TWA-0003,2021,9,549,0,549,
SC-TWA-0003,2021,10,947,172,1119,Lead time consideration
SC-TWA-0003,2021,11,622,143,765,Customer demand expectation
SC-TWA-0003,2021,12,656,-268,388,Inventory consideration
SC-TWA-0003,2022,1,600,178,778,Critical part requirement
SC-TWA-0003,2022,2,507,-84,423,Customer demand expectation
SC-TWA-0003,2022,3,487,131,618,Customer demand expectation
SC-TWA-0003,2022,4,616,68,684,Lead time consideration
SC-TWA-0003,2022,5,435,171,606,Lead time consideration
SC-TWA-0003,2022,6,907,-243,664,
SC-TWA-0003,2022,7,816,0,816,
SC-TWA-0003,2022,8,520,77,597,
SC-TWA-0003,2022,9,772,0,772,
SC-TWA-0003,2022,10,549,142,691,Critical part requirement
SC-TWA-0003,2022,11,375,-112,263,Inventory consideration
SC-TWA-0003,2022,12,375,-72,303,Customer demand expectation
SC-TWA-0003,2023,1,553,188,741,
SC-TWA-0003,2023,2,482,0,482,No adjustment
SC-TWA-0003,2023,3,394,161,555,Critical part requirement
SC-TWA-0003,2023,4,417,83,500,Critical part requirement
SC-TWA-0003,2023,5,849,-293,556,Inventory consideration
SC-TWA-0003,2023,6,668,0,668,No adjustment
SC-TWA-0003,2023,7,202,35,237,Critical part requirement
SC-TWA-0003,2023,8,714,153,867,Customer demand expectation
SC-TWA-0003,2023,9,606,0,606,No adjustment
SC-TWA-0003,2023,10,624,91,715,Customer demand expectation
SC-TWA-0003,2023,11,667,152,819,Customer demand expectation
SC-TWA-0003,2023,12,842,296,1138,Customer demand expectation
SC-TWA-0003,2024,1,638,69,707,Critical part requirement
SC-TWA-0003,2024,2,545,212,757,Lead time consideration
SC-TWA-0003,2024,3,511,211,722,Critical part requirement
SC-TWA-0003,2024,4,433,47,480,Lead time consideration
SC-TWA-0003,2024,5,338,109,447,
SC-TWA-0003,2024,6,970,-258,712,Customer demand expectation
SC-TWA-0003,2024,7,770,109,879,Lead time consideration
SC-TWA-0003,2024,8,486,100,586,Customer demand expectation
SC-TWA-0003,2024,9,586,126,712,Customer demand expectation
SC-TWA-0003,2024,10,143,50,193,
SC-TWA-0003,2024,11,616,122,738,Customer demand expectation
SC-TWA-0003,2024,12,410,-163,247,Customer demand expectation
SC-TRN-0002,2020,1,335,0,335,
SC-TRN-0002,2020,2,329,-53,276,Inventory consideration
SC-TRN-0002,2020,3,81,-31,50,Customer demand expectation
SC-TRN-0002,2020,4,407,0,407,No adjustment
SC-TRN-0002,2020,5,630,-112,518,Inventory consideration
SC-TRN-0002,2020,6,396,-71,325,Inventory consideration
SC-TRN-0002,2020,7,1165,0,1165,No adjustment
SC-TRN-0002,2020,8,404,69,473,Customer demand expectation
SC-TRN-0002,2020,9,834,248,1082,Customer demand expectation
SC-TRN-0002,2020,10,348,0,348,
SC-TRN-0002,2020,11,323,-49,274,Customer demand expectation
SC-TRN-0002,2020,12,725,0,725,No adjustment
SC-TRN-0002,2021,1,637,190,827,Lead time consideration
SC-TRN-0002,2021,2,851,120,971,Critical part requirement
SC-TRN-0002,2021,3,295,-54,241,Inventory consideration
SC-TRN-0002,2021,4,489,0,489,No adjustment
SC-TRN-0002,2021,5,909,0,909,No adjustment
SC-TRN-0002,2021,6,1138,0,1138,
SC-TRN-0002,2021,7,1010,0,1010,
SC-TRN-0002,2021,8,712,0,712,No adjustment
SC-TRN-0002,2021,9,724,-311,413,Customer demand expectation
SC-TRN-0002,2021,10,954,-187,767,Customer demand expectation
SC-TRN-0002,2021,11,351,0,351,
SC-TRN-0002,2021,12,825,0,825,No adjustment
SC-TRN-0002,2022,1,841,-155,686,Inventory consideration
SC-TRN-0002,2022,2,868,0,868,
SC-TRN-0002,2022,3,769,0,769,
SC-TRN-0002,2022,4,1292,144,1436,Lead time consideration
SC-TRN-0002,2022,5,506,135,641,Customer demand expectation
SC-TRN-0002,2022,6,803,0,803,No adjustment
SC-TRN-0002,2022,7,518,-155,363,Inventory consideration
SC-TRN-0002,2022,8,1196,-473,723,
SC-TRN-0002,2022,9,927,0,927,
SC-TRN-0002,2022,10,708,-275,433,Inventory consideration
SC-TRN-0002,2022,11,1136,172,1308,Lead time consideration
SC-TRN-0002,2022,12,920,385,1305,Lead time consideration
SC-TRN-0002,2023,1,968,-167,801,Customer demand expectation
SC-TRN-0002,2023,2,820,0,820,No adjustment
SC-TRN-0002,2023,3,721,0,721,
SC-TRN-0002,2023,4,1209,344,1553,Critical part requirement
SC-TRN-0002,2023,5,1567,186,1753,Customer demand expectation
SC-TRN-0002,2023,6,835,152,987,Critical part requirement
SC-TRN-0002,2023,7,646,0,646,No adjustment
SC-TRN-0002,2023,8,939,178,1117,
SC-TRN-0002,2023,9,1524,617,2141,Lead time consideration
SC-TRN-0002,2023,10,1497,566,2063,Customer demand expectation
SC-TRN-0002,2023,11,778,0,778,
SC-TRN-0002,2023,12,598,0,598,No adjustment
SC-TRN-0002,2024,1,763,-276,487,Inventory consideration
SC-TRN-0002,2024,2,508,0,508,No adjustment
SC-TRN-0002,2024,3,1666,579,2245,
SC-TRN-0002,2024,4,1101,0,1101,
SC-TRN-0002,2024,5,1059,-189,870,Inventory consideration
SC-TRN-0002,2024,6,989,-359,630,Customer demand expectation
SC-TRN-0002,2024,7,1025,331,1356,Customer demand expectation
SC-TRN-0002,2024,8,1123,0,1123,
SC-TRN-0002,2024,9,861,-242,619,Customer demand expectation
SC-TRN-0002,2024,10,931,-391,540,Inventory consideration
SC-TRN-0002,2024,11,742,-140,602,Inventory consideration
SC-TRN-0002,2024,12,1120,0,1120,No adjustment
SC-SUS-0007,2020,1,814,0,814,No adjustment
SC-SUS-0007,2020,2,769,345,1114,Customer demand expectation
SC-SUS-0007,2020,3,879,261,1140,Lead time consideration
SC-SUS-0007,2020,4,1093,-276,817,Inventory consideration
SC-SUS-0007,2020,5,740,0,740,
SC-SUS-0007,2020,6,993,358,1351,Critical part requirement
SC-SUS-0007,2020,7,1361,335,1696,Lead time consideration
SC-SUS-0007,2020,8,1422,518,1940,Customer demand expectation
SC-SUS-0007,2020,9,1405,0,1405,No adjustment
SC-SUS-0007,2020,10,1204,344,1548,Customer demand expectation
SC-SUS-0007,2020,11,1221,0,1221,
SC-SUS-0007,2020,12,1588,0,1588,
SC-SUS-0007,2021,1,1049,0,1049,
SC-SUS-0007,2021,2,1216,0,1216,
SC-SUS-0007,2021,3,1071,141,1212,Critical part requirement
SC-SUS-0007,2021,4,1074,329,1403,Critical part requirement
SC-SUS-0007,2021,5,1255,-340,915,Customer demand expectation
SC-SUS-0007,2021,6,1408,0,1408,No adjustment
SC-SUS-0007,2021,7,1744,-744,1000,Inventory consideration
SC-SUS-0007,2021,8,1466,229,1695,Customer demand expectation
SC-SUS-0007,2021,9,1208,0,1208,
SC-SUS-0007,2021,10,1323,549,1872,Customer demand expectation
SC-SUS-0007,2021,11,1366,0,1366,
SC-SUS-0007,2021,12,906,133,1039,Lead time consideration
SC-SUS-0007,2022,1,1415,270,1685,Lead time consideration
SC-SUS-0007,2022,2,1172,0,1172,
SC-SUS-0007,2022,3,1150,-351,799,Inventory consideration
SC-SUS-0007,2022,4,945,0,945,
SC-SUS-0007,2022,5,1491,153,1644,Lead time consideration
SC-SUS-0007,2022,6,1199,0,1199,
SC-SUS-0007,2022,7,1120,177,1297,Critical part requirement
SC-SUS-0007,2022,8,1257,0,1257,
SC-SUS-0007,2022,9,825,0,825,No adjustment
SC-SUS-0007,2022,10,1199,127,1326,Customer demand expectation
SC-SUS-0007,2022,11,1212,256,1468,Customer demand expectation
SC-SUS-0007,2022,12,1189,247,1436,Customer demand expectation
SC-SUS-0007,2023,1,1261,141,1402,Critical part requirement
SC-SUS-0007,2023,2,1398,0,1398,
SC-SUS-0007,2023,3,1104,-333,771,Customer demand expectation
SC-SUS-0007,2023,4,1519,-561,958,Customer demand expectation
SC-SUS-0007,2023,5,1314,0,1314,
SC-SUS-0007,2023,6,1151,498,1649,Lead time consideration
SC-SUS-0007,2023,7,1339,165,1504,Critical part requirement
SC-SUS-0007,2023,8,1212,0,1212,
SC-SUS-0007,2023,9,1147,115,1262,Customer demand expectation
SC-SUS-0007,2023,10,1178,459,1637,Critical part requirement
SC-SUS-0007,2023,11,1232,478,1710,
SC-SUS-0007,2023,12,1652,641,2293,Customer demand expectation
SC-SUS-0007,2024,1,1567,-593,974,Inventory consideration
SC-SUS-0007,2024,2,1443,324,1767,Critical part requirement
SC-SUS-0007,2024,3,802,-167,635,Inventory consideration
SC-SUS-0007,2024,4,1167,499,1666,Customer demand expectation
SC-SUS-0007,2024,5,1167,-407,760,
SC-SUS-0007,2024,6,938,375,1313,Customer demand expectation
SC-SUS-0007,2024,7,1222,-421,801,Customer demand expectation
SC-SUS-0007,2024,8,1084,0,1084,
SC-SUS-0007,2024,9,1283,372,1655,Lead time consideration
SC-SUS-0007,2024,10,1216,-175,1041,Customer demand expectation
SC-SUS-0007,2024,11,960,300,1260,Critical part requirement
SC-SUS-0007,2024,12,1411,395,1806,Customer demand expectation
SC-FLT-0006,2020,1,380,75,455,Critical part requirement
SC-FLT-0006,2020,2,263,0,263,
SC-FLT-0006,2020,3,416,130,546,
SC-FLT-0006,2020,4,377,147,524,Customer demand expectation
SC-FLT-0006,2020,5,626,122,748,Critical part requirement
SC-FLT-0006,2020,6,339,98,437,Customer demand expectation
SC-FLT-0006,2020,7,443,-193,250,Inventory consideration
SC-FLT-0006,2020,8,202,42,244,Critical part requirement
SC-FLT-0006,2020,9,672,0,672,
SC-FLT-0006,2020,10,468,156,624,
SC-FLT-0006,2020,11,354,95,449,Customer demand expectation
SC-FLT-0006,2020,12,467,0,467,
SC-FLT-0006,2021,1,647,205,852,Lead time consideration
SC-FLT-0006,2021,2,444,152,596,Lead time consideration
SC-FLT-0006,2021,3,371,156,527,Customer demand expectation
SC-FLT-0006,2021,4,337,-96,241,Customer demand expectation
SC-FLT-0006,2021,5,288,-43,245,Inventory consideration
SC-FLT-0006,2021,6,337,0,337,
SC-FLT-0006,2021,7,408,165,573,Critical part requirement
SC-FLT-0006,2021,8,665,208,873,Critical part requirement
SC-FLT-0006,2021,9,399,100,499,Critical part requirement
SC-FLT-0006,2021,10,641,249,890,Critical part requirement
SC-FLT-0006,2021,11,653,0,653,No adjustment
SC-FLT-0006,2021,12,428,114,542,Critical part requirement
SC-FLT-0006,2022,1,434,-146,288,Customer demand expectation
SC-FLT-0006,2022,2,348,106,454,Lead time consideration
SC-FLT-0006,2022,3,657,189,846,Critical part requirement
SC-FLT-0006,2022,4,697,0,697,No adjustment
SC-FLT-0006,2022,5,570,-85,485,Inventory consideration
SC-FLT-0006,2022,6,618,139,757,Customer demand expectation
SC-FLT-0006,2022,7,466,186,652,Customer demand expectation
SC-FLT-0006,2022,8,764,257,1021,Lead time consideration
SC-FLT-0006,2022,9,978,430,1408,Lead time consideration
SC-FLT-0006,2022,10,450,126,576,Lead time consideration
SC-FLT-0006,2022,11,315,0,315,No adjustment
SC-FLT-0006,2022,12,440,160,600,Customer demand expectation
SC-FLT-0006,2023,1,565,-59,506,Customer demand expectation
SC-FLT-0006,2023,2,355,108,463,Critical part requirement
SC-FLT-0006,2023,3,274,117,391,Lead time consideration
SC-FLT-0006,2023,4,466,-50,416,Inventory consideration
SC-FLT-0006,2023,5,471,197,668,Lead time consideration
SC-FLT-0006,2023,6,303,0,303,
SC-FLT-0006,2023,7,472,158,630,Critical part requirement
SC-FLT-0006,2023,8,750,-213,537,
SC-FLT-0006,2023,9,845,-216,629,Customer demand expectation
SC-FLT-0006,2023,10,480,-67,413,Customer demand expectation
SC-FLT-0006,2023,11,227,-79,148,Customer demand expectation
SC-FLT-0006,2023,12,1148,-191,957,Customer demand expectation
SC-FLT-0006,2024,1,1049,-202,847,Inventory consideration
SC-FLT-0006,2024,2,979,316,1295,Lead time consideration
SC-FLT-0006,2024,3,1219,332,1551,Lead time consideration
SC-FLT-0006,2024,4,736,120,856,Critical part requirement
SC-FLT-0006,2024,5,818,-357,461,Customer demand expectation
SC-FLT-0006,2024,6,709,318,1027,Lead time consideration
SC-FLT-0006,2024,7,1032,121,1153,Critical part requirement
SC-FLT-0006,2024,8,809,0,809,
SC-FLT-0006,2024,9,733,0,733,
SC-FLT-0006,2024,10,504,216,720,Customer demand expectation
SC-FLT-0006,2024,11,519,-71,448,Inventory consideration
SC-FLT-0006,2024,12,543,0,543,
SC-SUS-0008,2020,1,911,126,1037,Lead time consideration
SC-SUS-0008,2020,2,846,294,1140,Lead time consideration
SC-SUS-0008,2020,3,895,-110,785,Customer demand expectation
SC-SUS-0008,2020,4,1509,0,1509,No adjustment
SC-SUS-0008,2020,5,1369,0,1369,
SC-SUS-0008,2020,6,1356,-242,1114,Customer demand expectation
SC-SUS-0008,2020,7,1195,-348,847,Customer demand expectation
SC-SUS-0008,2020,8,1338,354,1692,Lead time consideration
SC-SUS-0008,2020,9,1158,0,1158,No adjustment
SC-SUS-0008,2020,10,1300,0,1300,No adjustment
SC-SUS-0008,2020,11,1657,0,1657,No adjustment
SC-SUS-0008,2020,12,1316,-281,1035,Inventory consideration
SC-SUS-0008,2021,1,1301,0,1301,
SC-SUS-0008,2021,2,1303,419,1722,Critical part requirement
SC-SUS-0008,2021,3,1375,483,1858,Critical part requirement
SC-SUS-0008,2021,4,1370,0,1370,
SC-SUS-0008,2021,5,1503,-468,1035,Customer demand expectation
SC-SUS-0008,2021,6,995,200,1195,Critical part requirement
SC-SUS-0008,2021,7,1209,0,1209,
SC-SUS-0008,2021,8,788,-265,523,Customer demand expectation
SC-SUS-0008,2021,9,1311,-208,1103,Customer demand expectation
SC-SUS-0008,2021,10,814,0,814,
SC-SUS-0008,2021,11,1172,0,1172,
SC-SUS-0008,2021,12,1400,-624,776,Customer demand expectation
SC-SUS-0008,2022,1,1530,0,1530,
SC-SUS-0008,2022,2,1226,130,1356,Customer demand expectation
SC-SUS-0008,2022,3,1185,461,1646,Lead time consideration
SC-SUS-0008,2022,4,2033,0,2033,No adjustment
SC-SUS-0008,2022,5,1183,-481,702,Inventory consideration
SC-SUS-0008,2022,6,1525,-352,1173,Inventory consideration
SC-SUS-0008,2022,7,1394,-318,1076,Inventory consideration
SC-SUS-0008,2022,8,1541,-629,912,Inventory consideration
SC-SUS-0008,2022,9,1162,-386,776,Customer demand expectation
SC-SUS-0008,2022,10,1257,484,1741,Critical part requirement
SC-SUS-0008,2022,11,1312,424,1736,Customer demand expectation
SC-SUS-0008,2022,12,1734,274,2008,Customer demand expectation
SC-SUS-0008,2023,1,1312,-310,1002,Customer demand expectation
SC-SUS-0008,2023,2,1111,341,1452,Critical part requirement
SC-SUS-0008,2023,3,1634,0,1634,No adjustment
SC-SUS-0008,2023,4,1518,0,1518,No adjustment
SC-SUS-0008,2023,5,2067,-908,1159,Customer demand expectation
SC-SUS-0008,2023,6,1265,177,1442,
SC-SUS-0008,2023,7,2030,-443,1587,Inventory consideration
SC-SUS-0008,2023,8,1654,0,1654,
SC-SUS-0008,2023,9,1540,-259,1281,Inventory consideration
SC-SUS-0008,2023,10,1268,308,1576,Lead time consideration
SC-SUS-0008,2023,11,1569,652,2221,Critical part requirement
SC-SUS-0008,2023,12,1861,460,2321,Critical part requirement
SC-SUS-0008,2024,1,1839,199,2038,Lead time consideration
SC-SUS-0008,2024,2,1585,0,1585,
SC-SUS-0008,2024,3,1566,0,1566,
SC-SUS-0008,2024,4,1629,0,1629,
SC-SUS-0008,2024,5,1209,-528,681,Inventory consideration
SC-SUS-0008,2024,6,1573,-574,999,Customer demand expectation
SC-SUS-0008,2024,7,1702,731,2433,Critical part requirement
SC-SUS-0008,2024,8,1530,-441,1089,Inventory consideration
SC-SUS-0008,2024,9,1750,0,1750,
SC-SUS-0008,2024,10,1721,-395,1326,Inventory consideration
SC-SUS-0008,2024,11,1462,-562,900,Inventory consideration
SC-SUS-0008,2024,12,1711,0,1711,
SC-FUE-0004,2020,1,260,76,336,Customer demand expectation
SC-FUE-0004,2020,2,181,23,204,Customer demand expectation
SC-FUE-0004,2020,3,180,59,239,Lead time consideration
SC-FUE-0004,2020,4,147,23,170,
SC-FUE-0004,2020,5,145,0,145,
SC-FUE-0004,2020,6,89,29,118,Critical part requirement
SC-FUE-0004,2020,7,301,-62,239,Customer demand expectation
SC-FUE-0004,2020,8,194,0,194,
SC-FUE-0004,2020,9,190,80,270,
SC-FUE-0004,2020,10,185,-78,107,Inventory consideration
SC-FUE-0004,2020,11,324,-106,218,Inventory consideration
SC-FUE-0004,2020,12,212,57,269,Critical part requirement
SC-FUE-0004,2021,1,260,93,353,Customer demand expectation
SC-FUE-0004,2021,2,173,0,173,
SC-FUE-0004,2021,3,213,48,261,
SC-FUE-0004,2021,4,186,71,257,Customer demand expectation
SC-FUE-0004,2021,5,270,-95,175,Inventory consideration
SC-FUE-0004,2021,6,196,0,196,No adjustment
SC-FUE-0004,2021,7,224,64,288,Critical part requirement
SC-FUE-0004,2021,8,265,38,303,Customer demand expectation
SC-FUE-0004,2021,9,176,70,246,Customer demand expectation
SC-FUE-0004,2021,10,191,27,218,Customer demand expectation
SC-FUE-0004,2021,11,193,0,193,No adjustment
SC-FUE-0004,2021,12,237,-59,178,Inventory consideration
SC-FUE-0004,2022,1,147,0,147,
SC-FUE-0004,2022,2,290,-74,216,Inventory consideration
SC-FUE-0004,2022,3,178,54,232,Critical part requirement
SC-FUE-0004,2022,4,122,40,162,Customer demand expectation
SC-FUE-0004,2022,5,302,119,421,Critical part requirement
SC-FUE-0004,2022,6,227,0,227,
SC-FUE-0004,2022,7,299,95,394,
SC-FUE-0004,2022,8,150,0,150,No adjustment
SC-FUE-0004,2022,9,247,-57,190,Customer demand expectation
SC-FUE-0004,2022,10,276,122,398,Customer demand expectation
SC-FUE-0004,2022,11,239,41,280,Customer demand expectation
SC-FUE-0004,2022,12,253,-83,170,Customer demand expectation
SC-FUE-0004,2023,1,226,45,271,Lead time consideration
SC-FUE-0004,2023,2,270,-56,214,Inventory consideration
SC-FUE-0004,2023,3,244,65,309,Lead time consideration
SC-FUE-0004,2023,4,250,41,291,Lead time consideration
SC-FUE-0004,2023,5,195,0,195,No adjustment
SC-FUE-0004,2023,6,256,0,256,No adjustment
SC-FUE-0004,2023,7,207,61,268,Critical part requirement
SC-FUE-0004,2023,8,185,0,185,No adjustment
SC-FUE-0004,2023,9,151,23,174,Customer demand expectation
SC-FUE-0004,2023,10,229,86,315,
SC-FUE-0004,2023,11,242,86,328,Critical part requirement
SC-FUE-0004,2023,12,339,0,339,No adjustment
SC-FUE-0004,2024,1,234,0,234,
SC-FUE-0004,2024,2,269,107,376,Critical part requirement
SC-FUE-0004,2024,3,325,0,325,No adjustment
SC-FUE-0004,2024,4,225,0,225,
SC-FUE-0004,2024,5,231,57,288,
SC-FUE-0004,2024,6,173,0,173,No adjustment
SC-FUE-0004,2024,7,108,30,138,
SC-FUE-0004,2024,8,174,0,174,No adjustment
SC-FUE-0004,2024,9,338,54,392,Customer demand expectation
SC-FUE-0004,2024,10,196,73,269,Lead time consideration
SC-FUE-0004,2024,11,276,0,276,No adjustment
SC-FUE-0004,2024,12,304,0,304,No adjustment
SC-TRN-0003,2020,1,42,5,47,Lead time consideration
SC-TRN-0003,2020,2,0,0,0,Customer demand expectation
SC-TRN-0003,2020,3,25,0,25,No adjustment
SC-TRN-0003,2020,4,3,-1,2,Customer demand expectation
SC-TRN-0003,2020,5,9,-1,8,Inventory consideration
SC-TRN-0003,2020,6,22,-7,15,
SC-TRN-0003,2020,7,21,-2,19,Inventory consideration
SC-TRN-0003,2020,8,50,-17,33,Inventory consideration
SC-TRN-0003,2020,9,15,-5,10,
SC-TRN-0003,2020,10,50,-19,31,Inventory consideration
SC-TRN-0003,2020,11,31,0,31,
SC-TRN-0003,2020,12,31,0,31,No adjustment
SC-TRN-0003,2021,1,62,-22,40,Inventory consideration
SC-TRN-0003,2021,2,68,-26,42,Inventory consideration
SC-TRN-0003,2021,3,39,-9,30,Inventory consideration
SC-TRN-0003,2021,4,19,0,19,
SC-TRN-0003,2021,5,17,0,17,
SC-TRN-0003,2021,6,9,3,12,Critical part requirement
SC-TRN-0003,2021,7,48,0,48,No adjustment
SC-TRN-0003,2021,8,18,-6,12,Customer demand expectation
SC-TRN-0003,2021,9,13,0,13,No adjustment
SC-TRN-0003,2021,10,32,-11,21,Inventory consideration
SC-TRN-0003,2021,11,38,0,38,
SC-TRN-0003,2021,12,35,-14,21,Customer demand expectation
SC-TRN-0003,2022,1,59,11,70,Customer demand expectation
SC-TRN-0003,2022,2,14,-3,11,Customer demand expectation
SC-TRN-0003,2022,3,44,0,44,
SC-TRN-0003,2022,4,0,0,0,Customer demand expectation
SC-TRN-0003,2022,5,18,0,18,No adjustment
SC-TRN-0003,2022,6,19,4,23,Customer demand expectation
SC-TRN-0003,2022,7,44,-9,35,Customer demand expectation
SC-TRN-0003,2022,8,38,0,38,
SC-TRN-0003,2022,9,36,-14,22,Customer demand expectation
SC-TRN-0003,2022,10,26,8,34,Lead time consideration
SC-TRN-0003,2022,11,0,0,0,Inventory consideration
SC-TRN-0003,2022,12,19,-6,13,Inventory consideration
SC-TRN-0003,2023,1,25,-11,14,Customer demand expectation
SC-TRN-0003,2023,2,8,-1,7,Customer demand expectation
SC-TRN-0003,2023,3,16,0,16,
SC-TRN-0003,2023,4,21,-3,18,
SC-TRN-0003,2023,5,35,12,47,Lead time consideration
SC-TRN-0003,2023,6,23,3,26,Customer demand expectation
SC-TRN-0003,2023,7,38,-16,22,Customer demand expectation
SC-TRN-0003,2023,8,46,-9,37,Customer demand expectation
SC-TRN-0003,2023,9,16,-3,13,
SC-TRN-0003,2023,10,24,-10,14,Customer demand expectation
SC-TRN-0003,2023,11,20,-4,16,Inventory consideration
SC-TRN-0003,2023,12,44,-10,34,Customer demand expectation
SC-TRN-0003,2024,1,71,-20,51,Customer demand expectation
SC-TRN-0003,2024,2,24,7,31,Lead time consideration
SC-TRN-0003,2024,3,34,-11,23,Inventory consideration
SC-TRN-0003,2024,4,57,-6,51,Customer demand expectation
SC-TRN-0003,2024,5,42,0,42,
SC-TRN-0003,2024,6,25,0,25,No adjustment
SC-TRN-0003,2024,7,32,0,32,No adjustment
SC-TRN-0003,2024,8,43,0,43,No adjustment
SC-TRN-0003,2024,9,38,-5,33,Customer demand expectation
SC-TRN-0003,2024,10,49,-9,40,Customer demand expectation
SC-TRN-0003,2024,11,31,-12,19,Customer demand expectation
SC-TRN-0003,2024,12,14,-3,11,Customer demand expectation
SC-TRN-0004,2020,1,1378,317,1695,Customer demand expectation
SC-TRN-0004,2020,2,829,0,829,No adjustment
SC-TRN-0004,2020,3,834,0,834,No adjustment
SC-TRN-0004,2020,4,1422,-547,875,Inventory consideration
SC-TRN-0004,2020,5,1402,431,1833,Lead time consideration
SC-TRN-0004,2020,6,1299,201,1500,Critical part requirement
SC-TRN-0004,2020,7,1988,-385,1603,Inventory consideration
SC-TRN-0004,2020,8,2187,0,2187,No adjustment
SC-TRN-0004,2020,9,1712,194,1906,Critical part requirement
SC-TRN-0004,2020,10,1799,0,1799,
SC-TRN-0004,2020,11,1574,0,1574,No adjustment
SC-TRN-0004,2020,12,1787,-748,1039,Customer demand expectation
SC-TRN-0004,2021,1,1546,-653,893,Inventory consideration
SC-TRN-0004,2021,2,2127,601,2728,Lead time consideration
SC-TRN-0004,2021,3,1520,0,1520,
SC-TRN-0004,2021,4,1399,0,1399,
SC-TRN-0004,2021,5,1385,-596,789,Customer demand expectation
SC-TRN-0004,2021,6,1893,-769,1124,Inventory consideration
SC-TRN-0004,2021,7,1499,0,1499,
SC-TRN-0004,2021,8,1563,214,1777,Critical part requirement
SC-TRN-0004,2021,9,2464,-486,1978,Inventory consideration
SC-TRN-0004,2021,10,2135,0,2135,
SC-TRN-0004,2021,11,2260,-810,1450,
SC-TRN-0004,2021,12,1614,-542,1072,Customer demand expectation
SC-TRN-0004,2022,1,1607,-350,1257,Inventory consideration
SC-TRN-0004,2022,2,2250,-509,1741,Customer demand expectation
SC-TRN-0004,2022,3,1770,-515,1255,Inventory consideration
SC-TRN-0004,2022,4,2056,0,2056,No adjustment
SC-TRN-0004,2022,5,2210,-412,1798,Inventory consideration
SC-TRN-0004,2022,6,1273,0,1273,No adjustment
SC-TRN-0004,2022,7,1423,194,1617,Lead time consideration
SC-TRN-0004,2022,8,2490,557,3047,Lead time consideration
SC-TRN-0004,2022,9,2163,0,2163,
SC-TRN-0004,2022,10,1914,0,1914,No adjustment
SC-TRN-0004,2022,11,1271,-199,1072,Inventory consideration
SC-TRN-0004,2022,12,1625,-343,1282,Customer demand expectation
SC-TRN-0004,2023,1,1768,0,1768,No adjustment
SC-TRN-0004,2023,2,1586,427,2013,Lead time consideration
SC-TRN-0004,2023,3,1954,0,1954,
SC-TRN-0004,2023,4,1705,-746,959,Customer demand expectation
SC-TRN-0004,2023,5,2014,-326,1688,Customer demand expectation
SC-TRN-0004,2023,6,2021,0,2021,
SC-TRN-0004,2023,7,2482,954,3436,Customer demand expectation
SC-TRN-0004,2023,8,2404,0,2404,
SC-TRN-0004,2023,9,1972,0,1972,No adjustment
SC-TRN-0004,2023,10,1900,0,1900,
SC-TRN-0004,2023,11,1671,0,1671,
SC-TRN-0004,2023,12,2159,875,3034,Customer demand expectation
SC-TRN-0004,2024,1,2196,-842,1354,Customer demand expectation
SC-TRN-0004,2024,2,1362,0,1362,No adjustment
SC-TRN-0004,2024,3,2255,778,3033,
SC-TRN-0004,2024,4,2426,0,2426,
SC-TRN-0004,2024,5,2561,-465,2096,Customer demand expectation
SC-TRN-0004,2024,6,1759,0,1759,
SC-TRN-0004,2024,7,2185,-497,1688,Inventory consideration
SC-TRN-0004,2024,8,1997,0,1997,No adjustment
SC-TRN-0004,2024,9,2640,475,3115,Customer demand expectation
SC-TRN-0004,2024,10,2025,-759,1266,Inventory consideration
SC-TRN-0004,2024,11,1342,0,1342,No adjustment
SC-TRN-0004,2024,12,1767,-343,1424,Customer demand expectation
SC-FLT-0007,2020,1,147,63,210,Lead time consideration
SC-FLT-0007,2020,2,152,43,195,Customer demand expectation
SC-FLT-0007,2020,3,180,0,180,No adjustment
SC-FLT-0007,2020,4,151,28,179,
SC-FLT-0007,2020,5,254,0,254,No adjustment
SC-FLT-0007,2020,6,100,-31,69,
SC-FLT-0007,2020,7,176,76,252,Customer demand expectation
SC-FLT-0007,2020,8,243,-89,154,Inventory consideration
SC-FLT-0007,2020,9,290,65,355,
SC-FLT-0007,2020,10,322,-123,199,Inventory consideration
SC-FLT-0007,2020,11,275,0,275,
SC-FLT-0007,2020,12,245,0,245,
SC-FLT-0007,2021,1,264,0,264,
SC-FLT-0007,2021,2,245,0,245,
SC-FLT-0007,2021,3,337,106,443,Critical part requirement
SC-FLT-0007,2021,4,251,0,251,No adjustment
SC-FLT-0007,2021,5,131,-21,110,Inventory consideration
SC-FLT-0007,2021,6,196,-32,164,Inventory consideration
SC-FLT-0007,2021,7,220,31,251,Critical part requirement
SC-FLT-0007,2021,8,165,47,212,Critical part requirement
SC-FLT-0007,2021,9,95,-18,77,Customer demand expectation
SC-FLT-0007,2021,10,158,0,158,No adjustment
SC-FLT-0007,2021,11,385,0,385,No adjustment
SC-FLT-0007,2021,12,193,85,278,Critical part requirement
SC-FLT-0007,2022,1,293,-37,256,Inventory consideration
SC-FLT-0007,2022,2,212,48,260,Critical part requirement
SC-FLT-0007,2022,3,192,0,192,
SC-FLT-0007,2022,4,276,-51,225,Customer demand expectation
SC-FLT-0007,2022,5,266,-116,150,Customer demand expectation
SC-FLT-0007,2022,6,136,-55,81,Inventory consideration
SC-FLT-0007,2022,7,279,0,279,
SC-FLT-0007,2022,8,219,0,219,No adjustment
SC-FLT-0007,2022,9,313,-56,257,Customer demand expectation
SC-FLT-0007,2022,10,76,29,105,Lead time consideration
SC-FLT-0007,2022,11,226,0,226,
SC-FLT-0007,2022,12,385,-99,286,Inventory consideration
SC-FLT-0007,2023,1,158,-43,115,Customer demand expectation
SC-FLT-0007,2023,2,193,51,244,Critical part requirement
SC-FLT-0007,2023,3,348,0,348,No adjustment
SC-FLT-0007,2023,4,376,-80,296,Inventory consideration
SC-FLT-0007,2023,5,256,-35,221,Customer demand expectation
SC-FLT-0007,2023,6,325,-42,283,Inventory consideration
SC-FLT-0007,2023,7,505,0,505,
SC-FLT-0007,2023,8,267,63,330,Customer demand expectation
SC-FLT-0007,2023,9,242,0,242,
SC-FLT-0007,2023,10,352,0,352,
SC-FLT-0007,2023,11,393,52,445,Critical part requirement
SC-FLT-0007,2023,12,393,123,516,Customer demand expectation
SC-FLT-0007,2024,1,256,0,256,
SC-FLT-0007,2024,2,212,0,212,
SC-FLT-0007,2024,3,247,63,310,Lead time consideration
SC-FLT-0007,2024,4,385,-106,279,Customer demand expectation
SC-FLT-0007,2024,5,445,0,445,
SC-FLT-0007,2024,6,140,0,140,
SC-FLT-0007,2024,7,280,0,280,
SC-FLT-0007,2024,8,306,63,369,Lead time consideration
SC-FLT-0007,2024,9,316,0,316,No adjustment
SC-FLT-0007,2024,10,207,0,207,No adjustment
SC-FLT-0007,2024,11,348,0,348,
SC-FLT-0007,2024,12,202,22,224,Critical part requirement
SC-ELC-0001,2020,1,22,0,22,
SC-ELC-0001,2020,2,48,-20,28,Customer demand expectation
SC-ELC-0001,2020,3,34,-13,21,Inventory consideration
SC-ELC-0001,2020,4,83,0,83,
SC-ELC-0001,2020,5,37,-6,31,Inventory consideration
SC-ELC-0001,2020,6,28,0,28,
SC-ELC-0001,2020,7,79,-24,55,Customer demand expectation
SC-ELC-0001,2020,8,23,0,23,No adjustment
SC-ELC-0001,2020,9,102,-35,67,Customer demand expectation
SC-ELC-0001,2020,10,65,0,65,
SC-ELC-0001,2020,11,91,20,111,Critical part requirement
SC-ELC-0001,2020,12,83,0,83,
SC-ELC-0001,2021,1,70,-27,43,Customer demand expectation
SC-ELC-0001,2021,2,90,0,90,No adjustment
SC-ELC-0001,2021,3,3,-1,2,Inventory consideration
SC-ELC-0001,2021,4,18,-2,16,Inventory consideration
SC-ELC-0001,2021,5,77,31,108,Customer demand expectation
SC-ELC-0001,2021,6,30,-4,26,Inventory consideration
SC-ELC-0001,2021,7,123,-47,76,Customer demand expectation
SC-ELC-0001,2021,8,67,-9,58,
SC-ELC-0001,2021,9,114,0,114,No adjustment
SC-ELC-0001,2021,10,126,38,164,Lead time consideration
SC-ELC-0001,2021,11,115,-48,67,Inventory consideration
SC-ELC-0001,2021,12,52,-12,40,
SC-ELC-0001,2022,1,67,-24,43,Customer demand expectation
SC-ELC-0001,2022,2,106,0,106,
SC-ELC-0001,2022,3,166,-26,140,Inventory consideration
SC-ELC-0001,2022,4,97,-27,70,Customer demand expectation
SC-ELC-0001,2022,5,62,0,62,
SC-ELC-0001,2022,6,93,-22,71,Inventory consideration
SC-ELC-0001,2022,7,8,1,9,Customer demand expectation
SC-ELC-0001,2022,8,103,0,103,No adjustment
SC-ELC-0001,2022,9,36,-13,23,Customer demand expectation
SC-ELC-0001,2022,10,36,13,49,Lead time consideration
SC-ELC-0001,2022,11,128,-49,79,Inventory consideration
SC-ELC-0001,2022,12,63,-27,36,Customer demand expectation
SC-ELC-0001,2023,1,1,0,1,Inventory consideration
SC-ELC-0001,2023,2,114,43,157,Critical part requirement
SC-ELC-0001,2023,3,51,-14,37,Customer demand expectation
SC-ELC-0001,2023,4,184,-36,148,
SC-ELC-0001,2023,5,48,0,48,No adjustment
SC-ELC-0001,2023,6,129,-55,74,Inventory consideration
SC-ELC-0001,2023,7,209,-54,155,Inventory consideration
SC-ELC-0001,2023,8,85,-19,66,Inventory consideration
SC-ELC-0001,2023,9,133,-21,112,Customer demand expectation
SC-ELC-0001,2023,10,89,-31,58,Inventory consideration
SC-ELC-0001,2023,11,131,-43,88,Inventory consideration
SC-ELC-0001,2023,12,161,0,161,
SC-ELC-0001,2024,1,130,23,153,Critical part requirement
SC-ELC-0001,2024,2,53,-8,45,
SC-ELC-0001,2024,3,90,-16,74,Inventory consideration
SC-ELC-0001,2024,4,101,-42,59,Inventory consideration
SC-ELC-0001,2024,5,28,-4,24,Inventory consideration
SC-ELC-0001,2024,6,2,-1,1,
SC-ELC-0001,2024,7,118,22,140,Critical part requirement
SC-ELC-0001,2024,8,32,-10,22,Customer demand expectation
SC-ELC-0001,2024,9,166,-61,105,
SC-ELC-0001,2024,10,91,-40,51,Inventory consideration
SC-ELC-0001,2024,11,75,-19,56,Customer demand expectation
SC-ELC-0001,2024,12,93,-26,67,Customer demand expectation
SC-FUE-0005,2020,1,209,27,236,Critical part requirement
SC-FUE-0005,2020,2,69,0,69,
SC-FUE-0005,2020,3,246,0,246,
SC-FUE-0005,2020,4,118,52,170,Lead time consideration
SC-FUE-0005,2020,5,229,-53,176,Customer demand expectation
SC-FUE-0005,2020,6,366,-102,264,
SC-FUE-0005,2020,7,226,0,226,
SC-FUE-0005,2020,8,344,0,344,
SC-FUE-0005,2020,9,127,0,127,
SC-FUE-0005,2020,10,392,-140,252,Customer demand expectation
SC-FUE-0005,2020,11,474,0,474,No adjustment
SC-FUE-0005,2020,12,306,0,306,No adjustment
SC-FUE-0005,2021,1,351,-83,268,Inventory consideration
SC-FUE-0005,2021,2,298,0,298,
SC-FUE-0005,2021,3,364,-71,293,Inventory consideration
SC-FUE-0005,2021,4,380,-85,295,Customer demand expectation
SC-FUE-0005,2021,5,187,-52,135,Customer demand expectation
SC-FUE-0005,2021,6,197,47,244,Critical part requirement
SC-FUE-0005,2021,7,342,-149,193,Inventory consideration
SC-FUE-0005,2021,8,377,116,493,Lead time consideration
SC-FUE-0005,2021,9,262,0,262,
SC-FUE-0005,2021,10,369,104,473,
SC-FUE-0005,2021,11,264,51,315,Customer demand expectation
SC-FUE-0005,2021,12,438,57,495,Critical part requirement
SC-FUE-0005,2022,1,305,0,305,
SC-FUE-0005,2022,2,603,163,766,Critical part requirement
SC-FUE-0005,2022,3,349,-86,263,Inventory consideration
SC-FUE-0005,2022,4,475,-115,360,Inventory consideration
SC-FUE-0005,2022,5,403,0,403,No adjustment
SC-FUE-0005,2022,6,406,56,462,
SC-FUE-0005,2022,7,341,107,448,
SC-FUE-0005,2022,8,217,37,254,Critical part requirement
SC-FUE-0005,2022,9,434,0,434,No adjustment
SC-FUE-0005,2022,10,425,-188,237,Customer demand expectation
SC-FUE-0005,2022,11,322,0,322,No adjustment
SC-FUE-0005,2022,12,363,80,443,Lead time consideration
SC-FUE-0005,2023,1,371,-158,213,Inventory consideration
SC-FUE-0005,2023,2,276,0,276,
SC-FUE-0005,2023,3,241,0,241,
SC-FUE-0005,2023,4,214,-66,148,Inventory consideration
SC-FUE-0005,2023,5,248,36,284,Lead time consideration
SC-FUE-0005,2023,6,393,0,393,
SC-FUE-0005,2023,7,263,-104,159,Customer demand expectation
SC-FUE-0005,2023,8,124,-18,106,Inventory consideration
SC-FUE-0005,2023,9,275,0,275,
SC-FUE-0005,2023,10,417,102,519,Critical part requirement
SC-FUE-0005,2023,11,244,46,290,Customer demand expectation
SC-FUE-0005,2023,12,309,0,309,No adjustment
SC-FUE-0005,2024,1,332,-101,231,
SC-FUE-0005,2024,2,215,60,275,Critical part requirement
SC-FUE-0005,2024,3,194,-70,124,
SC-FUE-0005,2024,4,421,-111,310,Inventory consideration
SC-FUE-0005,2024,5,196,-56,140,Inventory consideration
SC-FUE-0005,2024,6,225,0,225,
SC-FUE-0005,2024,7,421,0,421,
SC-FUE-0005,2024,8,319,0,319,No adjustment
SC-FUE-0005,2024,9,425,-54,371,Customer demand expectation
SC-FUE-0005,2024,10,270,-64,206,Customer demand expectation
SC-FUE-0005,2024,11,200,-49,151,Inventory consideration
SC-FUE-0005,2024,12,177,-61,116,Customer demand expectation
SC-TWA-0004,2020,1,148,16,164,Customer demand expectation
SC-TWA-0004,2020,2,131,0,131,
SC-TWA-0004,2020,3,111,14,125,Lead time consideration
SC-TWA-0004,2020,4,220,0,220,
SC-TWA-0004,2020,5,216,55,271,Critical part requirement
SC-TWA-0004,2020,6,213,0,213,
SC-TWA-0004,2020,7,185,61,246,Customer demand expectation
SC-TWA-0004,2020,8,497,-55,442,Customer demand expectation
SC-TWA-0004,2020,9,337,47,384,Critical part requirement
SC-TWA-0004,2020,10,535,-72,463,Inventory consideration
SC-TWA-0004,2020,11,350,0,350,No adjustment
SC-TWA-0004,2020,12,236,51,287,Critical part requirement
SC-TWA-0004,2021,1,604,0,604,
SC-TWA-0004,2021,2,205,61,266,Customer demand expectation
SC-TWA-0004,2021,3,140,62,202,Critical part requirement
SC-TWA-0004,2021,4,222,76,298,
SC-TWA-0004,2021,5,351,0,351,No adjustment
SC-TWA-0004,2021,6,274,0,274,
SC-TWA-0004,2021,7,427,111,538,Customer demand expectation
SC-TWA-0004,2021,8,405,0,405,No adjustment
SC-TWA-0004,2021,9,259,-41,218,Customer demand expectation
SC-TWA-0004,2021,10,377,110,487,Lead time consideration
SC-TWA-0004,2021,11,527,0,527,
SC-TWA-0004,2021,12,482,0,482,
SC-TWA-0004,2022,1,409,175,584,Lead time consideration
SC-TWA-0004,2022,2,856,329,1185,Critical part requirement
SC-TWA-0004,2022,3,531,-64,467,Inventory consideration
SC-TWA-0004,2022,4,401,-53,348,Customer demand expectation
SC-TWA-0004,2022,5,483,110,593,Customer demand expectation
SC-TWA-0004,2022,6,402,0,402,No adjustment
SC-TWA-0004,2022,7,342,0,342,
SC-TWA-0004,2022,8,361,54,415,Customer demand expectation
SC-TWA-0004,2022,9,461,0,461,
SC-TWA-0004,2022,10,209,0,209,
SC-TWA-0004,2022,11,360,143,503,Customer demand expectation
SC-TWA-0004,2022,12,438,0,438,
SC-TWA-0004,2023,1,306,0,306,No adjustment
SC-TWA-0004,2023,2,393,0,393,
SC-TWA-0004,2023,3,254,0,254,No adjustment
SC-TWA-0004,2023,4,314,108,422,Critical part requirement
SC-TWA-0004,2023,5,391,-166,225,Customer demand expectation
SC-TWA-0004,2023,6,482,-154,328,Customer demand expectation
SC-TWA-0004,2023,7,544,-163,381,Customer demand expectation
SC-TWA-0004,2023,8,261,0,261,No adjustment
SC-TWA-0004,2023,9,608,255,863,Critical part requirement
SC-TWA-0004,2023,10,366,-145,221,Customer demand expectation
SC-TWA-0004,2023,11,477,158,635,Critical part requirement
SC-TWA-0004,2023,12,546,144,690,Lead time consideration
SC-TWA-0004,2024,1,488,145,633,Customer demand expectation
SC-TWA-0004,2024,2,536,-65,471,Inventory consideration
SC-TWA-0004,2024,3,530,228,758,Customer demand expectation
SC-TWA-0004,2024,4,505,200,705,Critical part requirement
SC-TWA-0004,2024,5,402,0,402,
SC-TWA-0004,2024,6,346,0,346,
SC-TWA-0004,2024,7,565,187,752,Lead time consideration
SC-TWA-0004,2024,8,314,-121,193,Inventory consideration
SC-TWA-0004,2024,9,539,-105,434,Inventory consideration
SC-TWA-0004,2024,10,239,50,289,Customer demand expectation
SC-TWA-0004,2024,11,190,37,227,Lead time consideration
SC-TWA-0004,2024,12,399,99,498,
SC-CLG-0002,2020,1,334,0,334,No adjustment
SC-CLG-0002,2020,2,340,115,455,
SC-CLG-0002,2020,3,132,57,189,Customer demand expectation
SC-CLG-0002,2020,4,579,0,579,No adjustment
SC-CLG-0002,2020,5,287,-89,198,Inventory consideration
SC-CLG-0002,2020,6,565,-140,425,Inventory consideration
SC-CLG-0002,2020,7,135,0,135,No adjustment
SC-CLG-0002,2020,8,687,-206,481,Inventory consideration
SC-CLG-0002,2020,9,458,0,458,No adjustment
SC-CLG-0002,2020,10,198,0,198,
SC-CLG-0002,2020,11,306,43,349,Lead time consideration
SC-CLG-0002,2020,12,484,0,484,
SC-CLG-0002,2021,1,291,0,291,
SC-CLG-0002,2021,2,625,0,625,No adjustment
SC-CLG-0002,2021,3,397,-119,278,Customer demand expectation
SC-CLG-0002,2021,4,651,0,651,
SC-CLG-0002,2021,5,382,-143,239,Customer demand expectation
SC-CLG-0002,2021,6,170,-21,149,Customer demand expectation
SC-CLG-0002,2021,7,324,0,324,No adjustment
SC-CLG-0002,2021,8,517,0,517,
SC-CLG-0002,2021,9,564,209,773,Customer demand expectation
SC-CLG-0002,2021,10,271,0,271,
SC-CLG-0002,2021,11,405,0,405,
SC-CLG-0002,2021,12,356,60,416,Customer demand expectation
SC-CLG-0002,2022,1,600,0,600,No adjustment
SC-CLG-0002,2022,2,562,237,799,Critical part requirement
SC-CLG-0002,2022,3,652,138,790,Customer demand expectation
SC-CLG-0002,2022,4,365,-158,207,Customer demand expectation
SC-CLG-0002,2022,5,190,71,261,
SC-CLG-0002,2022,6,485,-107,378,Customer demand expectation
SC-CLG-0002,2022,7,501,0,501,
SC-CLG-0002,2022,8,421,-187,234,Customer demand expectation
SC-CLG-0002,2022,9,623,-133,490,Customer demand expectation
SC-CLG-0002,2022,10,676,-93,583,Customer demand expectation
SC-CLG-0002,2022,11,642,0,642,No adjustment
SC-CLG-0002,2022,12,504,68,572,Critical part requirement
SC-CLG-0002,2023,1,617,220,837,Customer demand expectation
SC-CLG-0002,2023,2,259,-28,231,Customer demand expectation
SC-CLG-0002,2023,3,250,102,352,Critical part requirement
SC-CLG-0002,2023,4,690,-270,420,Customer demand expectation
SC-CLG-0002,2023,5,302,0,302,No adjustment
SC-CLG-0002,2023,6,305,0,305,No adjustment
SC-CLG-0002,2023,7,419,-128,291,
SC-CLG-0002,2023,8,325,0,325,No adjustment
SC-CLG-0002,2023,9,583,-192,391,Inventory consideration
SC-CLG-0002,2023,10,366,-152,214,Customer demand expectation
SC-CLG-0002,2023,11,315,42,357,Customer demand expectation
SC-CLG-0002,2023,12,545,219,764,Customer demand expectation
SC-CLG-0002,2024,1,431,-179,252,Inventory consideration
SC-CLG-0002,2024,2,504,0,504,No adjustment
SC-CLG-0002,2024,3,431,0,431,No adjustment
SC-CLG-0002,2024,4,576,61,637,Lead time consideration
SC-CLG-0002,2024,5,549,81,630,
SC-CLG-0002,2024,6,409,125,534,Critical part requirement
SC-CLG-0002,2024,7,507,190,697,Customer demand expectation
SC-CLG-0002,2024,8,479,0,479,No adjustment
SC-CLG-0002,2024,9,479,0,479,
SC-CLG-0002,2024,10,297,0,297,No adjustment
SC-CLG-0002,2024,11,1037,0,1037,No adjustment
SC-CLG-0002,2024,12,448,91,539,Customer demand expectation
SC-TRN-0005,2020,1,59,-24,35,Inventory consideration
SC-TRN-0005,2020,2,42,-16,26,Customer demand expectation
SC-TRN-0005,2020,3,39,-8,31,Customer demand expectation
SC-TRN-0005,2020,4,93,31,124,Critical part requirement
SC-TRN-0005,2020,5,39,0,39,
SC-TRN-0005,2020,6,158,-62,96,Customer demand expectation
SC-TRN-0005,2020,7,90,-24,66,Inventory consideration
SC-TRN-0005,2020,8,47,6,53,Critical part requirement
SC-TRN-0005,2020,9,69,0,69,
SC-TRN-0005,2020,10,105,-36,69,Customer demand expectation
SC-TRN-0005,2020,11,161,-56,105,Inventory consideration
SC-TRN-0005,2020,12,0,0,0,No adjustment
SC-TRN-0005,2021,1,200,-31,169,Inventory consideration
SC-TRN-0005,2021,2,157,0,157,No adjustment
SC-TRN-0005,2021,3,494,-108,386,Customer demand expectation
SC-TRN-0005,2021,4,388,-51,337,
SC-TRN-0005,2021,5,292,0,292,
SC-TRN-0005,2021,6,53,0,53,No adjustment
SC-TRN-0005,2021,7,0,0,0,Customer demand expectation
SC-TRN-0005,2021,8,149,45,194,Customer demand expectation
SC-TRN-0005,2021,9,235,-81,154,Customer demand expectation
SC-TRN-0005,2021,10,284,0,284,No adjustment
SC-TRN-0005,2021,11,118,0,118,
SC-TRN-0005,2021,12,115,-44,71,Customer demand expectation
SC-TRN-0005,2022,1,149,-65,84,Inventory consideration
SC-TRN-0005,2022,2,108,0,108,
SC-TRN-0005,2022,3,37,-9,28,Customer demand expectation
SC-TRN-0005,2022,4,131,-19,112,Customer demand expectation
SC-TRN-0005,2022,5,60,19,79,Critical part requirement
SC-TRN-0005,2022,6,130,20,150,Customer demand expectation
SC-TRN-0005,2022,7,30,12,42,Customer demand expectation
SC-TRN-0005,2022,8,141,53,194,Lead time consideration
SC-TRN-0005,2022,9,62,-8,54,Inventory consideration
SC-TRN-0005,2022,10,181,38,219,Lead time consideration
SC-TRN-0005,2022,11,150,0,150,No adjustment
SC-TRN-0005,2022,12,88,-18,70,Customer demand expectation
SC-TRN-0005,2023,1,133,-15,118,Customer demand expectation
SC-TRN-0005,2023,2,204,0,204,
SC-TRN-0005,2023,3,183,-40,143,Inventory consideration
SC-TRN-0005,2023,4,93,0,93,No adjustment
SC-TRN-0005,2023,5,122,-52,70,Customer demand expectation
SC-TRN-0005,2023,6,63,0,63,No adjustment
SC-TRN-0005,2023,7,138,0,138,
SC-TRN-0005,2023,8,78,0,78,
SC-TRN-0005,2023,9,131,-36,95,Customer demand expectation
SC-TRN-0005,2023,10,89,-30,59,Customer demand expectation
SC-TRN-0005,2023,11,12,0,12,
SC-TRN-0005,2023,12,233,0,233,
SC-TRN-0005,2024,1,108,-24,84,Inventory consideration
SC-TRN-0005,2024,2,104,0,104,
SC-TRN-0005,2024,3,69,-10,59,Inventory consideration
SC-TRN-0005,2024,4,137,-39,98,Customer demand expectation
SC-TRN-0005,2024,5,156,-58,98,
SC-TRN-0005,2024,6,118,19,137,Critical part requirement
SC-TRN-0005,2024,7,108,-17,91,Customer demand expectation
SC-TRN-0005,2024,8,179,0,179,No adjustment
SC-TRN-0005,2024,9,116,-40,76,Customer demand expectation
SC-TRN-0005,2024,10,224,30,254,Customer demand expectation
SC-TRN-0005,2024,11,196,-45,151,Inventory consideration
SC-TRN-0005,2024,12,37,-16,21,Customer demand expectation
SC-SUS-0009,2020,1,301,-62,239,Inventory consideration
SC-SUS-0009,2020,2,332,-133,199,Inventory consideration
SC-SUS-0009,2020,3,199,-48,151,Inventory consideration
SC-SUS-0009,2020,4,527,-57,470,Inventory consideration
SC-SUS-0009,2020,5,483,125,608,Critical part requirement
SC-SUS-0009,2020,6,575,0,575,No adjustment
SC-SUS-0009,2020,7,580,-184,396,Customer demand expectation
SC-SUS-0009,2020,8,418,-98,320,Inventory consideration
SC-SUS-0009,2020,9,751,131,882,Lead time consideration
SC-SUS-0009,2020,10,455,-141,314,Customer demand expectation
SC-SUS-0009,2020,11,407,0,407,
SC-SUS-0009,2020,12,363,-39,324,
SC-SUS-0009,2021,1,392,-159,233,Inventory consideration
SC-SUS-0009,2021,2,524,0,524,No adjustment
SC-SUS-0009,2021,3,296,60,356,Customer demand expectation
SC-SUS-0009,2021,4,165,43,208,Lead time consideration
SC-SUS-0009,2021,5,338,0,338,
SC-SUS-0009,2021,6,226,0,226,
SC-SUS-0009,2021,7,316,35,351,Critical part requirement
SC-SUS-0009,2021,8,313,0,313,No adjustment
SC-SUS-0009,2021,9,392,-111,281,
SC-SUS-0009,2021,10,406,56,462,Customer demand expectation
SC-SUS-0009,2021,11,328,-108,220,Customer demand expectation
SC-SUS-0009,2021,12,384,-141,243,Customer demand expectation
SC-SUS-0009,2022,1,518,171,689,Customer demand expectation
SC-SUS-0009,2022,2,596,-134,462,Inventory consideration
SC-SUS-0009,2022,3,581,194,775,Critical part requirement
SC-SUS-0009,2022,4,654,0,654,
SC-SUS-0009,2022,5,738,312,1050,Critical part requirement
SC-SUS-0009,2022,6,507,0,507,
SC-SUS-0009,2022,7,381,0,381,
SC-SUS-0009,2022,8,685,-134,551,Customer demand expectation
SC-SUS-0009,2022,9,446,0,446,
SC-SUS-0009,2022,10,298,99,397,Lead time consideration
SC-SUS-0009,2022,11,706,0,706,
SC-SUS-0009,2022,12,780,-174,606,Customer demand expectation
SC-SUS-0009,2023,1,853,0,853,No adjustment
SC-SUS-0009,2023,2,424,-44,380,Customer demand expectation
SC-SUS-0009,2023,3,463,0,463,
SC-SUS-0009,2023,4,204,30,234,Customer demand expectation
SC-SUS-0009,2023,5,345,0,345,
SC-SUS-0009,2023,6,506,-130,376,Inventory consideration
SC-SUS-0009,2023,7,416,105,521,Lead time consideration
SC-SUS-0009,2023,8,905,0,905,No adjustment
SC-SUS-0009,2023,9,611,213,824,Critical part requirement
SC-SUS-0009,2023,10,541,0,541,No adjustment
SC-SUS-0009,2023,11,518,0,518,
SC-SUS-0009,2023,12,749,-179,570,Inventory consideration
SC-SUS-0009,2024,1,579,0,579,
SC-SUS-0009,2024,2,798,0,798,No adjustment
SC-SUS-0009,2024,3,740,254,994,Critical part requirement
SC-SUS-0009,2024,4,517,0,517,
SC-SUS-0009,2024,5,435,0,435,
SC-SUS-0009,2024,6,735,304,1039,Lead time consideration
SC-SUS-0009,2024,7,392,0,392,No adjustment
SC-SUS-0009,2024,8,777,0,777,No adjustment
SC-SUS-0009,2024,9,502,67,569,Critical part requirement
SC-SUS-0009,2024,10,441,-80,361,Inventory consideration
SC-SUS-0009,2024,11,764,313,1077,Customer demand expectation
SC-SUS-0009,2024,12,490,0,490,
SC-FUE-0006,2020,1,0,0,0,Customer demand expectation
SC-FUE-0006,2020,2,0,0,0,Customer demand expectation
SC-FUE-0006,2020,3,2,0,2,Inventory consideration
SC-FUE-0006,2020,4,5,-2,3,Customer demand expectation
SC-FUE-0006,2020,5,2,0,2,Inventory consideration
SC-FUE-0006,2020,6,1,0,1,Inventory consideration
SC-FUE-0006,2020,7,3,0,3,No adjustment
SC-FUE-0006,2020,8,10,-2,8,Inventory consideration
SC-FUE-0006,2020,9,2,-1,1,Customer demand expectation
SC-FUE-0006,2020,10,5,-1,4,Inventory consideration
SC-FUE-0006,2020,11,15,-2,13,Customer demand expectation
SC-FUE-0006,2020,12,4,-1,3,Inventory consideration
SC-FUE-0006,2021,1,5,0,5,
SC-FUE-0006,2021,2,4,1,5,Critical part requirement
SC-FUE-0006,2021,3,5,-1,4,Inventory consideration
SC-FUE-0006,2021,4,1,0,1,Customer demand expectation
SC-FUE-0006,2021,5,5,-1,4,Inventory consideration
SC-FUE-0006,2021,6,8,0,8,No adjustment
SC-FUE-0006,2021,7,8,-1,7,Inventory consideration
SC-FUE-0006,2021,8,4,-1,3,Inventory consideration
SC-FUE-0006,2021,9,8,-3,5,
SC-FUE-0006,2021,10,0,0,0,Lead time consideration
SC-FUE-0006,2021,11,2,0,2,
SC-FUE-0006,2021,12,5,-2,3,Customer demand expectation
SC-FUE-0006,2022,1,6,-1,5,Inventory consideration
SC-FUE-0006,2022,2,11,-2,9,Inventory consideration
SC-FUE-0006,2022,3,6,-1,5,Customer demand expectation
SC-FUE-0006,2022,4,5,-1,4,Customer demand expectation
SC-FUE-0006,2022,5,3,0,3,No adjustment
SC-FUE-0006,2022,6,2,0,2,
SC-FUE-0006,2022,7,3,-1,2,Inventory consideration
SC-FUE-0006,2022,8,4,0,4,No adjustment
SC-FUE-0006,2022,9,3,0,3,
SC-FUE-0006,2022,10,2,0,2,No adjustment
SC-FUE-0006,2022,11,2,0,2,
SC-FUE-0006,2022,12,0,0,0,Inventory consideration
SC-FUE-0006,2023,1,1,0,1,
SC-FUE-0006,2023,2,0,0,0,Inventory consideration
SC-FUE-0006,2023,3,5,-1,4,Inventory consideration
SC-FUE-0006,2023,4,4,2,6,Customer demand expectation
SC-FUE-0006,2023,5,2,-1,1,Inventory consideration
SC-FUE-0006,2023,6,1,0,1,No adjustment
SC-FUE-0006,2023,7,1,0,1,No adjustment
SC-FUE-0006,2023,8,5,0,5,
SC-FUE-0006,2023,9,3,0,3,Customer demand expectation
SC-FUE-0006,2023,10,5,0,5,
SC-FUE-0006,2023,11,7,0,7,No adjustment
SC-FUE-0006,2023,12,2,0,2,Lead time consideration
SC-FUE-0006,2024,1,4,1,5,Critical part requirement
SC-FUE-0006,2024,2,7,0,7,
SC-FUE-0006,2024,3,7,0,7,No adjustment
SC-FUE-0006,2024,4,7,-2,5,
SC-FUE-0006,2024,5,4,1,5,Lead time consideration
SC-FUE-0006,2024,6,1,0,1,No adjustment
SC-FUE-0006,2024,7,4,0,4,No adjustment
SC-FUE-0006,2024,8,5,-1,4,Inventory consideration
SC-FUE-0006,2024,9,0,0,0,
SC-FUE-0006,2024,10,4,-1,3,Inventory consideration
SC-FUE-0006,2024,11,4,-2,2,Customer demand expectation
SC-FUE-0006,2024,12,1,0,1,
SC-HYD-0005,2020,1,41,0,41,No adjustment
SC-HYD-0005,2020,2,6,0,6,No adjustment
SC-HYD-0005,2020,3,22,-6,16,Inventory consideration
SC-HYD-0005,2020,4,62,25,87,Lead time consideration
SC-HYD-0005,2020,5,45,10,55,Critical part requirement
SC-HYD-0005,2020,6,88,0,88,
SC-HYD-0005,2020,7,29,0,29,
SC-HYD-0005,2020,8,27,0,27,No adjustment
SC-HYD-0005,2020,9,59,-18,41,Inventory consideration
SC-HYD-0005,2020,10,14,0,14,No adjustment
SC-HYD-0005,2020,11,56,-6,50,Customer demand expectation
SC-HYD-0005,2020,12,52,16,68,Critical part requirement
SC-HYD-0005,2021,1,73,-13,60,Inventory consideration
SC-HYD-0005,2021,2,72,0,72,
SC-HYD-0005,2021,3,68,0,68,No adjustment
SC-HYD-0005,2021,4,50,0,50,No adjustment
SC-HYD-0005,2021,5,47,0,47,
SC-HYD-0005,2021,6,104,0,104,
SC-HYD-0005,2021,7,27,-10,17,Inventory consideration
SC-HYD-0005,2021,8,63,0,63,
SC-HYD-0005,2021,9,61,0,61,
SC-HYD-0005,2021,10,62,-22,40,
SC-HYD-0005,2021,11,70,-28,42,Customer demand expectation
SC-HYD-0005,2021,12,0,0,0,Lead time consideration
SC-HYD-0005,2022,1,17,-7,10,Inventory consideration
SC-HYD-0005,2022,2,0,0,0,Inventory consideration
SC-HYD-0005,2022,3,82,0,82,
SC-HYD-0005,2022,4,45,0,45,
SC-HYD-0005,2022,5,57,-10,47,Customer demand expectation
SC-HYD-0005,2022,6,34,0,34,
SC-HYD-0005,2022,7,33,-9,24,
SC-HYD-0005,2022,8,16,-2,14,Customer demand expectation
SC-HYD-0005,2022,9,42,0,42,
SC-HYD-0005,2022,10,22,-9,13,Customer demand expectation
SC-HYD-0005,2022,11,80,-33,47,Inventory consideration
SC-HYD-0005,2022,12,14,3,17,Lead time consideration
SC-HYD-0005,2023,1,65,-20,45,Customer demand expectation
SC-HYD-0005,2023,2,97,-25,72,
SC-HYD-0005,2023,3,35,7,42,Critical part requirement
SC-HYD-0005,2023,4,69,0,69,
SC-HYD-0005,2023,5,40,0,40,No adjustment
SC-HYD-0005,2023,6,34,-15,19,Inventory consideration
SC-HYD-0005,2023,7,59,0,59,No adjustment
SC-HYD-0005,2023,8,62,-27,35,Inventory consideration
SC-HYD-0005,2023,9,32,-12,20,Customer demand expectation
SC-HYD-0005,2023,10,54,-6,48,Customer demand expectation
SC-HYD-0005,2023,11,24,-7,17,Inventory consideration
SC-HYD-0005,2023,12,31,-8,23,Inventory consideration
SC-HYD-0005,2024,1,40,-18,22,Inventory consideration
SC-HYD-0005,2024,2,42,-18,24,Inventory consideration
SC-HYD-0005,2024,3,46,-12,34,Customer demand expectation
SC-HYD-0005,2024,4,50,0,50,
SC-HYD-0005,2024,5,92,0,92,
SC-HYD-0005,2024,6,63,-16,47,Customer demand expectation
SC-HYD-0005,2024,7,102,-17,85,Inventory consideration
SC-HYD-0005,2024,8,25,-4,21,Customer demand expectation
SC-HYD-0005,2024,9,37,-11,26,Inventory consideration
SC-HYD-0005,2024,10,60,0,60,
SC-HYD-0005,2024,11,59,0,59,No adjustment
SC-HYD-0005,2024,12,58,0,58,No adjustment
SC-SUS-0010,2020,1,1281,-509,772,Customer demand expectation
SC-SUS-0010,2020,2,1185,119,1304,Customer demand expectation
SC-SUS-0010,2020,3,1366,0,1366,
SC-SUS-0010,2020,4,1369,415,1784,Critical part requirement
SC-SUS-0010,2020,5,2084,860,2944,Lead time consideration
SC-SUS-0010,2020,6,1989,268,2257,Customer demand expectation
SC-SUS-0010,2020,7,1976,-509,1467,Inventory consideration
SC-SUS-0010,2020,8,1900,0,1900,
SC-SUS-0010,2020,9,1641,416,2057,Lead time consideration
SC-SUS-0010,2020,10,1816,399,2215,
SC-SUS-0010,2020,11,1487,630,2117,Critical part requirement
SC-SUS-0010,2020,12,1568,662,2230,Critical part requirement
SC-SUS-0010,2021,1,1706,-648,1058,Inventory consideration
SC-SUS-0010,2021,2,2603,-540,2063,
SC-SUS-0010,2021,3,1823,627,2450,Lead time consideration
SC-SUS-0010,2021,4,1958,874,2832,Customer demand expectation
SC-SUS-0010,2021,5,2412,759,3171,Lead time consideration
SC-SUS-0010,2021,6,2120,0,2120,
SC-SUS-0010,2021,7,2926,958,3884,Customer demand expectation
SC-SUS-0010,2021,8,1685,306,1991,Customer demand expectation
SC-SUS-0010,2021,9,1511,373,1884,Critical part requirement
SC-SUS-0010,2021,10,2079,862,2941,Lead time consideration
SC-SUS-0010,2021,11,2020,0,2020,No adjustment
SC-SUS-0010,2021,12,2445,-1071,1374,
SC-SUS-0010,2022,1,1651,567,2218,
SC-SUS-0010,2022,2,1942,0,1942,
SC-SUS-0010,2022,3,1934,616,2550,Customer demand expectation
SC-SUS-0010,2022,4,1653,246,1899,Lead time consideration
SC-SUS-0010,2022,5,2558,1111,3669,Customer demand expectation
SC-SUS-0010,2022,6,1905,0,1905,
SC-SUS-0010,2022,7,2237,-846,1391,Inventory consideration
SC-SUS-0010,2022,8,2424,487,2911,Critical part requirement
SC-SUS-0010,2022,9,1230,266,1496,Lead time consideration
SC-SUS-0010,2022,10,1747,-289,1458,Inventory consideration
SC-SUS-0010,2022,11,2977,-681,2296,Customer demand expectation
SC-SUS-0010,2022,12,3339,1490,4829,Lead time consideration
SC-SUS-0010,2023,1,2380,686,3066,
SC-SUS-0010,2023,2,2668,580,3248,Customer demand expectation
SC-SUS-0010,2023,3,2171,240,2411,Customer demand expectation
SC-SUS-0010,2023,4,2136,278,2414,Critical part requirement
SC-SUS-0010,2023,5,2471,-792,1679,Customer demand expectation
SC-SUS-0010,2023,6,2846,1075,3921,
SC-SUS-0010,2023,7,2557,841,3398,Critical part requirement
SC-SUS-0010,2023,8,2831,0,2831,No adjustment
SC-SUS-0010,2023,9,2185,0,2185,
SC-SUS-0010,2023,10,2085,0,2085,
SC-SUS-0010,2023,11,1733,771,2504,Customer demand expectation
SC-SUS-0010,2023,12,2059,-207,1852,Inventory consideration
SC-SUS-0010,2024,1,2105,914,3019,Customer demand expectation
SC-SUS-0010,2024,2,2523,621,3144,Lead time consideration
SC-SUS-0010,2024,3,1799,292,2091,Lead time consideration
SC-SUS-0010,2024,4,2303,440,2743,Lead time consideration
SC-SUS-0010,2024,5,2314,885,3199,Customer demand expectation
SC-SUS-0010,2024,6,2508,-719,1789,Inventory consideration
SC-SUS-0010,2024,7,2424,0,2424,
SC-SUS-0010,2024,8,3189,918,4107,Customer demand expectation
SC-SUS-0010,2024,9,3546,920,4466,Lead time consideration
SC-SUS-0010,2024,10,2168,-238,1930,Customer demand expectation
SC-SUS-0010,2024,11,2109,277,2386,Critical part requirement
SC-SUS-0010,2024,12,2045,0,2045,No adjustment
SC-BRK-0004,2020,1,126,-41,85,Customer demand expectation
SC-BRK-0004,2020,2,108,28,136,Lead time consideration
SC-BRK-0004,2020,3,152,22,174,Lead time consideration
SC-BRK-0004,2020,4,197,-40,157,Customer demand expectation
SC-BRK-0004,2020,5,520,61,581,Critical part requirement
SC-BRK-0004,2020,6,409,51,460,Customer demand expectation
SC-BRK-0004,2020,7,622,-162,460,Customer demand expectation
SC-BRK-0004,2020,8,670,0,670,
SC-BRK-0004,2020,9,407,81,488,Lead time consideration
SC-BRK-0004,2020,10,485,0,485,
SC-BRK-0004,2020,11,551,0,551,No adjustment
SC-BRK-0004,2020,12,568,244,812,Critical part requirement
SC-BRK-0004,2021,1,727,-188,539,Customer demand expectation
SC-BRK-0004,2021,2,1140,0,1140,No adjustment
SC-BRK-0004,2021,3,621,0,621,No adjustment
SC-BRK-0004,2021,4,368,0,368,
SC-BRK-0004,2021,5,337,0,337,No adjustment
SC-BRK-0004,2021,6,503,150,653,Customer demand expectation
SC-BRK-0004,2021,7,658,123,781,Critical part requirement
SC-BRK-0004,2021,8,878,-303,575,Inventory consideration
SC-BRK-0004,2021,9,452,201,653,Customer demand expectation
SC-BRK-0004,2021,10,415,119,534,Lead time consideration
SC-BRK-0004,2021,11,479,0,479,No adjustment
SC-BRK-0004,2021,12,747,-83,664,Inventory consideration
SC-BRK-0004,2022,1,517,0,517,
SC-BRK-0004,2022,2,807,-264,543,Inventory consideration
SC-BRK-0004,2022,3,502,-161,341,Inventory consideration
SC-BRK-0004,2022,4,953,0,953,
SC-BRK-0004,2022,5,693,-77,616,Inventory consideration
SC-BRK-0004,2022,6,769,225,994,Customer demand expectation
SC-BRK-0004,2022,7,1095,227,1322,Critical part requirement
SC-BRK-0004,2022,8,819,182,1001,Critical part requirement
SC-BRK-0004,2022,9,721,-324,397,Inventory consideration
SC-BRK-0004,2022,10,657,-130,527,Inventory consideration
SC-BRK-0004,2022,11,698,224,922,Lead time consideration
SC-BRK-0004,2022,12,752,0,752,No adjustment
SC-BRK-0004,2023,1,710,0,710,
SC-BRK-0004,2023,2,829,0,829,
SC-BRK-0004,2023,3,566,218,784,Critical part requirement
SC-BRK-0004,2023,4,714,0,714,No adjustment
SC-BRK-0004,2023,5,514,0,514,No adjustment
SC-BRK-0004,2023,6,874,0,874,No adjustment
SC-BRK-0004,2023,7,307,-97,210,
SC-BRK-0004,2023,8,491,-73,418,Customer demand expectation
SC-BRK-0004,2023,9,419,0,419,No adjustment
SC-BRK-0004,2023,10,347,125,472,
SC-BRK-0004,2023,11,744,-316,428,Inventory consideration
SC-BRK-0004,2023,12,513,97,610,Lead time consideration
SC-BRK-0004,2024,1,715,170,885,Critical part requirement
SC-BRK-0004,2024,2,316,98,414,Critical part requirement
SC-BRK-0004,2024,3,574,119,693,Critical part requirement
SC-BRK-0004,2024,4,655,280,935,Critical part requirement
SC-BRK-0004,2024,5,109,-33,76,Customer demand expectation
SC-BRK-0004,2024,6,266,-117,149,Inventory consideration
SC-BRK-0004,2024,7,313,-76,237,Inventory consideration
SC-BRK-0004,2024,8,750,-217,533,Customer demand expectation
SC-BRK-0004,2024,9,661,0,661,No adjustment
SC-BRK-0004,2024,10,694,-291,403,Customer demand expectation
SC-BRK-0004,2024,11,601,-146,455,Customer demand expectation
SC-BRK-0004,2024,12,979,-317,662,Inventory consideration
SC-FUE-0007,2020,1,2,0,2,Customer demand expectation
SC-FUE-0007,2020,2,4,0,4,No adjustment
SC-FUE-0007,2020,3,2,0,2,Lead time consideration
SC-FUE-0007,2020,4,8,0,8,No adjustment
SC-FUE-0007,2020,5,9,2,11,Critical part requirement
SC-FUE-0007,2020,6,6,3,9,Lead time consideration
SC-FUE-0007,2020,7,5,2,7,Customer demand expectation
SC-FUE-0007,2020,8,3,0,3,
SC-FUE-0007,2020,9,9,0,9,No adjustment
SC-FUE-0007,2020,10,0,0,0,Critical part requirement
SC-FUE-0007,2020,11,4,1,5,Lead time consideration
SC-FUE-0007,2020,12,3,0,3,Inventory consideration
SC-FUE-0007,2021,1,7,3,10,Lead time consideration
SC-FUE-0007,2021,2,3,0,3,
SC-FUE-0007,2021,3,7,0,7,
SC-FUE-0007,2021,4,12,0,12,No adjustment
SC-FUE-0007,2021,5,10,-3,7,Inventory consideration
SC-FUE-0007,2021,6,8,0,8,No adjustment
SC-FUE-0007,2021,7,7,-1,6,Customer demand expectation
SC-FUE-0007,2021,8,13,6,19,Critical part requirement
SC-FUE-0007,2021,9,5,-1,4,Inventory consideration
SC-FUE-0007,2021,10,12,-4,8,Inventory consideration
SC-FUE-0007,2021,11,9,0,9,No adjustment
SC-FUE-0007,2021,12,1,0,1,Inventory consideration
SC-FUE-0007,2022,1,0,0,0,Critical part requirement
SC-FUE-0007,2022,2,0,0,0,
SC-FUE-0007,2022,3,12,5,17,Lead time consideration
SC-FUE-0007,2022,4,8,0,8,
SC-FUE-0007,2022,5,3,0,3,
SC-FUE-0007,2022,6,10,2,12,Critical part requirement
SC-FUE-0007,2022,7,0,0,0,Customer demand expectation
SC-FUE-0007,2022,8,13,0,13,
SC-FUE-0007,2022,9,18,0,18,
SC-FUE-0007,2022,10,8,-3,5,Customer demand expectation
SC-FUE-0007,2022,11,8,2,10,Customer demand expectation
SC-FUE-0007,2022,12,8,2,10,Lead time consideration
SC-FUE-0007,2023,1,4,1,5,
SC-FUE-0007,2023,2,5,-2,3,Inventory consideration
SC-FUE-0007,2023,3,4,-1,3,Customer demand expectation
SC-FUE-0007,2023,4,6,1,7,Lead time consideration
SC-FUE-0007,2023,5,1,0,1,Critical part requirement
SC-FUE-0007,2023,6,8,3,11,
SC-FUE-0007,2023,7,13,4,17,Customer demand expectation
SC-FUE-0007,2023,8,13,4,17,
SC-FUE-0007,2023,9,12,-5,7,Customer demand expectation
SC-FUE-0007,2023,10,10,-2,8,
SC-FUE-0007,2023,11,6,2,8,Customer demand expectation
SC-FUE-0007,2023,12,10,2,12,Customer demand expectation
SC-FUE-0007,2024,1,7,1,8,
SC-FUE-0007,2024,2,6,-2,4,Customer demand expectation
SC-FUE-0007,2024,3,2,0,2,Lead time consideration
SC-FUE-0007,2024,4,14,0,14,
SC-FUE-0007,2024,5,6,1,7,Critical part requirement
SC-FUE-0007,2024,6,13,0,13,No adjustment
SC-FUE-0007,2024,7,5,2,7,Lead time consideration
SC-FUE-0007,2024,8,6,1,7,
SC-FUE-0007,2024,9,14,-5,9,Inventory consideration
SC-FUE-0007,2024,10,7,1,8,Critical part requirement
SC-FUE-0007,2024,11,2,0,2,Customer demand expectation
SC-FUE-0007,2024,12,4,1,5,Critical part requirement
SC-SUS-0011,2020,1,19,-4,15,Inventory consideration
SC-SUS-0011,2020,2,56,-12,44,Customer demand expectation
SC-SUS-0011,2020,3,26,-6,20,Customer demand expectation
SC-SUS-0011,2020,4,61,-22,39,Customer demand expectation
SC-SUS-0011,2020,5,128,-40,88,Inventory consideration
SC-SUS-0011,2020,6,86,-30,56,
SC-SUS-0011,2020,7,27,-7,20,
SC-SUS-0011,2020,8,60,-23,37,
SC-SUS-0011,2020,9,99,-30,69,Customer demand expectation
SC-SUS-0011,2020,10,75,16,91,Lead time consideration
SC-SUS-0011,2020,11,103,0,103,
SC-SUS-0011,2020,12,70,0,70,No adjustment
SC-SUS-0011,2021,1,80,0,80,No adjustment
SC-SUS-0011,2021,2,30,-6,24,Customer demand expectation
SC-SUS-0011,2021,3,69,0,69,
SC-SUS-0011,2021,4,0,0,0,No adjustment
SC-SUS-0011,2021,5,80,-23,57,
SC-SUS-0011,2021,6,1,0,1,Inventory consideration
SC-SUS-0011,2021,7,69,-8,61,Customer demand expectation
SC-SUS-0011,2021,8,99,0,99,
SC-SUS-0011,2021,9,134,0,134,No adjustment
SC-SUS-0011,2021,10,97,-21,76,Customer demand expectation
SC-SUS-0011,2021,11,126,-20,106,Customer demand expectation
SC-SUS-0011,2021,12,149,-40,109,Inventory consideration
SC-SUS-0011,2022,1,82,0,82,No adjustment
SC-SUS-0011,2022,2,123,0,123,
SC-SUS-0011,2022,3,103,-37,66,
SC-SUS-0011,2022,4,137,-50,87,Inventory consideration
SC-SUS-0011,2022,5,10,-2,8,Customer demand expectation
SC-SUS-0011,2022,6,77,0,77,No adjustment
SC-SUS-0011,2022,7,123,-32,91,Inventory consideration
SC-SUS-0011,2022,8,25,9,34,Critical part requirement
SC-SUS-0011,2022,9,95,-36,59,Customer demand expectation
SC-SUS-0011,2022,10,18,6,24,Lead time consideration
SC-SUS-0011,2022,11,102,-15,87,Inventory consideration
SC-SUS-0011,2022,12,38,0,38,
SC-SUS-0011,2023,1,36,0,36,
SC-SUS-0011,2023,2,91,-27,64,Customer demand expectation
SC-SUS-0011,2023,3,100,-23,77,Inventory consideration
SC-SUS-0011,2023,4,121,-15,106,Customer demand expectation
SC-SUS-0011,2023,5,105,-33,72,Customer demand expectation
SC-SUS-0011,2023,6,97,-35,62,Inventory consideration
SC-SUS-0011,2023,7,100,0,100,No adjustment
SC-SUS-0011,2023,8,84,-33,51,
SC-SUS-0011,2023,9,0,0,0,Inventory consideration
SC-SUS-0011,2023,10,83,0,83,
SC-SUS-0011,2023,11,79,-15,64,Inventory consideration
SC-SUS-0011,2023,12,148,0,148,No adjustment
SC-SUS-0011,2024,1,47,-15,32,Inventory consideration
SC-SUS-0011,2024,2,132,0,132,
SC-SUS-0011,2024,3,69,-12,57,Customer demand expectation
SC-SUS-0011,2024,4,73,25,98,
SC-SUS-0011,2024,5,24,0,24,No adjustment
SC-SUS-0011,2024,6,72,0,72,
SC-SUS-0011,2024,7,78,0,78,No adjustment
SC-SUS-0011,2024,8,65,-16,49,Inventory consideration
SC-SUS-0011,2024,9,59,-8,51,Customer demand expectation
SC-SUS-0011,2024,10,104,0,104,No adjustment
SC-SUS-0011,2024,11,102,-17,85,Inventory consideration
SC-SUS-0011,2024,12,31,-11,20,Customer demand expectation
SC-HYD-0006,2020,1,436,144,580,Lead time consideration
SC-HYD-0006,2020,2,256,97,353,Critical part requirement
SC-HYD-0006,2020,3,417,-156,261,Inventory consideration
SC-HYD-0006,2020,4,419,-177,242,Inventory consideration
SC-HYD-0006,2020,5,373,0,373,No adjustment
SC-HYD-0006,2020,6,599,0,599,No adjustment
SC-HYD-0006,2020,7,59,-10,49,Customer demand expectation
SC-HYD-0006,2020,8,471,-144,327,Inventory consideration
SC-HYD-0006,2020,9,331,0,331,No adjustment
SC-HYD-0006,2020,10,432,-57,375,Inventory consideration
SC-HYD-0006,2020,11,381,-73,308,Customer demand expectation
SC-HYD-0006,2020,12,227,0,227,No adjustment
SC-HYD-0006,2021,1,472,-89,383,Customer demand expectation
SC-HYD-0006,2021,2,338,147,485,Lead time consideration
SC-HYD-0006,2021,3,380,0,380,No adjustment
SC-HYD-0006,2021,4,619,-102,517,Customer demand expectation
SC-HYD-0006,2021,5,259,-81,178,Customer demand expectation
SC-HYD-0006,2021,6,83,0,83,
SC-HYD-0006,2021,7,287,-79,208,Customer demand expectation
SC-HYD-0006,2021,8,294,119,413,
SC-HYD-0006,2021,9,633,0,633,
SC-HYD-0006,2021,10,237,99,336,Customer demand expectation
SC-HYD-0006,2021,11,274,66,340,Critical part requirement
SC-HYD-0006,2021,12,490,-89,401,Inventory consideration
SC-HYD-0006,2022,1,178,70,248,Customer demand expectation
SC-HYD-0006,2022,2,236,0,236,No adjustment
SC-HYD-0006,2022,3,570,0,570,No adjustment
SC-HYD-0006,2022,4,381,-83,298,Customer demand expectation
SC-HYD-0006,2022,5,357,-159,198,Inventory consideration
SC-HYD-0006,2022,6,586,128,714,Customer demand expectation
SC-HYD-0006,2022,7,241,0,241,
SC-HYD-0006,2022,8,359,74,433,Lead time consideration
SC-HYD-0006,2022,9,344,60,404,Lead time consideration
SC-HYD-0006,2022,10,330,62,392,Critical part requirement
SC-HYD-0006,2022,11,302,42,344,Lead time consideration
SC-HYD-0006,2022,12,352,-122,230,Customer demand expectation
SC-HYD-0006,2023,1,659,0,659,No adjustment
SC-HYD-0006,2023,2,479,-184,295,Customer demand expectation
SC-HYD-0006,2023,3,624,0,624,
SC-HYD-0006,2023,4,503,-130,373,Inventory consideration
SC-HYD-0006,2023,5,384,0,384,
SC-HYD-0006,2023,6,322,0,322,
SC-HYD-0006,2023,7,313,0,313,
SC-HYD-0006,2023,8,350,87,437,Critical part requirement
SC-HYD-0006,2023,9,379,-87,292,Customer demand expectation
SC-HYD-0006,2023,10,304,66,370,Customer demand expectation
SC-HYD-0006,2023,11,426,0,426,
SC-HYD-0006,2023,12,442,45,487,Lead time consideration
SC-HYD-0006,2024,1,438,-45,393,Customer demand expectation
SC-HYD-0006,2024,2,418,0,418,No adjustment
SC-HYD-0006,2024,3,589,0,589,No adjustment
SC-HYD-0006,2024,4,540,138,678,Lead time consideration
SC-HYD-0006,2024,5,402,-79,323,Customer demand expectation
SC-HYD-0006,2024,6,303,-60,243,Customer demand expectation
SC-HYD-0006,2024,7,370,-121,249,Inventory consideration
SC-HYD-0006,2024,8,203,46,249,Lead time consideration
SC-HYD-0006,2024,9,322,0,322,No adjustment
SC-HYD-0006,2024,10,344,-136,208,Customer demand expectation
SC-HYD-0006,2024,11,284,-85,199,Inventory consideration
SC-HYD-0006,2024,12,299,0,299,
SC-SUS-0012,2020,1,4,0,4,
SC-SUS-0012,2020,2,6,-2,4,Customer demand expectation
SC-SUS-0012,2020,3,11,-5,6,Customer demand expectation
SC-SUS-0012,2020,4,5,-2,3,Inventory consideration
SC-SUS-0012,2020,5,0,0,0,
SC-SUS-0012,2020,6,9,-4,5,Inventory consideration
SC-SUS-0012,2020,7,20,-3,17,Inventory consideration
SC-SUS-0012,2020,8,7,0,7,No adjustment
SC-SUS-0012,2020,9,17,-3,14,Inventory consideration
SC-SUS-0012,2020,10,15,-3,12,Customer demand expectation
SC-SUS-0012,2020,11,7,0,7,No adjustment
SC-SUS-0012,2020,12,4,0,4,
SC-SUS-0012,2021,1,6,0,6,No adjustment
SC-SUS-0012,2021,2,6,0,6,No adjustment
SC-SUS-0012,2021,3,3,-1,2,Customer demand expectation
SC-SUS-0012,2021,4,8,0,8,
SC-SUS-0012,2021,5,14,0,14,
SC-SUS-0012,2021,6,0,0,0,Customer demand expectation
SC-SUS-0012,2021,7,5,0,5,No adjustment
SC-SUS-0012,2021,8,14,-3,11,Customer demand expectation
SC-SUS-0012,2021,9,2,0,2,Customer demand expectation
SC-SUS-0012,2021,10,7,0,7,No adjustment
SC-SUS-0012,2021,11,15,0,15,
SC-SUS-0012,2021,12,3,-1,2,Customer demand expectation
SC-SUS-0012,2022,1,8,-3,5,Inventory consideration
SC-SUS-0012,2022,2,10,-4,6,Customer demand expectation
SC-SUS-0012,2022,3,6,1,7,Customer demand expectation
SC-SUS-0012,2022,4,20,-5,15,Customer demand expectation
SC-SUS-0012,2022,5,1,0,1,Customer demand expectation
SC-SUS-0012,2022,6,27,-10,17,
SC-SUS-0012,2022,7,6,-2,4,Customer demand expectation
SC-SUS-0012,2022,8,14,0,14,No adjustment
SC-SUS-0012,2022,9,21,-6,15,Inventory consideration
SC-SUS-0012,2022,10,31,0,31,
SC-SUS-0012,2022,11,15,4,19,Customer demand expectation
SC-SUS-0012,2022,12,12,-2,10,Customer demand expectation
SC-SUS-0012,2023,1,21,-3,18,Inventory consideration
SC-SUS-0012,2023,2,2,-1,1,Inventory consideration
SC-SUS-0012,2023,3,5,0,5,No adjustment
SC-SUS-0012,2023,4,32,-14,18,Inventory consideration
SC-SUS-0012,2023,5,11,-4,7,Inventory consideration
SC-SUS-0012,2023,6,18,7,25,Critical part requirement
SC-SUS-0012,2023,7,18,0,18,No adjustment
SC-SUS-0012,2023,8,0,0,0,Customer demand expectation
SC-SUS-0012,2023,9,18,-3,15,Customer demand expectation
SC-SUS-0012,2023,10,3,0,3,No adjustment
SC-SUS-0012,2023,11,9,-3,6,Customer demand expectation
SC-SUS-0012,2023,12,10,-2,8,
SC-SUS-0012,2024,1,7,-2,5,Customer demand expectation
SC-SUS-0012,2024,2,6,0,6,
SC-SUS-0012,2024,3,9,0,9,No adjustment
SC-SUS-0012,2024,4,1,0,1,Customer demand expectation
SC-SUS-0012,2024,5,10,3,13,Critical part requirement
SC-SUS-0012,2024,6,9,-4,5,Inventory consideration
SC-SUS-0012,2024,7,10,0,10,No adjustment
SC-SUS-0012,2024,8,9,-1,8,Inventory consideration
SC-SUS-0012,2024,9,12,0,12,
SC-SUS-0012,2024,10,2,0,2,No adjustment
SC-SUS-0012,2024,11,11,-3,8,Customer demand expectation
SC-SUS-0012,2024,12,8,-3,5,Inventory consideration
SC-CLG-0003,2020,1,240,101,341,Critical part requirement
SC-CLG-0003,2020,2,420,0,420,No adjustment
SC-CLG-0003,2020,3,296,-112,184,Inventory consideration
SC-CLG-0003,2020,4,373,0,373,No adjustment
SC-CLG-0003,2020,5,467,-47,420,Inventory consideration
SC-CLG-0003,2020,6,405,-65,340,Inventory consideration
SC-CLG-0003,2020,7,395,0,395,
SC-CLG-0003,2020,8,701,-100,601,Customer demand expectation
SC-CLG-0003,2020,9,425,0,425,
SC-CLG-0003,2020,10,566,243,809,Lead time consideration
SC-CLG-0003,2020,11,305,-46,259,Customer demand expectation
SC-CLG-0003,2020,12,390,120,510,Critical part requirement
SC-CLG-0003,2021,1,774,0,774,No adjustment
SC-CLG-0003,2021,2,399,-88,311,Customer demand expectation
SC-CLG-0003,2021,3,576,-224,352,Customer demand expectation
SC-CLG-0003,2021,4,464,0,464,
SC-CLG-0003,2021,5,266,0,266,No adjustment
SC-CLG-0003,2021,6,605,133,738,Critical part requirement
SC-CLG-0003,2021,7,566,0,566,
SC-CLG-0003,2021,8,507,0,507,No adjustment
SC-CLG-0003,2021,9,1239,464,1703,Customer demand expectation
SC-CLG-0003,2021,10,747,-290,457,Customer demand expectation
SC-CLG-0003,2021,11,828,96,924,Critical part requirement
SC-CLG-0003,2021,12,1058,0,1058,No adjustment
SC-CLG-0003,2022,1,647,-193,454,Inventory consideration
SC-CLG-0003,2022,2,692,265,957,Customer demand expectation
SC-CLG-0003,2022,3,674,86,760,Customer demand expectation
SC-CLG-0003,2022,4,638,0,638,
SC-CLG-0003,2022,5,765,182,947,Lead time consideration
SC-CLG-0003,2022,6,1025,0,1025,No adjustment
SC-CLG-0003,2022,7,647,251,898,Lead time consideration
SC-CLG-0003,2022,8,389,-131,258,Inventory consideration
SC-CLG-0003,2022,9,779,-215,564,
SC-CLG-0003,2022,10,1066,0,1066,No adjustment
SC-CLG-0003,2022,11,584,0,584,No adjustment
SC-CLG-0003,2022,12,1125,0,1125,No adjustment
SC-CLG-0003,2023,1,787,158,945,Lead time consideration
SC-CLG-0003,2023,2,400,87,487,Lead time consideration
SC-CLG-0003,2023,3,870,202,1072,Customer demand expectation
SC-CLG-0003,2023,4,581,0,581,
SC-CLG-0003,2023,5,875,0,875,No adjustment
SC-CLG-0003,2023,6,618,146,764,Critical part requirement
SC-CLG-0003,2023,7,771,0,771,
SC-CLG-0003,2023,8,891,288,1179,Customer demand expectation
SC-CLG-0003,2023,9,576,87,663,
SC-CLG-0003,2023,10,911,0,911,
SC-CLG-0003,2023,11,300,0,300,
SC-CLG-0003,2023,12,1087,406,1493,Critical part requirement
SC-CLG-0003,2024,1,261,-90,171,Customer demand expectation
SC-CLG-0003,2024,2,768,0,768,No adjustment
SC-CLG-0003,2024,3,404,0,404,No adjustment
SC-CLG-0003,2024,4,514,-63,451,Customer demand expectation
SC-CLG-0003,2024,5,467,-138,329,Inventory consideration
SC-CLG-0003,2024,6,821,-363,458,Customer demand expectation
SC-CLG-0003,2024,7,1003,359,1362,Critical part requirement
SC-CLG-0003,2024,8,774,0,774,No adjustment
SC-CLG-0003,2024,9,704,-126,578,Customer demand expectation
SC-CLG-0003,2024,10,832,268,1100,Customer demand expectation
SC-CLG-0003,2024,11,728,-253,475,Customer demand expectation
SC-CLG-0003,2024,12,666,98,764,Customer demand expectation
SC-BRK-0005,2020,1,759,0,759,
SC-BRK-0005,2020,2,708,0,708,
SC-BRK-0005,2020,3,524,-128,396,Customer demand expectation
SC-BRK-0005,2020,4,363,-96,267,Inventory consideration
SC-BRK-0005,2020,5,305,97,402,Critical part requirement
SC-BRK-0005,2020,6,298,-47,251,Inventory consideration
SC-BRK-0005,2020,7,328,-126,202,Inventory consideration
SC-BRK-0005,2020,8,278,-44,234,Customer demand expectation
SC-BRK-0005,2020,9,792,99,891,Customer demand expectation
SC-BRK-0005,2020,10,891,-245,646,Inventory consideration
SC-BRK-0005,2020,11,401,-104,297,Customer demand expectation
SC-BRK-0005,2020,12,445,0,445,
SC-BRK-0005,2021,1,495,-107,388,Customer demand expectation
SC-BRK-0005,2021,2,453,132,585,Customer demand expectation
SC-BRK-0005,2021,3,532,-130,402,Inventory consideration
SC-BRK-0005,2021,4,255,0,255,
SC-BRK-0005,2021,5,420,-53,367,Customer demand expectation
SC-BRK-0005,2021,6,356,115,471,Lead time consideration
SC-BRK-0005,2021,7,363,-56,307,Customer demand expectation
SC-BRK-0005,2021,8,402,0,402,
SC-BRK-0005,2021,9,195,42,237,Critical part requirement
SC-BRK-0005,2021,10,500,-94,406,
SC-BRK-0005,2021,11,167,0,167,
SC-BRK-0005,2021,12,185,0,185,No adjustment
SC-BRK-0005,2022,1,1128,0,1128,
SC-BRK-0005,2022,2,736,0,736,
SC-BRK-0005,2022,3,859,249,1108,Lead time consideration
SC-BRK-0005,2022,4,192,-43,149,Inventory consideration
SC-BRK-0005,2022,5,330,44,374,Critical part requirement
SC-BRK-0005,2022,6,519,106,625,Customer demand expectation
SC-BRK-0005,2022,7,595,-213,382,Inventory consideration
SC-BRK-0005,2022,8,468,-153,315,Customer demand expectation
SC-BRK-0005,2022,9,672,0,672,No adjustment
SC-BRK-0005,2022,10,317,-49,268,Customer demand expectation
SC-BRK-0005,2022,11,623,-102,521,Inventory consideration
SC-BRK-0005,2022,12,539,0,539,No adjustment
SC-BRK-0005,2023,1,764,83,847,Lead time consideration
SC-BRK-0005,2023,2,536,0,536,
SC-BRK-0005,2023,3,485,0,485,
SC-BRK-0005,2023,4,447,136,583,Lead time consideration
SC-BRK-0005,2023,5,597,0,597,No adjustment
SC-BRK-0005,2023,6,504,135,639,Lead time consideration
SC-BRK-0005,2023,7,660,0,660,
SC-BRK-0005,2023,8,601,0,601,
SC-BRK-0005,2023,9,294,-32,262,Inventory consideration
SC-BRK-0005,2023,10,679,0,679,
SC-BRK-0005,2023,11,405,-127,278,
SC-BRK-0005,2023,12,446,84,530,Lead time consideration
SC-BRK-0005,2024,1,790,-242,548,Customer demand expectation
SC-BRK-0005,2024,2,692,151,843,Critical part requirement
SC-BRK-0005,2024,3,630,-237,393,Inventory consideration
SC-BRK-0005,2024,4,323,65,388,
SC-BRK-0005,2024,5,541,0,541,
SC-BRK-0005,2024,6,422,0,422,
SC-BRK-0005,2024,7,298,-55,243,Inventory consideration
SC-BRK-0005,2024,8,662,-133,529,Inventory consideration
SC-BRK-0005,2024,9,621,255,876,Lead time consideration
SC-BRK-0005,2024,10,423,0,423,
SC-BRK-0005,2024,11,519,0,519,No adjustment
SC-BRK-0005,2024,12,340,82,422,Critical part requirement
SC-ENG-0005,2020,1,724,0,724,
SC-ENG-0005,2020,2,732,-293,439,Inventory consideration
SC-ENG-0005,2020,3,810,-364,446,Inventory consideration
SC-ENG-0005,2020,4,692,-168,524,Customer demand expectation
SC-ENG-0005,2020,5,199,-36,163,
SC-ENG-0005,2020,6,531,0,531,
SC-ENG-0005,2020,7,897,290,1187,Critical part requirement
SC-ENG-0005,2020,8,641,0,641,No adjustment
SC-ENG-0005,2020,9,576,0,576,No adjustment
SC-ENG-0005,2020,10,484,0,484,No adjustment
SC-ENG-0005,2020,11,506,61,567,Critical part requirement
SC-ENG-0005,2020,12,939,-225,714,Inventory consideration
SC-ENG-0005,2021,1,636,104,740,Customer demand expectation
SC-ENG-0005,2021,2,384,61,445,Critical part requirement
SC-ENG-0005,2021,3,489,114,603,
SC-ENG-0005,2021,4,419,164,583,Lead time consideration
SC-ENG-0005,2021,5,474,0,474,No adjustment
SC-ENG-0005,2021,6,581,-60,521,Customer demand expectation
SC-ENG-0005,2021,7,616,-239,377,Customer demand expectation
SC-ENG-0005,2021,8,881,-323,558,Inventory consideration
SC-ENG-0005,2021,9,630,-113,517,Inventory consideration
SC-ENG-0005,2021,10,518,0,518,No adjustment
SC-ENG-0005,2021,11,597,229,826,Lead time consideration
SC-ENG-0005,2021,12,606,167,773,Lead time consideration
SC-ENG-0005,2022,1,489,184,673,Critical part requirement
SC-ENG-0005,2022,2,676,99,775,
SC-ENG-0005,2022,3,436,0,436,
SC-ENG-0005,2022,4,1094,457,1551,Customer demand expectation
SC-ENG-0005,2022,5,623,-243,380,Customer demand expectation
SC-ENG-0005,2022,6,557,0,557,
SC-ENG-0005,2022,7,789,-118,671,Customer demand expectation
SC-ENG-0005,2022,8,659,-173,486,Inventory consideration
SC-ENG-0005,2022,9,394,55,449,Critical part requirement
SC-ENG-0005,2022,10,661,132,793,Critical part requirement
SC-ENG-0005,2022,11,467,-56,411,Inventory consideration
SC-ENG-0005,2022,12,763,94,857,Customer demand expectation
SC-ENG-0005,2023,1,411,-105,306,Customer demand expectation
SC-ENG-0005,2023,2,768,0,768,No adjustment
SC-ENG-0005,2023,3,586,91,677,Critical part requirement
SC-ENG-0005,2023,4,438,-59,379,Customer demand expectation
SC-ENG-0005,2023,5,534,-160,374,Inventory consideration
SC-ENG-0005,2023,6,437,164,601,Critical part requirement
SC-ENG-0005,2023,7,550,-205,345,Customer demand expectation
SC-ENG-0005,2023,8,779,131,910,Critical part requirement
SC-ENG-0005,2023,9,543,186,729,Critical part requirement
SC-ENG-0005,2023,10,852,0,852,
SC-ENG-0005,2023,11,669,-215,454,
SC-ENG-0005,2023,12,610,0,610,No adjustment
SC-ENG-0005,2024,1,738,-296,442,
SC-ENG-0005,2024,2,329,-44,285,Inventory consideration
SC-ENG-0005,2024,3,861,302,1163,Customer demand expectation
SC-ENG-0005,2024,4,652,234,886,Critical part requirement
SC-ENG-0005,2024,5,875,0,875,No adjustment
SC-ENG-0005,2024,6,595,0,595,No adjustment
SC-ENG-0005,2024,7,877,-120,757,Customer demand expectation
SC-ENG-0005,2024,8,598,145,743,Critical part requirement
SC-ENG-0005,2024,9,606,0,606,No adjustment
SC-ENG-0005,2024,10,1070,0,1070,No adjustment
SC-ENG-0005,2024,11,846,92,938,Lead time consideration
SC-ENG-0005,2024,12,553,0,553,No adjustment
SC-SUS-0013,2020,1,32,-10,22,
SC-SUS-0013,2020,2,44,-19,25,Inventory consideration
SC-SUS-0013,2020,3,10,4,14,Lead time consideration
SC-SUS-0013,2020,4,5,0,5,No adjustment
SC-SUS-0013,2020,5,29,9,38,Lead time consideration
SC-SUS-0013,2020,6,13,4,17,Lead time consideration
SC-SUS-0013,2020,7,37,13,50,Critical part requirement
SC-SUS-0013,2020,8,9,0,9,
SC-SUS-0013,2020,9,0,0,0,No adjustment
SC-SUS-0013,2020,10,0,0,0,
SC-SUS-0013,2020,11,17,0,17,No adjustment
SC-SUS-0013,2020,12,2,0,2,Customer demand expectation
SC-SUS-0013,2021,1,8,-2,6,Inventory consideration
SC-SUS-0013,2021,2,14,4,18,Lead time consideration
SC-SUS-0013,2021,3,11,0,11,No adjustment
SC-SUS-0013,2021,4,8,-2,6,Customer demand expectation
SC-SUS-0013,2021,5,20,2,22,Customer demand expectation
SC-SUS-0013,2021,6,19,-8,11,Customer demand expectation
SC-SUS-0013,2021,7,0,0,0,
SC-SUS-0013,2021,8,3,-1,2,Inventory consideration
SC-SUS-0013,2021,9,30,0,30,
SC-SUS-0013,2021,10,17,-4,13,Inventory consideration
SC-SUS-0013,2021,11,4,0,4,Customer demand expectation
SC-SUS-0013,2021,12,0,0,0,Inventory consideration
SC-SUS-0013,2022,1,23,-10,13,Inventory consideration
SC-SUS-0013,2022,2,9,0,9,No adjustment
SC-SUS-0013,2022,3,7,-3,4,Inventory consideration
SC-SUS-0013,2022,4,18,8,26,Lead time consideration
SC-SUS-0013,2022,5,9,0,9,No adjustment
SC-SUS-0013,2022,6,11,-2,9,Inventory consideration
SC-SUS-0013,2022,7,13,0,13,
SC-SUS-0013,2022,8,13,-3,10,Inventory consideration
SC-SUS-0013,2022,9,37,-16,21,Customer demand expectation
SC-SUS-0013,2022,10,19,-6,13,Inventory consideration
SC-SUS-0013,2022,11,17,-5,12,Customer demand expectation
SC-SUS-0013,2022,12,18,2,20,Customer demand expectation
SC-SUS-0013,2023,1,27,-7,20,Inventory consideration
SC-SUS-0013,2023,2,0,0,0,No adjustment
SC-SUS-0013,2023,3,19,8,27,Customer demand expectation
SC-SUS-0013,2023,4,24,-6,18,Inventory consideration
SC-SUS-0013,2023,5,26,0,26,No adjustment
SC-SUS-0013,2023,6,15,-2,13,Inventory consideration
SC-SUS-0013,2023,7,37,-5,32,
SC-SUS-0013,2023,8,12,2,14,Critical part requirement
SC-SUS-0013,2023,9,16,-4,12,Inventory consideration
SC-SUS-0013,2023,10,76,0,76,No adjustment
SC-SUS-0013,2023,11,14,-5,9,Customer demand expectation
SC-SUS-0013,2023,12,14,-2,12,Inventory consideration
SC-SUS-0013,2024,1,12,-5,7,Customer demand expectation
SC-SUS-0013,2024,2,21,0,21,
SC-SUS-0013,2024,3,70,-28,42,Customer demand expectation
SC-SUS-0013,2024,4,0,0,0,Customer demand expectation
SC-SUS-0013,2024,5,59,0,59,
SC-SUS-0013,2024,6,23,0,23,
SC-SUS-0013,2024,7,28,0,28,
SC-SUS-0013,2024,8,26,-8,18,Customer demand expectation
SC-SUS-0013,2024,9,10,-4,6,Inventory consideration
SC-SUS-0013,2024,10,8,0,8,No adjustment
SC-SUS-0013,2024,11,38,6,44,Lead time consideration
SC-SUS-0013,2024,12,0,0,0,
SC-CLG-0004,2020,1,1700,0,1700,No adjustment
SC-CLG-0004,2020,2,1771,0,1771,No adjustment
SC-CLG-0004,2020,3,2004,-548,1456,Inventory consideration
SC-CLG-0004,2020,4,1764,0,1764,No adjustment
SC-CLG-0004,2020,5,1914,790,2704,Customer demand expectation
SC-CLG-0004,2020,6,2653,-892,1761,Customer demand expectation
SC-CLG-0004,2020,7,1785,0,1785,No adjustment
SC-CLG-0004,2020,8,2278,488,2766,Customer demand expectation
SC-CLG-0004,2020,9,2206,-809,1397,Customer demand expectation
SC-CLG-0004,2020,10,2861,1044,3905,Lead time consideration
SC-CLG-0004,2020,11,1600,-710,890,Customer demand expectation
SC-CLG-0004,2020,12,2820,-724,2096,Inventory consideration
SC-CLG-0004,2021,1,2234,0,2234,No adjustment
SC-CLG-0004,2021,2,2118,360,2478,Lead time consideration
SC-CLG-0004,2021,3,1143,0,1143,No adjustment
SC-CLG-0004,2021,4,1966,472,2438,Customer demand expectation
SC-CLG-0004,2021,5,1957,335,2292,Critical part requirement
SC-CLG-0004,2021,6,1521,508,2029,Customer demand expectation
SC-CLG-0004,2021,7,2308,0,2308,
SC-CLG-0004,2021,8,3177,0,3177,No adjustment
SC-CLG-0004,2021,9,2381,-797,1584,Customer demand expectation
SC-CLG-0004,2021,10,2758,725,3483,Customer demand expectation
SC-CLG-0004,2021,11,2767,974,3741,Lead time consideration
SC-CLG-0004,2021,12,2515,1122,3637,Customer demand expectation
SC-CLG-0004,2022,1,3042,-729,2313,Inventory consideration
SC-CLG-0004,2022,2,1663,0,1663,
SC-CLG-0004,2022,3,2111,0,2111,No adjustment
SC-CLG-0004,2022,4,2098,822,2920,
SC-CLG-0004,2022,5,1505,-358,1147,Inventory consideration
SC-CLG-0004,2022,6,2706,-406,2300,Customer demand expectation
SC-CLG-0004,2022,7,2286,0,2286,
SC-CLG-0004,2022,8,2230,382,2612,Customer demand expectation
SC-CLG-0004,2022,9,2209,863,3072,Lead time consideration
SC-CLG-0004,2022,10,2443,-319,2124,
SC-CLG-0004,2022,11,2511,564,3075,Lead time consideration
SC-CLG-0004,2022,12,2274,-697,1577,Inventory consideration
SC-CLG-0004,2023,1,2317,588,2905,
SC-CLG-0004,2023,2,2361,582,2943,Customer demand expectation
SC-CLG-0004,2023,3,1654,426,2080,
SC-CLG-0004,2023,4,2068,852,2920,Lead time consideration
SC-CLG-0004,2023,5,2231,-800,1431,Customer demand expectation
SC-CLG-0004,2023,6,3121,0,3121,No adjustment
SC-CLG-0004,2023,7,2296,-715,1581,
SC-CLG-0004,2023,8,2675,-990,1685,
SC-CLG-0004,2023,9,3503,1444,4947,Customer demand expectation
SC-CLG-0004,2023,10,2882,0,2882,No adjustment
SC-CLG-0004,2023,11,2701,0,2701,
SC-CLG-0004,2023,12,3217,858,4075,Lead time consideration
SC-CLG-0004,2024,1,2403,-855,1548,Customer demand expectation
SC-CLG-0004,2024,2,3341,683,4024,Customer demand expectation
SC-CLG-0004,2024,3,2553,385,2938,Lead time consideration
SC-CLG-0004,2024,4,2617,485,3102,Lead time consideration
SC-CLG-0004,2024,5,3118,-864,2254,Customer demand expectation
SC-CLG-0004,2024,6,3331,0,3331,
SC-CLG-0004,2024,7,3352,-1474,1878,Customer demand expectation
SC-CLG-0004,2024,8,3878,1027,4905,Critical part requirement
SC-CLG-0004,2024,9,2894,-649,2245,
SC-CLG-0004,2024,10,3066,0,3066,
SC-CLG-0004,2024,11,2382,-660,1722,Customer demand expectation
SC-CLG-0004,2024,12,2692,0,2692,
SC-FUE-0008,2020,1,5,-1,4,Inventory consideration
SC-FUE-0008,2020,2,6,-1,5,Inventory consideration
SC-FUE-0008,2020,3,7,-2,5,Inventory consideration
SC-FUE-0008,2020,4,9,-4,5,Inventory consideration
SC-FUE-0008,2020,5,7,-1,6,Customer demand expectation
SC-FUE-0008,2020,6,5,-2,3,Customer demand expectation
SC-FUE-0008,2020,7,3,0,3,No adjustment
SC-FUE-0008,2020,8,5,-2,3,Customer demand expectation
SC-FUE-0008,2020,9,7,2,9,Critical part requirement
SC-FUE-0008,2020,10,4,0,4,
SC-FUE-0008,2020,11,4,-1,3,
SC-FUE-0008,2020,12,4,-1,3,Customer demand expectation
SC-FUE-0008,2021,1,7,2,9,Customer demand expectation
SC-FUE-0008,2021,2,6,-1,5,Inventory consideration
SC-FUE-0008,2021,3,3,-1,2,
SC-FUE-0008,2021,4,1,0,1,Customer demand expectation
SC-FUE-0008,2021,5,0,0,0,Customer demand expectation
SC-FUE-0008,2021,6,3,-1,2,Customer demand expectation
SC-FUE-0008,2021,7,1,0,1,
SC-FUE-0008,2021,8,2,0,2,No adjustment
SC-FUE-0008,2021,9,2,-1,1,
SC-FUE-0008,2021,10,4,-2,2,Customer demand expectation
SC-FUE-0008,2021,11,2,-1,1,Customer demand expectation
SC-FUE-0008,2021,12,3,1,4,Customer demand expectation
SC-FUE-0008,2022,1,0,0,0,Customer demand expectation
SC-FUE-0008,2022,2,1,0,1,No adjustment
SC-FUE-0008,2022,3,0,0,0,Customer demand expectation
SC-FUE-0008,2022,4,5,0,5,No adjustment
SC-FUE-0008,2022,5,6,-2,4,Customer demand expectation
SC-FUE-0008,2022,6,5,-1,4,
SC-FUE-0008,2022,7,4,0,4,
SC-FUE-0008,2022,8,6,2,8,Lead time consideration
SC-FUE-0008,2022,9,1,0,1,No adjustment
SC-FUE-0008,2022,10,6,-2,4,Inventory consideration
SC-FUE-0008,2022,11,2,1,3,Customer demand expectation
SC-FUE-0008,2022,12,2,-1,1,Customer demand expectation
SC-FUE-0008,2023,1,6,0,6,
SC-FUE-0008,2023,2,0,0,0,No adjustment
SC-FUE-0008,2023,3,1,0,1,
SC-FUE-0008,2023,4,3,0,3,
SC-FUE-0008,2023,5,3,-1,2,Customer demand expectation
SC-FUE-0008,2023,6,3,-1,2,Customer demand expectation
SC-FUE-0008,2023,7,3,-1,2,Customer demand expectation
SC-FUE-0008,2023,8,0,0,0,No adjustment
SC-FUE-0008,2023,9,1,0,1,Customer demand expectation
SC-FUE-0008,2023,10,1,0,1,No adjustment
SC-FUE-0008,2023,11,0,0,0,Critical part requirement
SC-FUE-0008,2023,12,1,0,1,No adjustment
SC-FUE-0008,2024,1,4,0,4,
SC-FUE-0008,2024,2,5,-1,4,Inventory consideration
SC-FUE-0008,2024,3,5,0,5,
SC-FUE-0008,2024,4,3,1,4,Customer demand expectation
SC-FUE-0008,2024,5,2,-1,1,Inventory consideration
SC-FUE-0008,2024,6,2,-1,1,Customer demand expectation
SC-FUE-0008,2024,7,1,0,1,Lead time consideration
SC-FUE-0008,2024,8,1,0,1,No adjustment
SC-FUE-0008,2024,9,2,0,2,
SC-FUE-0008,2024,10,0,0,0,No adjustment
SC-FUE-0008,2024,11,2,0,2,Inventory consideration
SC-FUE-0008,2024,12,2,0,2,No adjustment
SC-ENG-0006,2020,1,319,68,387,Customer demand expectation
SC-ENG-0006,2020,2,280,112,392,Customer demand expectation
SC-ENG-0006,2020,3,463,0,463,
SC-ENG-0006,2020,4,294,122,416,Lead time consideration
SC-ENG-0006,2020,5,368,0,368,No adjustment
SC-ENG-0006,2020,6,349,95,444,Customer demand expectation
SC-ENG-0006,2020,7,418,92,510,Customer demand expectation
SC-ENG-0006,2020,8,343,65,408,Customer demand expectation
SC-ENG-0006,2020,9,358,0,358,No adjustment
SC-ENG-0006,2020,10,626,-200,426,Customer demand expectation
SC-ENG-0006,2020,11,509,135,644,Customer demand expectation
SC-ENG-0006,2020,12,555,163,718,Customer demand expectation
SC-ENG-0006,2021,1,556,0,556,No adjustment
SC-ENG-0006,2021,2,496,129,625,Lead time consideration
SC-ENG-0006,2021,3,591,254,845,Lead time consideration
SC-ENG-0006,2021,4,402,68,470,Customer demand expectation
SC-ENG-0006,2021,5,554,190,744,Lead time consideration
SC-ENG-0006,2021,6,482,-188,294,Customer demand expectation
SC-ENG-0006,2021,7,883,-273,610,Customer demand expectation
SC-ENG-0006,2021,8,446,170,616,Lead time consideration
SC-ENG-0006,2021,9,565,200,765,Customer demand expectation
SC-ENG-0006,2021,10,356,100,456,Customer demand expectation
SC-ENG-0006,2021,11,452,0,452,No adjustment
SC-ENG-0006,2021,12,75,0,75,No adjustment
SC-ENG-0006,2022,1,371,-122,249,Customer demand expectation
SC-ENG-0006,2022,2,261,0,261,No adjustment
SC-ENG-0006,2022,3,605,214,819,
SC-ENG-0006,2022,4,471,0,471,
SC-ENG-0006,2022,5,337,151,488,Critical part requirement
SC-ENG-0006,2022,6,564,0,564,
SC-ENG-0006,2022,7,598,141,739,Critical part requirement
SC-ENG-0006,2022,8,650,98,748,Lead time consideration
SC-ENG-0006,2022,9,743,-136,607,Customer demand expectation
SC-ENG-0006,2022,10,335,120,455,Lead time consideration
SC-ENG-0006,2022,11,435,153,588,Customer demand expectation
SC-ENG-0006,2022,12,373,77,450,Customer demand expectation
SC-ENG-0006,2023,1,484,-161,323,Inventory consideration
SC-ENG-0006,2023,2,679,71,750,Customer demand expectation
SC-ENG-0006,2023,3,506,59,565,Customer demand expectation
SC-ENG-0006,2023,4,334,81,415,Critical part requirement
SC-ENG-0006,2023,5,401,-97,304,Customer demand expectation
SC-ENG-0006,2023,6,569,114,683,Lead time consideration
SC-ENG-0006,2023,7,1061,-383,678,Inventory consideration
SC-ENG-0006,2023,8,530,87,617,Critical part requirement
SC-ENG-0006,2023,9,295,-58,237,Inventory consideration
SC-ENG-0006,2023,10,528,-78,450,Customer demand expectation
SC-ENG-0006,2023,11,370,79,449,Critical part requirement
SC-ENG-0006,2023,12,470,-113,357,Inventory consideration
SC-ENG-0006,2024,1,645,119,764,Customer demand expectation
SC-ENG-0006,2024,2,995,-207,788,Inventory consideration
SC-ENG-0006,2024,3,749,-190,559,Inventory consideration
SC-ENG-0006,2024,4,760,105,865,Lead time consideration
SC-ENG-0006,2024,5,251,97,348,Lead time consideration
SC-ENG-0006,2024,6,944,280,1224,Lead time consideration
SC-ENG-0006,2024,7,726,275,1001,Critical part requirement
SC-ENG-0006,2024,8,559,63,622,Critical part requirement
SC-ENG-0006,2024,9,635,0,635,
SC-ENG-0006,2024,10,184,-40,144,Customer demand expectation
SC-ENG-0006,2024,11,692,199,891,Lead time consideration
SC-ENG-0006,2024,12,826,-102,724,Customer demand expectation
SC-SUS-0014,2020,1,2,0,2,Customer demand expectation
SC-SUS-0014,2020,2,3,-1,2,Customer demand expectation
SC-SUS-0014,2020,3,12,-3,9,Inventory consideration
SC-SUS-0014,2020,4,4,0,4,No adjustment
SC-SUS-0014,2020,5,3,0,3,Customer demand expectation
SC-SUS-0014,2020,6,7,-1,6,Inventory consideration
SC-SUS-0014,2020,7,15,-2,13,Inventory consideration
SC-SUS-0014,2020,8,13,-2,11,
SC-SUS-0014,2020,9,10,0,10,
SC-SUS-0014,2020,10,11,-4,7,Customer demand expectation
SC-SUS-0014,2020,11,8,0,8,
SC-SUS-0014,2020,12,7,0,7,No adjustment
SC-SUS-0014,2021,1,24,-9,15,Inventory consideration
SC-SUS-0014,2021,2,0,0,0,Inventory consideration
SC-SUS-0014,2021,3,20,-9,11,Inventory consideration
SC-SUS-0014,2021,4,16,7,23,Customer demand expectation
SC-SUS-0014,2021,5,18,0,18,
SC-SUS-0014,2021,6,7,-3,4,Inventory consideration
SC-SUS-0014,2021,7,5,0,5,
SC-SUS-0014,2021,8,14,3,17,Critical part requirement
SC-SUS-0014,2021,9,4,0,4,
SC-SUS-0014,2021,10,27,11,38,Lead time consideration
SC-SUS-0014,2021,11,30,-6,24,Customer demand expectation
SC-SUS-0014,2021,12,22,-8,14,Inventory consideration
SC-SUS-0014,2022,1,24,-9,15,Inventory consideration
SC-SUS-0014,2022,2,31,-4,27,Inventory consideration
SC-SUS-0014,2022,3,20,-5,15,Inventory consideration
SC-SUS-0014,2022,4,30,-13,17,Inventory consideration
SC-SUS-0014,2022,5,0,0,0,Customer demand expectation
SC-SUS-0014,2022,6,40,-10,30,Inventory consideration
SC-SUS-0014,2022,7,37,-13,24,Customer demand expectation
SC-SUS-0014,2022,8,12,0,12,
SC-SUS-0014,2022,9,22,-9,13,Inventory consideration
SC-SUS-0014,2022,10,14,2,16,Lead time consideration
SC-SUS-0014,2022,11,12,0,12,
SC-SUS-0014,2022,12,25,-6,19,Inventory consideration
SC-SUS-0014,2023,1,28,-6,22,Inventory consideration
SC-SUS-0014,2023,2,10,-2,8,Inventory consideration
SC-SUS-0014,2023,3,31,0,31,No adjustment
SC-SUS-0014,2023,4,10,0,10,No adjustment
SC-SUS-0014,2023,5,10,-2,8,Customer demand expectation
SC-SUS-0014,2023,6,3,-1,2,Customer demand expectation
SC-SUS-0014,2023,7,21,0,21,
SC-SUS-0014,2023,8,5,-2,3,Inventory consideration
SC-SUS-0014,2023,9,22,4,26,Lead time consideration
SC-SUS-0014,2023,10,0,0,0,
SC-SUS-0014,2023,11,25,0,25,
SC-SUS-0014,2023,12,7,-2,5,Customer demand expectation
SC-SUS-0014,2024,1,41,-16,25,
SC-SUS-0014,2024,2,0,0,0,Customer demand expectation
SC-SUS-0014,2024,3,21,-2,19,Inventory consideration
SC-SUS-0014,2024,4,5,0,5,
SC-SUS-0014,2024,5,14,-2,12,Inventory consideration
SC-SUS-0014,2024,6,28,0,28,No adjustment
SC-SUS-0014,2024,7,32,-11,21,Customer demand expectation
SC-SUS-0014,2024,8,7,2,9,Customer demand expectation
SC-SUS-0014,2024,9,5,0,5,
SC-SUS-0014,2024,10,32,-10,22,Customer demand expectation
SC-SUS-0014,2024,11,26,-9,17,Inventory consideration
SC-SUS-0014,2024,12,8,-2,6,Inventory consideration
SC-BRK-0006,2020,1,124,-20,104,Customer demand expectation
SC-BRK-0006,2020,2,129,0,129,
SC-BRK-0006,2020,3,197,-41,156,Inventory consideration
SC-BRK-0006,2020,4,310,0,310,No adjustment
SC-BRK-0006,2020,5,126,37,163,Lead time consideration
SC-BRK-0006,2020,6,350,0,350,
SC-BRK-0006,2020,7,280,113,393,Critical part requirement
SC-BRK-0006,2020,8,381,49,430,Customer demand expectation
SC-BRK-0006,2020,9,362,0,362,No adjustment
SC-BRK-0006,2020,10,377,-112,265,Customer demand expectation
SC-BRK-0006,2020,11,352,0,352,
SC-BRK-0006,2020,12,214,-85,129,Customer demand expectation
SC-BRK-0006,2021,1,438,0,438,
SC-BRK-0006,2021,2,345,-154,191,Customer demand expectation
SC-BRK-0006,2021,3,315,0,315,
SC-BRK-0006,2021,4,395,0,395,
SC-BRK-0006,2021,5,243,-67,176,Inventory consideration
SC-BRK-0006,2021,6,329,0,329,
SC-BRK-0006,2021,7,183,-21,162,Customer demand expectation
SC-BRK-0006,2021,8,468,0,468,No adjustment
SC-BRK-0006,2021,9,623,0,623,No adjustment
SC-BRK-0006,2021,10,300,-102,198,Customer demand expectation
SC-BRK-0006,2021,11,154,0,154,No adjustment
SC-BRK-0006,2021,12,307,99,406,Customer demand expectation
SC-BRK-0006,2022,1,409,-65,344,Inventory consideration
SC-BRK-0006,2022,2,85,37,122,Lead time consideration
SC-BRK-0006,2022,3,351,0,351,No adjustment
SC-BRK-0006,2022,4,314,89,403,Customer demand expectation
SC-BRK-0006,2022,5,359,0,359,No adjustment
SC-BRK-0006,2022,6,365,-153,212,Customer demand expectation
SC-BRK-0006,2022,7,313,0,313,No adjustment
SC-BRK-0006,2022,8,278,-50,228,Customer demand expectation
SC-BRK-0006,2022,9,340,-125,215,Customer demand expectation
SC-BRK-0006,2022,10,441,-187,254,Customer demand expectation
SC-BRK-0006,2022,11,330,-113,217,Customer demand expectation
SC-BRK-0006,2022,12,279,0,279,No adjustment
SC-BRK-0006,2023,1,411,0,411,
SC-BRK-0006,2023,2,395,93,488,Critical part requirement
SC-BRK-0006,2023,3,510,0,510,No adjustment
SC-BRK-0006,2023,4,276,-104,172,Inventory consideration
SC-BRK-0006,2023,5,365,0,365,
SC-BRK-0006,2023,6,318,0,318,No adjustment
SC-BRK-0006,2023,7,550,-94,456,Inventory consideration
SC-BRK-0006,2023,8,422,152,574,Lead time consideration
SC-BRK-0006,2023,9,588,0,588,
SC-BRK-0006,2023,10,675,183,858,Critical part requirement
SC-BRK-0006,2023,11,267,0,267,No adjustment
SC-BRK-0006,2023,12,495,-51,444,Inventory consideration
SC-BRK-0006,2024,1,345,0,345,No adjustment
SC-BRK-0006,2024,2,340,-90,250,Inventory consideration
SC-BRK-0006,2024,3,640,0,640,No adjustment
SC-BRK-0006,2024,4,594,-217,377,Inventory consideration
SC-BRK-0006,2024,5,297,-127,170,Customer demand expectation
SC-BRK-0006,2024,6,450,176,626,Lead time consideration
SC-BRK-0006,2024,7,1087,0,1087,
SC-BRK-0006,2024,8,609,-182,427,Inventory consideration
SC-BRK-0006,2024,9,759,265,1024,Critical part requirement
SC-BRK-0006,2024,10,375,0,375,No adjustment
SC-BRK-0006,2024,11,308,0,308,
SC-BRK-0006,2024,12,335,61,396,Customer demand expectation
SC-HYD-0007,2020,1,514,0,514,
SC-HYD-0007,2020,2,573,153,726,Customer demand expectation
SC-HYD-0007,2020,3,680,-150,530,
SC-HYD-0007,2020,4,453,88,541,Lead time consideration
SC-HYD-0007,2020,5,398,-93,305,Customer demand expectation
SC-HYD-0007,2020,6,546,73,619,Lead time consideration
SC-HYD-0007,2020,7,573,-61,512,Customer demand expectation
SC-HYD-0007,2020,8,450,0,450,No adjustment
SC-HYD-0007,2020,9,747,0,747,
SC-HYD-0007,2020,10,719,-300,419,Customer demand expectation
SC-HYD-0007,2020,11,344,0,344,No adjustment
SC-HYD-0007,2020,12,302,-50,252,Inventory consideration
SC-HYD-0007,2021,1,586,-180,406,Customer demand expectation
SC-HYD-0007,2021,2,788,-295,493,Inventory consideration
SC-HYD-0007,2021,3,566,-89,477,Inventory consideration
SC-HYD-0007,2021,4,482,0,482,
SC-HYD-0007,2021,5,659,0,659,No adjustment
SC-HYD-0007,2021,6,298,0,298,No adjustment
SC-HYD-0007,2021,7,401,-167,234,Inventory consideration
SC-HYD-0007,2021,8,769,-139,630,Customer demand expectation
SC-HYD-0007,2021,9,767,0,767,
SC-HYD-0007,2021,10,698,-124,574,Customer demand expectation
SC-HYD-0007,2021,11,409,144,553,Critical part requirement
SC-HYD-0007,2021,12,627,-218,409,Customer demand expectation
SC-HYD-0007,2022,1,1163,428,1591,Critical part requirement
SC-HYD-0007,2022,2,716,0,716,
SC-HYD-0007,2022,3,834,200,1034,Lead time consideration
SC-HYD-0007,2022,4,455,0,455,
SC-HYD-0007,2022,5,470,-59,411,Inventory consideration
SC-HYD-0007,2022,6,708,0,708,No adjustment
SC-HYD-0007,2022,7,496,-95,401,Inventory consideration
SC-HYD-0007,2022,8,484,104,588,Customer demand expectation
SC-HYD-0007,2022,9,556,0,556,
SC-HYD-0007,2022,10,345,63,408,Lead time consideration
SC-HYD-0007,2022,11,761,278,1039,Customer demand expectation
SC-HYD-0007,2022,12,873,-276,597,Inventory consideration
SC-HYD-0007,2023,1,1044,0,1044,
SC-HYD-0007,2023,2,764,-305,459,Customer demand expectation
SC-HYD-0007,2023,3,543,87,630,Lead time consideration
SC-HYD-0007,2023,4,642,259,901,Critical part requirement
SC-HYD-0007,2023,5,704,0,704,
SC-HYD-0007,2023,6,886,0,886,
SC-HYD-0007,2023,7,583,210,793,Critical part requirement
SC-HYD-0007,2023,8,763,180,943,Customer demand expectation
SC-HYD-0007,2023,9,570,-98,472,Customer demand expectation
SC-HYD-0007,2023,10,957,348,1305,Customer demand expectation
SC-HYD-0007,2023,11,713,-99,614,Customer demand expectation
SC-HYD-0007,2023,12,795,0,795,
SC-HYD-0007,2024,1,1217,521,1738,Lead time consideration
SC-HYD-0007,2024,2,812,-322,490,Customer demand expectation
SC-HYD-0007,2024,3,841,-252,589,Inventory consideration
SC-HYD-0007,2024,4,1161,0,1161,
SC-HYD-0007,2024,5,392,-162,230,Customer demand expectation
SC-HYD-0007,2024,6,652,0,652,
SC-HYD-0007,2024,7,673,93,766,Critical part requirement
SC-HYD-0007,2024,8,802,0,802,No adjustment
SC-HYD-0007,2024,9,753,-77,676,Customer demand expectation
SC-HYD-0007,2024,10,665,0,665,No adjustment
SC-HYD-0007,2024,11,597,0,597,
SC-HYD-0007,2024,12,1318,0,1318,
SC-SUS-0015,2020,1,202,0,202,No adjustment
SC-SUS-0015,2020,2,159,0,159,No adjustment
SC-SUS-0015,2020,3,341,0,341,
SC-SUS-0015,2020,4,121,-46,75,Customer demand expectation
SC-SUS-0015,2020,5,236,30,266,Customer demand expectation
SC-SUS-0015,2020,6,152,0,152,No adjustment
SC-SUS-0015,2020,7,220,0,220,
SC-SUS-0015,2020,8,147,-59,88,
SC-SUS-0015,2020,9,61,25,86,Customer demand expectation
SC-SUS-0015,2020,10,133,0,133,
SC-SUS-0015,2020,11,238,82,320,Lead time consideration
SC-SUS-0015,2020,12,334,-71,263,Customer demand expectation
SC-SUS-0015,2021,1,234,93,327,Lead time consideration
SC-SUS-0015,2021,2,300,0,300,No adjustment
SC-SUS-0015,2021,3,238,-76,162,Inventory consideration
SC-SUS-0015,2021,4,209,-64,145,Inventory consideration
SC-SUS-0015,2021,5,142,0,142,No adjustment
SC-SUS-0015,2021,6,143,62,205,Customer demand expectation
SC-SUS-0015,2021,7,287,0,287,
SC-SUS-0015,2021,8,264,0,264,No adjustment
SC-SUS-0015,2021,9,276,0,276,
SC-SUS-0015,2021,10,90,0,90,
SC-SUS-0015,2021,11,257,83,340,Customer demand expectation
SC-SUS-0015,2021,12,252,-111,141,Customer demand expectation
SC-SUS-0015,2022,1,185,53,238,
SC-SUS-0015,2022,2,259,-83,176,Customer demand expectation
SC-SUS-0015,2022,3,161,-52,109,Customer demand expectation
SC-SUS-0015,2022,4,192,0,192,No adjustment
SC-SUS-0015,2022,5,87,20,107,
SC-SUS-0015,2022,6,241,-39,202,Inventory consideration
SC-SUS-0015,2022,7,153,-30,123,Customer demand expectation
SC-SUS-0015,2022,8,240,31,271,Customer demand expectation
SC-SUS-0015,2022,9,203,50,253,Critical part requirement
SC-SUS-0015,2022,10,333,0,333,
SC-SUS-0015,2022,11,140,-18,122,Customer demand expectation
SC-SUS-0015,2022,12,208,0,208,
SC-SUS-0015,2023,1,90,-18,72,Customer demand expectation
SC-SUS-0015,2023,2,281,0,281,
SC-SUS-0015,2023,3,182,59,241,Critical part requirement
SC-SUS-0015,2023,4,114,24,138,Lead time consideration
SC-SUS-0015,2023,5,130,36,166,Critical part requirement
SC-SUS-0015,2023,6,204,0,204,
SC-SUS-0015,2023,7,158,23,181,Critical part requirement
SC-SUS-0015,2023,8,241,70,311,Critical part requirement
SC-SUS-0015,2023,9,327,57,384,Customer demand expectation
SC-SUS-0015,2023,10,339,0,339,No adjustment
SC-SUS-0015,2023,11,210,-84,126,
SC-SUS-0015,2023,12,245,55,300,Critical part requirement
SC-SUS-0015,2024,1,166,44,210,Customer demand expectation
SC-SUS-0015,2024,2,184,-28,156,Inventory consideration
SC-SUS-0015,2024,3,145,-53,92,Inventory consideration
SC-SUS-0015,2024,4,202,0,202,
SC-SUS-0015,2024,5,152,45,197,Lead time consideration
SC-SUS-0015,2024,6,178,0,178,
SC-SUS-0015,2024,7,287,-51,236,Customer demand expectation
SC-SUS-0015,2024,8,210,0,210,No adjustment
SC-SUS-0015,2024,9,366,50,416,Lead time consideration
SC-SUS-0015,2024,10,145,0,145,
SC-SUS-0015,2024,11,150,36,186,Customer demand expectation
SC-SUS-0015,2024,12,378,0,378,
SC-FUE-0009,2020,1,27,4,31,
SC-FUE-0009,2020,2,22,-6,16,
SC-FUE-0009,2020,3,24,0,24,
SC-FUE-0009,2020,4,27,-10,17,
SC-FUE-0009,2020,5,125,0,125,No adjustment
SC-FUE-0009,2020,6,65,0,65,No adjustment
SC-FUE-0009,2020,7,74,22,96,Customer demand expectation
SC-FUE-0009,2020,8,71,0,71,No adjustment
SC-FUE-0009,2020,9,58,-20,38,Customer demand expectation
SC-FUE-0009,2020,10,5,1,6,Customer demand expectation
SC-FUE-0009,2020,11,85,-35,50,Inventory consideration
SC-FUE-0009,2020,12,77,0,77,No adjustment
SC-FUE-0009,2021,1,137,0,137,
SC-FUE-0009,2021,2,150,-58,92,Inventory consideration
SC-FUE-0009,2021,3,48,0,48,No adjustment
SC-FUE-0009,2021,4,63,0,63,No adjustment
SC-FUE-0009,2021,5,54,-6,48,Customer demand expectation
SC-FUE-0009,2021,6,150,0,150,No adjustment
SC-FUE-0009,2021,7,50,-7,43,Inventory consideration
SC-FUE-0009,2021,8,58,0,58,
SC-FUE-0009,2021,9,98,42,140,Customer demand expectation
SC-FUE-0009,2021,10,32,11,43,Critical part requirement
SC-FUE-0009,2021,11,21,0,21,
SC-FUE-0009,2021,12,88,-10,78,Inventory consideration
SC-FUE-0009,2022,1,37,-16,21,Inventory consideration
SC-FUE-0009,2022,2,36,-4,32,Customer demand expectation
SC-FUE-0009,2022,3,176,-19,157,Inventory consideration
SC-FUE-0009,2022,4,53,-20,33,Inventory consideration
SC-FUE-0009,2022,5,9,0,9,No adjustment
SC-FUE-0009,2022,6,85,0,85,No adjustment
SC-FUE-0009,2022,7,119,-18,101,
SC-FUE-0009,2022,8,60,0,60,
SC-FUE-0009,2022,9,14,5,19,Lead time consideration
SC-FUE-0009,2022,10,130,0,130,
SC-FUE-0009,2022,11,83,-21,62,Inventory consideration
SC-FUE-0009,2022,12,77,0,77,No adjustment
SC-FUE-0009,2023,1,131,-55,76,Customer demand expectation
SC-FUE-0009,2023,2,216,36,252,Critical part requirement
SC-FUE-0009,2023,3,142,-61,81,Customer demand expectation
SC-FUE-0009,2023,4,164,-27,137,Customer demand expectation
SC-FUE-0009,2023,5,210,-79,131,Customer demand expectation
SC-FUE-0009,2023,6,85,-32,53,Customer demand expectation
SC-FUE-0009,2023,7,131,25,156,Lead time consideration
SC-FUE-0009,2023,8,88,29,117,Lead time consideration
SC-FUE-0009,2023,9,156,-29,127,Inventory consideration
SC-FUE-0009,2023,10,108,0,108,No adjustment
SC-FUE-0009,2023,11,60,0,60,
SC-FUE-0009,2023,12,83,-19,64,Inventory consideration
SC-FUE-0009,2024,1,147,0,147,No adjustment
SC-FUE-0009,2024,2,67,23,90,Lead time consideration
SC-FUE-0009,2024,3,40,-10,30,Customer demand expectation
SC-FUE-0009,2024,4,99,0,99,
SC-FUE-0009,2024,5,78,33,111,Lead time consideration
SC-FUE-0009,2024,6,125,27,152,Customer demand expectation
SC-FUE-0009,2024,7,61,12,73,Critical part requirement
SC-FUE-0009,2024,8,72,-21,51,
SC-FUE-0009,2024,9,58,-25,33,Inventory consideration
SC-FUE-0009,2024,10,83,-20,63,Inventory consideration
SC-FUE-0009,2024,11,81,-34,47,Inventory consideration
SC-FUE-0009,2024,12,114,0,114,
SC-ENG-0007,2020,1,220,43,263,Lead time consideration
SC-ENG-0007,2020,2,245,-76,169,Customer demand expectation
SC-ENG-0007,2020,3,266,0,266,
SC-ENG-0007,2020,4,332,42,374,
SC-ENG-0007,2020,5,568,174,742,Customer demand expectation
SC-ENG-0007,2020,6,865,-267,598,Customer demand expectation
SC-ENG-0007,2020,7,848,0,848,
SC-ENG-0007,2020,8,1189,400,1589,Lead time consideration
SC-ENG-0007,2020,9,525,104,629,Customer demand expectation
SC-ENG-0007,2020,10,415,-120,295,
SC-ENG-0007,2020,11,987,-208,779,Customer demand expectation
SC-ENG-0007,2020,12,753,0,753,
SC-ENG-0007,2021,1,1007,386,1393,Lead time consideration
SC-ENG-0007,2021,2,1072,-166,906,Inventory consideration
SC-ENG-0007,2021,3,994,408,1402,Customer demand expectation
SC-ENG-0007,2021,4,372,63,435,Customer demand expectation
SC-ENG-0007,2021,5,831,0,831,No adjustment
SC-ENG-0007,2021,6,690,255,945,Customer demand expectation
SC-ENG-0007,2021,7,869,315,1184,Critical part requirement
SC-ENG-0007,2021,8,955,0,955,No adjustment
SC-ENG-0007,2021,9,537,160,697,
SC-ENG-0007,2021,10,964,254,1218,Critical part requirement
SC-ENG-0007,2021,11,415,82,497,Critical part requirement
SC-ENG-0007,2021,12,971,-433,538,Customer demand expectation
SC-ENG-0007,2022,1,822,309,1131,Lead time consideration
SC-ENG-0007,2022,2,716,0,716,No adjustment
SC-ENG-0007,2022,3,1151,0,1151,
SC-ENG-0007,2022,4,78,19,97,Critical part requirement
SC-ENG-0007,2022,5,350,149,499,Lead time consideration
SC-ENG-0007,2022,6,636,201,837,Critical part requirement
SC-ENG-0007,2022,7,1001,-299,702,
SC-ENG-0007,2022,8,705,162,867,Critical part requirement
SC-ENG-0007,2022,9,874,269,1143,Critical part requirement
SC-ENG-0007,2022,10,1403,0,1403,No adjustment
SC-ENG-0007,2022,11,758,173,931,Customer demand expectation
SC-ENG-0007,2022,12,618,0,618,
SC-ENG-0007,2023,1,876,250,1126,Lead time consideration
SC-ENG-0007,2023,2,815,0,815,No adjustment
SC-ENG-0007,2023,3,854,-343,511,Customer demand expectation
SC-ENG-0007,2023,4,666,122,788,Customer demand expectation
SC-ENG-0007,2023,5,670,-79,591,Inventory consideration
SC-ENG-0007,2023,6,538,194,732,Lead time consideration
SC-ENG-0007,2023,7,1098,-193,905,Customer demand expectation
SC-ENG-0007,2023,8,878,255,1133,Customer demand expectation
SC-ENG-0007,2023,9,351,131,482,Customer demand expectation
SC-ENG-0007,2023,10,1376,0,1376,
SC-ENG-0007,2023,11,534,193,727,Critical part requirement
SC-ENG-0007,2023,12,629,239,868,Lead time consideration
SC-ENG-0007,2024,1,820,0,820,No adjustment
SC-ENG-0007,2024,2,571,-143,428,Inventory consideration
SC-ENG-0007,2024,3,442,0,442,
SC-ENG-0007,2024,4,690,-256,434,Customer demand expectation
SC-ENG-0007,2024,5,845,369,1214,Lead time consideration
SC-ENG-0007,2024,6,940,0,940,
SC-ENG-0007,2024,7,1355,-575,780,Inventory consideration
SC-ENG-0007,2024,8,519,53,572,Customer demand expectation
SC-ENG-0007,2024,9,1467,165,1632,Lead time consideration
SC-ENG-0007,2024,10,1165,257,1422,Critical part requirement
SC-ENG-0007,2024,11,487,-97,390,Inventory consideration
SC-ENG-0007,2024,12,673,-235,438,
SC-SUS-0016,2020,1,2043,0,2043,
SC-SUS-0016,2020,2,1540,0,1540,
SC-SUS-0016,2020,3,968,-406,562,Customer demand expectation
SC-SUS-0016,2020,4,1034,0,1034,
SC-SUS-0016,2020,5,1356,0,1356,
SC-SUS-0016,2020,6,1250,0,1250,
SC-SUS-0016,2020,7,1668,0,1668,No adjustment
SC-SUS-0016,2020,8,1493,-252,1241,Customer demand expectation
SC-SUS-0016,2020,9,946,0,946,
SC-SUS-0016,2020,10,1573,-398,1175,Customer demand expectation
SC-SUS-0016,2020,11,1445,-328,1117,Customer demand expectation
SC-SUS-0016,2020,12,1187,341,1528,Lead time consideration
SC-SUS-0016,2021,1,1627,-442,1185,Inventory consideration
SC-SUS-0016,2021,2,1112,-288,824,Inventory consideration
SC-SUS-0016,2021,3,1169,-347,822,Inventory consideration
SC-SUS-0016,2021,4,1544,0,1544,
SC-SUS-0016,2021,5,1389,0,1389,
SC-SUS-0016,2021,6,1102,0,1102,
SC-SUS-0016,2021,7,1397,-365,1032,Customer demand expectation
SC-SUS-0016,2021,8,1634,0,1634,No adjustment
SC-SUS-0016,2021,9,1600,0,1600,
SC-SUS-0016,2021,10,1697,614,2311,Customer demand expectation
SC-SUS-0016,2021,11,1624,630,2254,Critical part requirement
SC-SUS-0016,2021,12,1862,-265,1597,Inventory consideration
SC-SUS-0016,2022,1,2140,-677,1463,Customer demand expectation
SC-SUS-0016,2022,2,1241,0,1241,No adjustment
SC-SUS-0016,2022,3,1020,453,1473,Lead time consideration
SC-SUS-0016,2022,4,1146,-429,717,Customer demand expectation
SC-SUS-0016,2022,5,1375,0,1375,No adjustment
SC-SUS-0016,2022,6,1189,-226,963,Inventory consideration
SC-SUS-0016,2022,7,1192,150,1342,Critical part requirement
SC-SUS-0016,2022,8,1399,268,1667,Critical part requirement
SC-SUS-0016,2022,9,1702,534,2236,Lead time consideration
SC-SUS-0016,2022,10,1537,0,1537,
SC-SUS-0016,2022,11,939,203,1142,Critical part requirement
SC-SUS-0016,2022,12,1836,-709,1127,Customer demand expectation
SC-SUS-0016,2023,1,1920,0,1920,
SC-SUS-0016,2023,2,1356,0,1356,No adjustment
SC-SUS-0016,2023,3,1518,0,1518,No adjustment
SC-SUS-0016,2023,4,1285,0,1285,
SC-SUS-0016,2023,5,1730,-551,1179,Customer demand expectation
SC-SUS-0016,2023,6,1495,0,1495,
SC-SUS-0016,2023,7,1822,0,1822,
SC-SUS-0016,2023,8,1522,513,2035,Critical part requirement
SC-SUS-0016,2023,9,1898,-625,1273,Inventory consideration
SC-SUS-0016,2023,10,2006,0,2006,No adjustment
SC-SUS-0016,2023,11,2398,-1076,1322,Inventory consideration
SC-SUS-0016,2023,12,1816,243,2059,Customer demand expectation
SC-SUS-0016,2024,1,2081,0,2081,
SC-SUS-0016,2024,2,2334,610,2944,Lead time consideration
SC-SUS-0016,2024,3,1363,304,1667,Critical part requirement
SC-SUS-0016,2024,4,1465,362,1827,Lead time consideration
SC-SUS-0016,2024,5,1916,-626,1290,Customer demand expectation
SC-SUS-0016,2024,6,1743,0,1743,
SC-SUS-0016,2024,7,1261,454,1715,Critical part requirement
SC-SUS-0016,2024,8,1411,0,1411,
SC-SUS-0016,2024,9,1899,803,2702,Customer demand expectation
SC-SUS-0016,2024,10,1167,-160,1007,Inventory consideration
SC-SUS-0016,2024,11,2048,0,2048,
SC-SUS-0016,2024,12,2073,0,2073,
SC-ELC-0002,2020,1,321,0,321,No adjustment
SC-ELC-0002,2020,2,834,-276,558,Customer demand expectation
SC-ELC-0002,2020,3,226,-38,188,Customer demand expectation
SC-ELC-0002,2020,4,69,0,69,
SC-ELC-0002,2020,5,162,0,162,
SC-ELC-0002,2020,6,193,58,251,Critical part requirement
SC-ELC-0002,2020,7,559,0,559,
SC-ELC-0002,2020,8,560,0,560,
SC-ELC-0002,2020,9,318,0,318,
SC-ELC-0002,2020,10,472,0,472,No adjustment
SC-ELC-0002,2020,11,595,134,729,Customer demand expectation
SC-ELC-0002,2020,12,440,-132,308,Inventory consideration
SC-ELC-0002,2021,1,570,154,724,Critical part requirement
SC-ELC-0002,2021,2,268,-60,208,Inventory consideration
SC-ELC-0002,2021,3,435,93,528,Critical part requirement
SC-ELC-0002,2021,4,662,281,943,Customer demand expectation
SC-ELC-0002,2021,5,470,0,470,
SC-ELC-0002,2021,6,399,-91,308,Customer demand expectation
SC-ELC-0002,2021,7,384,129,513,Customer demand expectation
SC-ELC-0002,2021,8,413,-155,258,Customer demand expectation
SC-ELC-0002,2021,9,261,62,323,Customer demand expectation
SC-ELC-0002,2021,10,257,-37,220,
SC-ELC-0002,2021,11,429,-179,250,Customer demand expectation
SC-ELC-0002,2021,12,448,-107,341,Inventory consideration
SC-ELC-0002,2022,1,425,-75,350,Customer demand expectation
SC-ELC-0002,2022,2,544,146,690,Critical part requirement
SC-ELC-0002,2022,3,500,-156,344,Customer demand expectation
SC-ELC-0002,2022,4,386,0,386,
SC-ELC-0002,2022,5,520,0,520,No adjustment
SC-ELC-0002,2022,6,526,0,526,No adjustment
SC-ELC-0002,2022,7,323,95,418,Lead time consideration
SC-ELC-0002,2022,8,542,-111,431,Inventory consideration
SC-ELC-0002,2022,9,416,-96,320,Inventory consideration
SC-ELC-0002,2022,10,211,-81,130,Customer demand expectation
SC-ELC-0002,2022,11,495,-199,296,Customer demand expectation
SC-ELC-0002,2022,12,895,-94,801,Customer demand expectation
SC-ELC-0002,2023,1,650,263,913,Lead time consideration
SC-ELC-0002,2023,2,1000,-223,777,Customer demand expectation
SC-ELC-0002,2023,3,518,-77,441,Customer demand expectation
SC-ELC-0002,2023,4,878,-372,506,Customer demand expectation
SC-ELC-0002,2023,5,471,196,667,Lead time consideration
SC-ELC-0002,2023,6,424,0,424,
SC-ELC-0002,2023,7,618,274,892,Critical part requirement
SC-ELC-0002,2023,8,757,-172,585,Inventory consideration
SC-ELC-0002,2023,9,606,-83,523,Inventory consideration
SC-ELC-0002,2023,10,843,-362,481,Inventory consideration
SC-ELC-0002,2023,11,815,-146,669,Inventory consideration
SC-ELC-0002,2023,12,414,78,492,Lead time consideration
SC-ELC-0002,2024,1,540,0,540,
SC-ELC-0002,2024,2,710,0,710,
SC-ELC-0002,2024,3,427,-95,332,Inventory consideration
SC-ELC-0002,2024,4,383,-120,263,
SC-ELC-0002,2024,5,483,0,483,
SC-ELC-0002,2024,6,778,122,900,Critical part requirement
SC-ELC-0002,2024,7,519,88,607,Customer demand expectation
SC-ELC-0002,2024,8,461,92,553,Customer demand expectation
SC-ELC-0002,2024,9,577,-162,415,Customer demand expectation
SC-ELC-0002,2024,10,675,-218,457,Inventory consideration
SC-ELC-0002,2024,11,492,0,492,No adjustment
SC-ELC-0002,2024,12,1344,400,1744,Lead time consideration
SC-TWA-0005,2020,1,0,0,0,Inventory consideration
SC-TWA-0005,2020,2,0,0,0,Lead time consideration
SC-TWA-0005,2020,3,2,0,2,Customer demand expectation
SC-TWA-0005,2020,4,2,-1,1,Customer demand expectation
SC-TWA-0005,2020,5,0,0,0,No adjustment
SC-TWA-0005,2020,6,2,0,2,Inventory consideration
SC-TWA-0005,2020,7,1,0,1,
SC-TWA-0005,2020,8,1,0,1,Customer demand expectation
SC-TWA-0005,2020,9,3,0,3,No adjustment
SC-TWA-0005,2020,10,0,0,0,
SC-TWA-0005,2020,11,3,0,3,No adjustment
SC-TWA-0005,2020,12,2,-1,1,Customer demand expectation
SC-TWA-0005,2021,1,8,0,8,
SC-TWA-0005,2021,2,5,-2,3,Inventory consideration
SC-TWA-0005,2021,3,5,1,6,Customer demand expectation
SC-TWA-0005,2021,4,9,-4,5,
SC-TWA-0005,2021,5,6,-2,4,Inventory consideration
SC-TWA-0005,2021,6,6,-2,4,Customer demand expectation
SC-TWA-0005,2021,7,15,-4,11,Customer demand expectation
SC-TWA-0005,2021,8,0,0,0,Inventory consideration
SC-TWA-0005,2021,9,6,-1,5,Inventory consideration
SC-TWA-0005,2021,10,2,0,2,
SC-TWA-0005,2021,11,12,-4,8,Inventory consideration
SC-TWA-0005,2021,12,8,0,8,
SC-TWA-0005,2022,1,8,0,8,No adjustment
SC-TWA-0005,2022,2,10,-2,8,Inventory consideration
SC-TWA-0005,2022,3,5,-1,4,Inventory consideration
SC-TWA-0005,2022,4,1,0,1,Customer demand expectation
SC-TWA-0005,2022,5,9,-2,7,Customer demand expectation
SC-TWA-0005,2022,6,4,-1,3,Customer demand expectation
SC-TWA-0005,2022,7,9,0,9,
SC-TWA-0005,2022,8,3,0,3,No adjustment
SC-TWA-0005,2022,9,1,0,1,Customer demand expectation
SC-TWA-0005,2022,10,0,0,0,Lead time consideration
SC-TWA-0005,2022,11,6,2,8,Lead time consideration
SC-TWA-0005,2022,12,4,-2,2,Customer demand expectation
SC-TWA-0005,2023,1,12,0,12,
SC-TWA-0005,2023,2,3,0,3,No adjustment
SC-TWA-0005,2023,3,8,-2,6,Customer demand expectation
SC-TWA-0005,2023,4,14,0,14,
SC-TWA-0005,2023,5,2,-1,1,Inventory consideration
SC-TWA-0005,2023,6,6,0,6,No adjustment
SC-TWA-0005,2023,7,5,-2,3,Customer demand expectation
SC-TWA-0005,2023,8,12,-3,9,Inventory consideration
SC-TWA-0005,2023,9,4,0,4,Customer demand expectation
SC-TWA-0005,2023,10,0,0,0,Inventory consideration
SC-TWA-0005,2023,11,8,0,8,
SC-TWA-0005,2023,12,8,0,8,
SC-TWA-0005,2024,1,4,0,4,No adjustment
SC-TWA-0005,2024,2,5,1,6,Customer demand expectation
SC-TWA-0005,2024,3,6,0,6,
SC-TWA-0005,2024,4,7,-2,5,Inventory consideration
SC-TWA-0005,2024,5,4,-1,3,Customer demand expectation
SC-TWA-0005,2024,6,7,0,7,
SC-TWA-0005,2024,7,5,0,5,No adjustment
SC-TWA-0005,2024,8,13,6,19,Customer demand expectation
SC-TWA-0005,2024,9,1,0,1,
SC-TWA-0005,2024,10,2,1,3,Customer demand expectation
SC-TWA-0005,2024,11,0,0,0,Inventory consideration
SC-TWA-0005,2024,12,3,-1,2,Inventory consideration
SC-HYD-0008,2020,1,107,-25,82,Customer demand expectation
SC-HYD-0008,2020,2,87,-24,63,Customer demand expectation
SC-HYD-0008,2020,3,38,-4,34,Inventory consideration
SC-HYD-0008,2020,4,53,0,53,No adjustment
SC-HYD-0008,2020,5,145,40,185,Customer demand expectation
SC-HYD-0008,2020,6,61,-22,39,Inventory consideration
SC-HYD-0008,2020,7,97,0,97,No adjustment
SC-HYD-0008,2020,8,66,0,66,
SC-HYD-0008,2020,9,121,13,134,Customer demand expectation
SC-HYD-0008,2020,10,149,15,164,Lead time consideration
SC-HYD-0008,2020,11,92,-31,61,Customer demand expectation
SC-HYD-0008,2020,12,163,-25,138,Inventory consideration
SC-HYD-0008,2021,1,29,0,29,
SC-HYD-0008,2021,2,102,0,102,No adjustment
SC-HYD-0008,2021,3,45,-19,26,Customer demand expectation
SC-HYD-0008,2021,4,84,-9,75,Inventory consideration
SC-HYD-0008,2021,5,91,27,118,Lead time consideration
SC-HYD-0008,2021,6,37,6,43,Critical part requirement
SC-HYD-0008,2021,7,92,0,92,
SC-HYD-0008,2021,8,63,0,63,No adjustment
SC-HYD-0008,2021,9,0,0,0,Lead time consideration
SC-HYD-0008,2021,10,112,0,112,
SC-HYD-0008,2021,11,87,0,87,No adjustment
SC-HYD-0008,2021,12,94,0,94,No adjustment
SC-HYD-0008,2022,1,113,-15,98,Customer demand expectation
SC-HYD-0008,2022,2,80,-9,71,Customer demand expectation
SC-HYD-0008,2022,3,24,9,33,Critical part requirement
SC-HYD-0008,2022,4,125,-34,91,Customer demand expectation
SC-HYD-0008,2022,5,148,-33,115,Customer demand expectation
SC-HYD-0008,2022,6,148,20,168,Critical part requirement
SC-HYD-0008,2022,7,76,-30,46,Inventory consideration
SC-HYD-0008,2022,8,100,0,100,
SC-HYD-0008,2022,9,93,0,93,No adjustment
SC-HYD-0008,2022,10,109,0,109,
SC-HYD-0008,2022,11,0,0,0,Inventory consideration
SC-HYD-0008,2022,12,93,-15,78,Customer demand expectation
SC-HYD-0008,2023,1,113,43,156,Critical part requirement
SC-HYD-0008,2023,2,67,-9,58,Customer demand expectation
SC-HYD-0008,2023,3,43,-15,28,Inventory consideration
SC-HYD-0008,2023,4,132,-20,112,
SC-HYD-0008,2023,5,145,-49,96,Customer demand expectation
SC-HYD-0008,2023,6,83,0,83,No adjustment
SC-HYD-0008,2023,7,103,20,123,Critical part requirement
SC-HYD-0008,2023,8,112,0,112,
SC-HYD-0008,2023,9,169,-53,116,Customer demand expectation
SC-HYD-0008,2023,10,159,-21,138,Customer demand expectation
SC-HYD-0008,2023,11,122,0,122,No adjustment
SC-HYD-0008,2023,12,131,0,131,No adjustment
SC-HYD-0008,2024,1,192,0,192,
SC-HYD-0008,2024,2,101,0,101,
SC-HYD-0008,2024,3,134,0,134,No adjustment
SC-HYD-0008,2024,4,97,-18,79,Inventory consideration
SC-HYD-0008,2024,5,115,0,115,No adjustment
SC-HYD-0008,2024,6,115,21,136,Customer demand expectation
SC-HYD-0008,2024,7,76,-13,63,Customer demand expectation
SC-HYD-0008,2024,8,89,0,89,
SC-HYD-0008,2024,9,157,0,157,
SC-HYD-0008,2024,10,240,-68,172,Inventory consideration
SC-HYD-0008,2024,11,92,-38,54,Inventory consideration
SC-HYD-0008,2024,12,192,-31,161,Customer demand expectation
SC-TWA-0006,2020,1,15,0,15,No adjustment
SC-TWA-0006,2020,2,13,5,18,Customer demand expectation
SC-TWA-0006,2020,3,0,0,0,No adjustment
SC-TWA-0006,2020,4,2,0,2,
SC-TWA-0006,2020,5,2,0,2,
SC-TWA-0006,2020,6,6,1,7,Customer demand expectation
SC-TWA-0006,2020,7,8,2,10,Customer demand expectation
SC-TWA-0006,2020,8,13,6,19,Lead time consideration
SC-TWA-0006,2020,9,11,-4,7,Inventory consideration
SC-TWA-0006,2020,10,31,11,42,Customer demand expectation
SC-TWA-0006,2020,11,5,0,5,
SC-TWA-0006,2020,12,27,9,36,Lead time consideration
SC-TWA-0006,2021,1,5,0,5,
SC-TWA-0006,2021,2,24,0,24,
SC-TWA-0006,2021,3,10,-1,9,Inventory consideration
SC-TWA-0006,2021,4,32,-7,25,Inventory consideration
SC-TWA-0006,2021,5,3,-1,2,Inventory consideration
SC-TWA-0006,2021,6,33,0,33,No adjustment
SC-TWA-0006,2021,7,14,1,15,Critical part requirement
SC-TWA-0006,2021,8,12,4,16,Lead time consideration
SC-TWA-0006,2021,9,9,-2,7,Customer demand expectation
SC-TWA-0006,2021,10,19,2,21,Customer demand expectation
SC-TWA-0006,2021,11,7,3,10,Lead time consideration
SC-TWA-0006,2021,12,10,3,13,Critical part requirement
SC-TWA-0006,2022,1,11,5,16,Customer demand expectation
SC-TWA-0006,2022,2,20,7,27,Customer demand expectation
SC-TWA-0006,2022,3,14,0,14,No adjustment
SC-TWA-0006,2022,4,6,0,6,No adjustment
SC-TWA-0006,2022,5,7,3,10,Critical part requirement
SC-TWA-0006,2022,6,4,0,4,
SC-TWA-0006,2022,7,1,0,1,Lead time consideration
SC-TWA-0006,2022,8,22,0,22,
SC-TWA-0006,2022,9,15,4,19,Critical part requirement
SC-TWA-0006,2022,10,14,2,16,Critical part requirement
SC-TWA-0006,2022,11,5,2,7,
SC-TWA-0006,2022,12,27,0,27,No adjustment
SC-TWA-0006,2023,1,8,0,8,
SC-TWA-0006,2023,2,4,1,5,Critical part requirement
SC-TWA-0006,2023,3,10,0,10,
SC-TWA-0006,2023,4,0,0,0,
SC-TWA-0006,2023,5,17,3,20,Lead time consideration
SC-TWA-0006,2023,6,11,2,13,Lead time consideration
SC-TWA-0006,2023,7,11,3,14,Lead time consideration
SC-TWA-0006,2023,8,28,-8,20,Customer demand expectation
SC-TWA-0006,2023,9,9,1,10,
SC-TWA-0006,2023,10,3,0,3,Critical part requirement
SC-TWA-0006,2023,11,6,-2,4,Inventory consideration
SC-TWA-0006,2023,12,7,-1,6,
SC-TWA-0006,2024,1,16,2,18,Lead time consideration
SC-TWA-0006,2024,2,5,-2,3,Customer demand expectation
SC-TWA-0006,2024,3,3,1,4,
SC-TWA-0006,2024,4,4,1,5,Lead time consideration
SC-TWA-0006,2024,5,3,1,4,Customer demand expectation
SC-TWA-0006,2024,6,0,0,0,Inventory consideration
SC-TWA-0006,2024,7,16,-3,13,Inventory consideration
SC-TWA-0006,2024,8,13,3,16,Critical part requirement
SC-TWA-0006,2024,9,7,1,8,Customer demand expectation
SC-TWA-0006,2024,10,1,0,1,No adjustment
SC-TWA-0006,2024,11,0,0,0,
SC-TWA-0006,2024,12,11,0,11,No adjustment
SC-TRN-0006,2020,1,267,0,267,
SC-TRN-0006,2020,2,444,-101,343,Customer demand expectation
SC-TRN-0006,2020,3,591,0,591,No adjustment
SC-TRN-0006,2020,4,803,0,803,No adjustment
SC-TRN-0006,2020,5,302,0,302,
SC-TRN-0006,2020,6,356,0,356,
SC-TRN-0006,2020,7,497,0,497,No adjustment
SC-TRN-0006,2020,8,761,286,1047,Customer demand expectation
SC-TRN-0006,2020,9,290,68,358,Customer demand expectation
SC-TRN-0006,2020,10,398,109,507,Customer demand expectation
SC-TRN-0006,2020,11,591,0,591,
SC-TRN-0006,2020,12,1272,186,1458,Customer demand expectation
SC-TRN-0006,2021,1,285,45,330,Customer demand expectation
SC-TRN-0006,2021,2,375,-158,217,Customer demand expectation
SC-TRN-0006,2021,3,430,72,502,Lead time consideration
SC-TRN-0006,2021,4,614,0,614,
SC-TRN-0006,2021,5,391,0,391,
SC-TRN-0006,2021,6,363,156,519,Customer demand expectation
SC-TRN-0006,2021,7,506,-64,442,Inventory consideration
SC-TRN-0006,2021,8,655,0,655,
SC-TRN-0006,2021,9,748,0,748,
SC-TRN-0006,2021,10,569,0,569,
SC-TRN-0006,2021,11,759,0,759,No adjustment
SC-TRN-0006,2021,12,738,0,738,
SC-TRN-0006,2022,1,489,-92,397,Customer demand expectation
SC-TRN-0006,2022,2,659,-82,577,Inventory consideration
SC-TRN-0006,2022,3,546,156,702,Customer demand expectation
SC-TRN-0006,2022,4,669,0,669,
SC-TRN-0006,2022,5,496,0,496,No adjustment
SC-TRN-0006,2022,6,608,0,608,No adjustment
SC-TRN-0006,2022,7,578,-139,439,Inventory consideration
SC-TRN-0006,2022,8,788,-160,628,Customer demand expectation
SC-TRN-0006,2022,9,770,-84,686,Customer demand expectation
SC-TRN-0006,2022,10,1051,440,1491,Customer demand expectation
SC-TRN-0006,2022,11,836,-137,699,
SC-TRN-0006,2022,12,859,378,1237,Lead time consideration
SC-TRN-0006,2023,1,957,-272,685,Customer demand expectation
SC-TRN-0006,2023,2,517,142,659,Customer demand expectation
SC-TRN-0006,2023,3,431,0,431,No adjustment
SC-TRN-0006,2023,4,632,-175,457,
SC-TRN-0006,2023,5,1047,410,1457,Customer demand expectation
SC-TRN-0006,2023,6,1089,-437,652,Inventory consideration
SC-TRN-0006,2023,7,1140,-310,830,Customer demand expectation
SC-TRN-0006,2023,8,875,-113,762,Customer demand expectation
SC-TRN-0006,2023,9,950,-114,836,Customer demand expectation
SC-TRN-0006,2023,10,745,0,745,No adjustment
SC-TRN-0006,2023,11,719,-282,437,Inventory consideration
SC-TRN-0006,2023,12,650,-138,512,Inventory consideration
SC-TRN-0006,2024,1,587,-122,465,Inventory consideration
SC-TRN-0006,2024,2,527,84,611,Customer demand expectation
SC-TRN-0006,2024,3,812,91,903,
SC-TRN-0006,2024,4,1244,0,1244,No adjustment
SC-TRN-0006,2024,5,962,100,1062,Lead time consideration
SC-TRN-0006,2024,6,1551,603,2154,Lead time consideration
SC-TRN-0006,2024,7,558,-170,388,Inventory consideration
SC-TRN-0006,2024,8,372,154,526,
SC-TRN-0006,2024,9,450,0,450,No adjustment
SC-TRN-0006,2024,10,959,0,959,
SC-TRN-0006,2024,11,857,223,1080,Customer demand expectation
SC-TRN-0006,2024,12,950,-371,579,Inventory consideration
SC-HYD-0009,2020,1,11,0,11,
SC-HYD-0009,2020,2,9,2,11,Critical part requirement
SC-HYD-0009,2020,3,32,-4,28,Inventory consideration
SC-HYD-0009,2020,4,25,0,25,No adjustment
SC-HYD-0009,2020,5,27,3,30,Critical part requirement
SC-HYD-0009,2020,6,51,-17,34,Customer demand expectation
SC-HYD-0009,2020,7,45,-18,27,Inventory consideration
SC-HYD-0009,2020,8,37,15,52,Customer demand expectation
SC-HYD-0009,2020,9,13,0,13,
SC-HYD-0009,2020,10,70,8,78,Lead time consideration
SC-HYD-0009,2020,11,85,-28,57,Customer demand expectation
SC-HYD-0009,2020,12,22,-10,12,Customer demand expectation
SC-HYD-0009,2021,1,66,-27,39,Customer demand expectation
SC-HYD-0009,2021,2,42,0,42,
SC-HYD-0009,2021,3,87,18,105,Critical part requirement
SC-HYD-0009,2021,4,70,0,70,No adjustment
SC-HYD-0009,2021,5,56,-25,31,Inventory consideration
SC-HYD-0009,2021,6,8,-2,6,Inventory consideration
SC-HYD-0009,2021,7,104,0,104,
SC-HYD-0009,2021,8,120,-47,73,Inventory consideration
SC-HYD-0009,2021,9,80,-25,55,Inventory consideration
SC-HYD-0009,2021,10,56,-14,42,Inventory consideration
SC-HYD-0009,2021,11,144,-17,127,Inventory consideration
SC-HYD-0009,2021,12,93,0,93,No adjustment
SC-HYD-0009,2022,1,39,7,46,Customer demand expectation
SC-HYD-0009,2022,2,93,0,93,
SC-HYD-0009,2022,3,14,5,19,Customer demand expectation
SC-HYD-0009,2022,4,32,0,32,
SC-HYD-0009,2022,5,27,-6,21,Customer demand expectation
SC-HYD-0009,2022,6,85,-35,50,Inventory consideration
SC-HYD-0009,2022,7,63,0,63,
SC-HYD-0009,2022,8,75,29,104,Critical part requirement
SC-HYD-0009,2022,9,82,0,82,
SC-HYD-0009,2022,10,1,0,1,Inventory consideration
SC-HYD-0009,2022,11,3,0,3,
SC-HYD-0009,2022,12,131,-25,106,Customer demand expectation
SC-HYD-0009,2023,1,38,-16,22,Customer demand expectation
SC-HYD-0009,2023,2,49,-8,41,Inventory consideration
SC-HYD-0009,2023,3,0,0,0,Customer demand expectation
SC-HYD-0009,2023,4,58,-11,47,Customer demand expectation
SC-HYD-0009,2023,5,22,-5,17,Inventory consideration
SC-HYD-0009,2023,6,85,-26,59,Inventory consideration
SC-HYD-0009,2023,7,95,0,95,No adjustment
SC-HYD-0009,2023,8,73,-23,50,Customer demand expectation
SC-HYD-0009,2023,9,95,-35,60,Customer demand expectation
SC-HYD-0009,2023,10,9,-4,5,Inventory consideration
SC-HYD-0009,2023,11,97,0,97,No adjustment
SC-HYD-0009,2023,12,75,-18,57,Customer demand expectation
SC-HYD-0009,2024,1,0,0,0,Inventory consideration
SC-HYD-0009,2024,2,85,-23,62,Inventory consideration
SC-HYD-0009,2024,3,55,-8,47,Customer demand expectation
SC-HYD-0009,2024,4,28,0,28,No adjustment
SC-HYD-0009,2024,5,0,0,0,
SC-HYD-0009,2024,6,30,4,34,Customer demand expectation
SC-HYD-0009,2024,7,58,0,58,No adjustment
SC-HYD-0009,2024,8,45,-17,28,Inventory consideration
SC-HYD-0009,2024,9,47,-15,32,Customer demand expectation
SC-HYD-0009,2024,10,0,0,0,Inventory consideration
SC-HYD-0009,2024,11,53,9,62,Critical part requirement
SC-HYD-0009,2024,12,31,0,31,
SC-TRN-0007,2020,1,10,1,11,Customer demand expectation
SC-TRN-0007,2020,2,14,0,14,
SC-TRN-0007,2020,3,15,-6,9,Customer demand expectation
SC-TRN-0007,2020,4,11,-3,8,Customer demand expectation
SC-TRN-0007,2020,5,20,-4,16,Customer demand expectation
SC-TRN-0007,2020,6,23,0,23,No adjustment
SC-TRN-0007,2020,7,7,-2,5,Customer demand expectation
SC-TRN-0007,2020,8,15,-4,11,Customer demand expectation
SC-TRN-0007,2020,9,9,0,9,No adjustment
SC-TRN-0007,2020,10,10,-3,7,Customer demand expectation
SC-TRN-0007,2020,11,4,-1,3,Inventory consideration
SC-TRN-0007,2020,12,4,-1,3,Inventory consideration
SC-TRN-0007,2021,1,17,0,17,
SC-TRN-0007,2021,2,19,5,24,Lead time consideration
SC-TRN-0007,2021,3,17,-4,13,Customer demand expectation
SC-TRN-0007,2021,4,27,-8,19,Inventory consideration
SC-TRN-0007,2021,5,21,0,21,
SC-TRN-0007,2021,6,42,-11,31,Customer demand expectation
SC-TRN-0007,2021,7,10,2,12,Customer demand expectation
SC-TRN-0007,2021,8,28,-12,16,Customer demand expectation
SC-TRN-0007,2021,9,21,0,21,
SC-TRN-0007,2021,10,22,-6,16,Customer demand expectation
SC-TRN-0007,2021,11,4,-2,2,Customer demand expectation
SC-TRN-0007,2021,12,32,14,46,Lead time consideration
SC-TRN-0007,2022,1,9,-3,6,Customer demand expectation
SC-TRN-0007,2022,2,6,0,6,
SC-TRN-0007,2022,3,60,-8,52,Inventory consideration
SC-TRN-0007,2022,4,13,-3,10,Inventory consideration
SC-TRN-0007,2022,5,22,0,22,No adjustment
SC-TRN-0007,2022,6,28,0,28,
SC-TRN-0007,2022,7,43,-4,39,
SC-TRN-0007,2022,8,16,-5,11,Inventory consideration
SC-TRN-0007,2022,9,19,-4,15,Customer demand expectation
SC-TRN-0007,2022,10,22,0,22,No adjustment
SC-TRN-0007,2022,11,19,0,19,
SC-TRN-0007,2022,12,29,-12,17,Customer demand expectation
SC-TRN-0007,2023,1,4,-1,3,Customer demand expectation
SC-TRN-0007,2023,2,25,0,25,No adjustment
SC-TRN-0007,2023,3,22,0,22,No adjustment
SC-TRN-0007,2023,4,27,0,27,No adjustment
SC-TRN-0007,2023,5,22,0,22,No adjustment
SC-TRN-0007,2023,6,19,0,19,No adjustment
SC-TRN-0007,2023,7,37,-4,33,Customer demand expectation
SC-TRN-0007,2023,8,28,-12,16,Inventory consideration
SC-TRN-0007,2023,9,35,0,35,No adjustment
SC-TRN-0007,2023,10,32,-7,25,Customer demand expectation
SC-TRN-0007,2023,11,8,-3,5,Inventory consideration
SC-TRN-0007,2023,12,18,-3,15,Inventory consideration
SC-TRN-0007,2024,1,19,-6,13,Inventory consideration
SC-TRN-0007,2024,2,20,-9,11,Customer demand expectation
SC-TRN-0007,2024,3,12,-3,9,Customer demand expectation
SC-TRN-0007,2024,4,0,0,0,Critical part requirement
SC-TRN-0007,2024,5,14,-3,11,Customer demand expectation
SC-TRN-0007,2024,6,26,3,29,Lead time consideration
SC-TRN-0007,2024,7,15,-5,10,Customer demand expectation
SC-TRN-0007,2024,8,25,-9,16,Customer demand expectation
SC-TRN-0007,2024,9,26,0,26,No adjustment
SC-TRN-0007,2024,10,22,-2,20,Inventory consideration
SC-TRN-0007,2024,11,26,-8,18,Customer demand expectation
SC-TRN-0007,2024,12,12,0,12,
SC-TWA-0007,2020,1,285,122,407,Critical part requirement
SC-TWA-0007,2020,2,311,-111,200,
SC-TWA-0007,2020,3,207,60,267,Critical part requirement
SC-TWA-0007,2020,4,202,0,202,
SC-TWA-0007,2020,5,240,77,317,Lead time consideration
SC-TWA-0007,2020,6,320,120,440,Lead time consideration
SC-TWA-0007,2020,7,199,-83,116,Inventory consideration
SC-TWA-0007,2020,8,315,-93,222,Customer demand expectation
SC-TWA-0007,2020,9,322,0,322,No adjustment
SC-TWA-0007,2020,10,749,-303,446,Customer demand expectation
SC-TWA-0007,2020,11,447,0,447,No adjustment
SC-TWA-0007,2020,12,295,0,295,
SC-TWA-0007,2021,1,400,-111,289,Customer demand expectation
SC-TWA-0007,2021,2,457,-86,371,Customer demand expectation
SC-TWA-0007,2021,3,535,-143,392,Inventory consideration
SC-TWA-0007,2021,4,591,-229,362,Customer demand expectation
SC-TWA-0007,2021,5,259,0,259,
SC-TWA-0007,2021,6,240,-43,197,Inventory consideration
SC-TWA-0007,2021,7,467,0,467,No adjustment
SC-TWA-0007,2021,8,472,0,472,No adjustment
SC-TWA-0007,2021,9,486,98,584,Lead time consideration
SC-TWA-0007,2021,10,450,51,501,Lead time consideration
SC-TWA-0007,2021,11,571,186,757,Customer demand expectation
SC-TWA-0007,2021,12,237,0,237,
SC-TWA-0007,2022,1,514,153,667,Customer demand expectation
SC-TWA-0007,2022,2,276,-95,181,Customer demand expectation
SC-TWA-0007,2022,3,591,0,591,No adjustment
SC-TWA-0007,2022,4,349,-60,289,Inventory consideration
SC-TWA-0007,2022,5,489,0,489,No adjustment
SC-TWA-0007,2022,6,311,-131,180,Inventory consideration
SC-TWA-0007,2022,7,463,0,463,
SC-TWA-0007,2022,8,853,0,853,
SC-TWA-0007,2022,9,515,99,614,
SC-TWA-0007,2022,10,360,40,400,Customer demand expectation
SC-TWA-0007,2022,11,541,-74,467,Customer demand expectation
SC-TWA-0007,2022,12,502,0,502,
SC-TWA-0007,2023,1,784,287,1071,Customer demand expectation
SC-TWA-0007,2023,2,407,-59,348,Customer demand expectation
SC-TWA-0007,2023,3,593,-245,348,Customer demand expectation
SC-TWA-0007,2023,4,271,0,271,No adjustment
SC-TWA-0007,2023,5,380,-59,321,Inventory consideration
SC-TWA-0007,2023,6,609,-199,410,Inventory consideration
SC-TWA-0007,2023,7,886,-163,723,Inventory consideration
SC-TWA-0007,2023,8,720,0,720,No adjustment
SC-TWA-0007,2023,9,563,-202,361,Customer demand expectation
SC-TWA-0007,2023,10,465,0,465,
SC-TWA-0007,2023,11,638,0,638,
SC-TWA-0007,2023,12,401,137,538,Critical part requirement
SC-TWA-0007,2024,1,728,0,728,
SC-TWA-0007,2024,2,728,313,1041,Critical part requirement
SC-TWA-0007,2024,3,1118,-492,626,Inventory consideration
SC-TWA-0007,2024,4,599,0,599,No adjustment
SC-TWA-0007,2024,5,545,-231,314,Inventory consideration
SC-TWA-0007,2024,6,800,0,800,
SC-TWA-0007,2024,7,475,153,628,Lead time consideration
SC-TWA-0007,2024,8,303,80,383,Customer demand expectation
SC-TWA-0007,2024,9,462,0,462,
SC-TWA-0007,2024,10,721,292,1013,Critical part requirement
SC-TWA-0007,2024,11,513,201,714,Critical part requirement
SC-TWA-0007,2024,12,673,-188,485,Customer demand expectation
SC-HYD-0010,2020,1,2648,0,2648,
SC-HYD-0010,2020,2,2636,787,3423,Customer demand expectation
SC-HYD-0010,2020,3,1835,520,2355,Lead time consideration
SC-HYD-0010,2020,4,1490,0,1490,No adjustment
SC-HYD-0010,2020,5,2395,-654,1741,Inventory consideration
SC-HYD-0010,2020,6,2207,-259,1948,
SC-HYD-0010,2020,7,2303,0,2303,No adjustment
SC-HYD-0010,2020,8,2335,0,2335,No adjustment
SC-HYD-0010,2020,9,1677,0,1677,
SC-HYD-0010,2020,10,1965,-341,1624,Inventory consideration
SC-HYD-0010,2020,11,1722,0,1722,No adjustment
SC-HYD-0010,2020,12,1885,-402,1483,Inventory consideration
SC-HYD-0010,2021,1,2685,-767,1918,Customer demand expectation
SC-HYD-0010,2021,2,2671,1158,3829,Lead time consideration
SC-HYD-0010,2021,3,1630,427,2057,
SC-HYD-0010,2021,4,2307,0,2307,No adjustment
SC-HYD-0010,2021,5,2687,996,3683,Customer demand expectation
SC-HYD-0010,2021,6,2448,0,2448,No adjustment
SC-HYD-0010,2021,7,2948,-929,2019,Customer demand expectation
SC-HYD-0010,2021,8,2395,-503,1892,Customer demand expectation
SC-HYD-0010,2021,9,2170,558,2728,Customer demand expectation
SC-HYD-0010,2021,10,1823,0,1823,
SC-HYD-0010,2021,11,1957,375,2332,Critical part requirement
SC-HYD-0010,2021,12,2915,0,2915,
SC-HYD-0010,2022,1,2498,-374,2124,Inventory consideration
SC-HYD-0010,2022,2,2243,0,2243,
SC-HYD-0010,2022,3,2425,294,2719,Customer demand expectation
SC-HYD-0010,2022,4,1863,-390,1473,Customer demand expectation
SC-HYD-0010,2022,5,2801,1135,3936,Critical part requirement
SC-HYD-0010,2022,6,2432,-744,1688,Customer demand expectation
SC-HYD-0010,2022,7,2516,764,3280,Lead time consideration
SC-HYD-0010,2022,8,3486,642,4128,Critical part requirement
SC-HYD-0010,2022,9,2975,-521,2454,Inventory consideration
SC-HYD-0010,2022,10,2387,0,2387,No adjustment
SC-HYD-0010,2022,11,2321,831,3152,Customer demand expectation
SC-HYD-0010,2022,12,2624,970,3594,Lead time consideration
SC-HYD-0010,2023,1,3333,-746,2587,Customer demand expectation
SC-HYD-0010,2023,2,2422,693,3115,Critical part requirement
SC-HYD-0010,2023,3,3181,-1241,1940,Customer demand expectation
SC-HYD-0010,2023,4,2180,-504,1676,Customer demand expectation
SC-HYD-0010,2023,5,3629,0,3629,No adjustment
SC-HYD-0010,2023,6,4907,1516,6423,Customer demand expectation
SC-HYD-0010,2023,7,3551,509,4060,Customer demand expectation
SC-HYD-0010,2023,8,2512,0,2512,No adjustment
SC-HYD-0010,2023,9,2534,-801,1733,Inventory consideration
SC-HYD-0010,2023,10,2518,1035,3553,Lead time consideration
SC-HYD-0010,2023,11,1924,-376,1548,
SC-HYD-0010,2023,12,2844,0,2844,No adjustment
SC-HYD-0010,2024,1,2710,449,3159,
SC-HYD-0010,2024,2,2731,611,3342,Customer demand expectation
SC-HYD-0010,2024,3,3597,0,3597,
SC-HYD-0010,2024,4,2968,337,3305,Lead time consideration
SC-HYD-0010,2024,5,2854,-996,1858,Customer demand expectation
SC-HYD-0010,2024,6,2533,-722,1811,Inventory consideration
SC-HYD-0010,2024,7,2139,-268,1871,Customer demand expectation
SC-HYD-0010,2024,8,2244,879,3123,
SC-HYD-0010,2024,9,2958,0,2958,
SC-HYD-0010,2024,10,2314,0,2314,No adjustment
SC-HYD-0010,2024,11,2554,-401,2153,Inventory consideration
SC-HYD-0010,2024,12,2853,-721,2132,Customer demand expectation
SC-ELC-0003,2020,1,982,178,1160,
SC-ELC-0003,2020,2,700,148,848,Lead time consideration
SC-ELC-0003,2020,3,537,233,770,Lead time consideration
SC-ELC-0003,2020,4,412,0,412,No adjustment
SC-ELC-0003,2020,5,478,52,530,Critical part requirement
SC-ELC-0003,2020,6,502,-57,445,
SC-ELC-0003,2020,7,603,242,845,Customer demand expectation
SC-ELC-0003,2020,8,644,-181,463,Inventory consideration
SC-ELC-0003,2020,9,473,-59,414,
SC-ELC-0003,2020,10,567,-147,420,
SC-ELC-0003,2020,11,577,239,816,Customer demand expectation
SC-ELC-0003,2020,12,507,0,507,
SC-ELC-0003,2021,1,654,0,654,
SC-ELC-0003,2021,2,844,267,1111,Critical part requirement
SC-ELC-0003,2021,3,485,188,673,Critical part requirement
SC-ELC-0003,2021,4,465,-144,321,Inventory consideration
SC-ELC-0003,2021,5,716,0,716,No adjustment
SC-ELC-0003,2021,6,680,268,948,Lead time consideration
SC-ELC-0003,2021,7,802,-316,486,Customer demand expectation
SC-ELC-0003,2021,8,749,212,961,Customer demand expectation
SC-ELC-0003,2021,9,739,0,739,
SC-ELC-0003,2021,10,444,-127,317,Inventory consideration
SC-ELC-0003,2021,11,521,0,521,No adjustment
SC-ELC-0003,2021,12,552,-230,322,Customer demand expectation
SC-ELC-0003,2022,1,938,-216,722,Customer demand expectation
SC-ELC-0003,2022,2,818,-114,704,Inventory consideration
SC-ELC-0003,2022,3,407,0,407,No adjustment
SC-ELC-0003,2022,4,612,119,731,Lead time consideration
SC-ELC-0003,2022,5,704,303,1007,Customer demand expectation
SC-ELC-0003,2022,6,580,116,696,Critical part requirement
SC-ELC-0003,2022,7,626,-72,554,Customer demand expectation
SC-ELC-0003,2022,8,958,182,1140,Customer demand expectation
SC-ELC-0003,2022,9,1039,452,1491,Customer demand expectation
SC-ELC-0003,2022,10,510,219,729,Critical part requirement
SC-ELC-0003,2022,11,721,0,721,No adjustment
SC-ELC-0003,2022,12,618,179,797,Critical part requirement
SC-ELC-0003,2023,1,524,100,624,Lead time consideration
SC-ELC-0003,2023,2,685,111,796,Critical part requirement
SC-ELC-0003,2023,3,813,173,986,Lead time consideration
SC-ELC-0003,2023,4,909,92,1001,Customer demand expectation
SC-ELC-0003,2023,5,699,0,699,No adjustment
SC-ELC-0003,2023,6,733,0,733,No adjustment
SC-ELC-0003,2023,7,578,-93,485,Inventory consideration
SC-ELC-0003,2023,8,883,0,883,
SC-ELC-0003,2023,9,762,0,762,
SC-ELC-0003,2023,10,720,-195,525,Inventory consideration
SC-ELC-0003,2023,11,544,227,771,Customer demand expectation
SC-ELC-0003,2023,12,573,100,673,Lead time consideration
SC-ELC-0003,2024,1,825,274,1099,Critical part requirement
SC-ELC-0003,2024,2,814,-341,473,Inventory consideration
SC-ELC-0003,2024,3,453,-60,393,Customer demand expectation
SC-ELC-0003,2024,4,752,-197,555,Inventory consideration
SC-ELC-0003,2024,5,488,-218,270,Customer demand expectation
SC-ELC-0003,2024,6,641,202,843,Critical part requirement
SC-ELC-0003,2024,7,1139,0,1139,No adjustment
SC-ELC-0003,2024,8,449,-144,305,Customer demand expectation
SC-ELC-0003,2024,9,617,246,863,Critical part requirement
SC-ELC-0003,2024,10,646,-142,504,Customer demand expectation
SC-ELC-0003,2024,11,854,234,1088,Customer demand expectation
SC-ELC-0003,2024,12,1094,-281,813,Inventory consideration
SC-SUS-0017,2020,1,30,11,41,Lead time consideration
SC-SUS-0017,2020,2,74,23,97,Customer demand expectation
SC-SUS-0017,2020,3,14,0,14,No adjustment
SC-SUS-0017,2020,4,40,-6,34,Customer demand expectation
SC-SUS-0017,2020,5,36,-9,27,Inventory consideration
SC-SUS-0017,2020,6,100,-44,56,Inventory consideration
SC-SUS-0017,2020,7,62,0,62,
SC-SUS-0017,2020,8,164,-39,125,Inventory consideration
SC-SUS-0017,2020,9,78,-28,50,Customer demand expectation
SC-SUS-0017,2020,10,130,-56,74,Inventory consideration
SC-SUS-0017,2020,11,63,23,86,
SC-SUS-0017,2020,12,71,-21,50,Inventory consideration
SC-SUS-0017,2021,1,144,0,144,
SC-SUS-0017,2021,2,17,-4,13,Inventory consideration
SC-SUS-0017,2021,3,69,-23,46,
SC-SUS-0017,2021,4,0,0,0,No adjustment
SC-SUS-0017,2021,5,80,0,80,
SC-SUS-0017,2021,6,0,0,0,No adjustment
SC-SUS-0017,2021,7,166,-44,122,Customer demand expectation
SC-SUS-0017,2021,8,91,-41,50,Customer demand expectation
SC-SUS-0017,2021,9,330,-33,297,Customer demand expectation
SC-SUS-0017,2021,10,203,0,203,
SC-SUS-0017,2021,11,33,-10,23,Inventory consideration
SC-SUS-0017,2021,12,232,-49,183,Inventory consideration
SC-SUS-0017,2022,1,291,-86,205,Inventory consideration
SC-SUS-0017,2022,2,115,-22,93,Customer demand expectation
SC-SUS-0017,2022,3,87,-31,56,
SC-SUS-0017,2022,4,174,-67,107,Inventory consideration
SC-SUS-0017,2022,5,99,0,99,
SC-SUS-0017,2022,6,15,-6,9,Inventory consideration
SC-SUS-0017,2022,7,151,0,151,
SC-SUS-0017,2022,8,175,0,175,No adjustment
SC-SUS-0017,2022,9,136,38,174,Critical part requirement
SC-SUS-0017,2022,10,110,49,159,Critical part requirement
SC-SUS-0017,2022,11,117,0,117,
SC-SUS-0017,2022,12,82,-10,72,Customer demand expectation
SC-SUS-0017,2023,1,37,0,37,No adjustment
SC-SUS-0017,2023,2,151,0,151,
SC-SUS-0017,2023,3,60,25,85,Customer demand expectation
SC-SUS-0017,2023,4,163,0,163,No adjustment
SC-SUS-0017,2023,5,100,-14,86,Customer demand expectation
SC-SUS-0017,2023,6,89,0,89,
SC-SUS-0017,2023,7,48,-8,40,Customer demand expectation
SC-SUS-0017,2023,8,30,-13,17,Inventory consideration
SC-SUS-0017,2023,9,96,-42,54,Customer demand expectation
SC-SUS-0017,2023,10,171,-63,108,Customer demand expectation
SC-SUS-0017,2023,11,74,-16,58,Inventory consideration
SC-SUS-0017,2023,12,68,-26,42,Inventory consideration
SC-SUS-0017,2024,1,136,41,177,Critical part requirement
SC-SUS-0017,2024,2,0,0,0,Customer demand expectation
SC-SUS-0017,2024,3,215,-80,135,Inventory consideration
SC-SUS-0017,2024,4,153,-37,116,Inventory consideration
SC-SUS-0017,2024,5,237,-94,143,Customer demand expectation
SC-SUS-0017,2024,6,165,-31,134,Inventory consideration
SC-SUS-0017,2024,7,220,-66,154,Customer demand expectation
SC-SUS-0017,2024,8,254,-48,206,Inventory consideration
SC-SUS-0017,2024,9,133,-35,98,Inventory consideration
SC-SUS-0017,2024,10,0,0,0,
SC-SUS-0017,2024,11,92,-40,52,
SC-SUS-0017,2024,12,225,0,225,
SC-HYD-0011,2020,1,58,-12,46,Customer demand expectation
SC-HYD-0011,2020,2,33,-14,19,Inventory consideration
SC-HYD-0011,2020,3,9,3,12,Customer demand expectation
SC-HYD-0011,2020,4,90,-24,66,Inventory consideration
SC-HYD-0011,2020,5,54,-15,39,Customer demand expectation
SC-HYD-0011,2020,6,23,0,23,
SC-HYD-0011,2020,7,64,-13,51,Customer demand expectation
SC-HYD-0011,2020,8,36,-13,23,Inventory consideration
SC-HYD-0011,2020,9,31,-6,25,Inventory consideration
SC-HYD-0011,2020,10,176,0,176,
SC-HYD-0011,2020,11,132,0,132,
SC-HYD-0011,2020,12,99,35,134,Critical part requirement
SC-HYD-0011,2021,1,88,-33,55,Customer demand expectation
SC-HYD-0011,2021,2,31,8,39,
SC-HYD-0011,2021,3,101,-43,58,Customer demand expectation
SC-HYD-0011,2021,4,168,0,168,
SC-HYD-0011,2021,5,38,-5,33,Inventory consideration
SC-HYD-0011,2021,6,165,-22,143,Customer demand expectation
SC-HYD-0011,2021,7,130,-19,111,Inventory consideration
SC-HYD-0011,2021,8,103,-28,75,Inventory consideration
SC-HYD-0011,2021,9,59,22,81,Lead time consideration
SC-HYD-0011,2021,10,66,10,76,Critical part requirement
SC-HYD-0011,2021,11,70,0,70,No adjustment
SC-HYD-0011,2021,12,120,-29,91,Customer demand expectation
SC-HYD-0011,2022,1,60,-23,37,Customer demand expectation
SC-HYD-0011,2022,2,126,0,126,No adjustment
SC-HYD-0011,2022,3,146,0,146,
SC-HYD-0011,2022,4,13,-3,10,Inventory consideration
SC-HYD-0011,2022,5,38,11,49,Critical part requirement
SC-HYD-0011,2022,6,195,26,221,Lead time consideration
SC-HYD-0011,2022,7,42,0,42,
SC-HYD-0011,2022,8,49,-8,41,Inventory consideration
SC-HYD-0011,2022,9,173,-73,100,Inventory consideration
SC-HYD-0011,2022,10,196,0,196,
SC-HYD-0011,2022,11,157,-34,123,Customer demand expectation
SC-HYD-0011,2022,12,156,-36,120,
SC-HYD-0011,2023,1,172,-65,107,Customer demand expectation
SC-HYD-0011,2023,2,42,-19,23,Inventory consideration
SC-HYD-0011,2023,3,93,25,118,Lead time consideration
SC-HYD-0011,2023,4,149,-20,129,Customer demand expectation
SC-HYD-0011,2023,5,187,0,187,No adjustment
SC-HYD-0011,2023,6,107,25,132,Critical part requirement
SC-HYD-0011,2023,7,84,-14,70,Customer demand expectation
SC-HYD-0011,2023,8,256,-81,175,Inventory consideration
SC-HYD-0011,2023,9,130,0,130,
SC-HYD-0011,2023,10,16,-7,9,Customer demand expectation
SC-HYD-0011,2023,11,173,0,173,
SC-HYD-0011,2023,12,126,-21,105,Customer demand expectation
SC-HYD-0011,2024,1,211,0,211,No adjustment
SC-HYD-0011,2024,2,376,139,515,Customer demand expectation
SC-HYD-0011,2024,3,134,0,134,
SC-HYD-0011,2024,4,135,21,156,Critical part requirement
SC-HYD-0011,2024,5,86,-9,77,Inventory consideration
SC-HYD-0011,2024,6,224,76,300,Customer demand expectation
SC-HYD-0011,2024,7,114,-13,101,
SC-HYD-0011,2024,8,258,0,258,No adjustment
SC-HYD-0011,2024,9,227,59,286,Critical part requirement
SC-HYD-0011,2024,10,106,-13,93,Customer demand expectation
SC-HYD-0011,2024,11,81,0,81,
SC-HYD-0011,2024,12,245,0,245,No adjustment
SC-TWA-0008,2020,1,23,-7,16,
SC-TWA-0008,2020,2,30,-9,21,Customer demand expectation
SC-TWA-0008,2020,3,21,6,27,Customer demand expectation
SC-TWA-0008,2020,4,17,-3,14,Customer demand expectation
SC-TWA-0008,2020,5,6,-1,5,Inventory consideration
SC-TWA-0008,2020,6,37,0,37,No adjustment
SC-TWA-0008,2020,7,17,-3,14,Inventory consideration
SC-TWA-0008,2020,8,0,0,0,Inventory consideration
SC-TWA-0008,2020,9,58,0,58,No adjustment
SC-TWA-0008,2020,10,73,-11,62,Inventory consideration
SC-TWA-0008,2020,11,59,-13,46,
SC-TWA-0008,2020,12,26,-9,17,Inventory consideration
SC-TWA-0008,2021,1,46,19,65,Lead time consideration
SC-TWA-0008,2021,2,93,17,110,Customer demand expectation
SC-TWA-0008,2021,3,41,-11,30,Customer demand expectation
SC-TWA-0008,2021,4,31,0,31,No adjustment
SC-TWA-0008,2021,5,47,0,47,
SC-TWA-0008,2021,6,74,25,99,Lead time consideration
SC-TWA-0008,2021,7,47,0,47,
SC-TWA-0008,2021,8,44,-13,31,Customer demand expectation
SC-TWA-0008,2021,9,37,-6,31,Inventory consideration
SC-TWA-0008,2021,10,15,-4,11,Inventory consideration
SC-TWA-0008,2021,11,64,-15,49,Inventory consideration
SC-TWA-0008,2021,12,62,-17,45,Inventory consideration
SC-TWA-0008,2022,1,47,-5,42,Customer demand expectation
SC-TWA-0008,2022,2,11,2,13,Customer demand expectation
SC-TWA-0008,2022,3,104,-11,93,Inventory consideration
SC-TWA-0008,2022,4,42,0,42,
SC-TWA-0008,2022,5,74,-20,54,Inventory consideration
SC-TWA-0008,2022,6,10,-3,7,Inventory consideration
SC-TWA-0008,2022,7,66,0,66,
SC-TWA-0008,2022,8,92,0,92,
SC-TWA-0008,2022,9,52,0,52,No adjustment
SC-TWA-0008,2022,10,73,-11,62,Customer demand expectation
SC-TWA-0008,2022,11,46,-12,34,Inventory consideration
SC-TWA-0008,2022,12,33,-8,25,Customer demand expectation
SC-TWA-0008,2023,1,89,0,89,
SC-TWA-0008,2023,2,0,0,0,Customer demand expectation
SC-TWA-0008,2023,3,47,-19,28,
SC-TWA-0008,2023,4,0,0,0,Customer demand expectation
SC-TWA-0008,2023,5,49,20,69,Lead time consideration
SC-TWA-0008,2023,6,62,-12,50,Customer demand expectation
SC-TWA-0008,2023,7,56,0,56,
SC-TWA-0008,2023,8,72,17,89,Critical part requirement
SC-TWA-0008,2023,9,35,0,35,
SC-TWA-0008,2023,10,41,-11,30,Customer demand expectation
SC-TWA-0008,2023,11,44,12,56,Lead time consideration
SC-TWA-0008,2023,12,96,0,96,No adjustment
SC-TWA-0008,2024,1,73,-15,58,Inventory consideration
SC-TWA-0008,2024,2,80,12,92,
SC-TWA-0008,2024,3,83,0,83,
SC-TWA-0008,2024,4,50,-20,30,Customer demand expectation
SC-TWA-0008,2024,5,0,0,0,Critical part requirement
SC-TWA-0008,2024,6,82,32,114,Critical part requirement
SC-TWA-0008,2024,7,90,-32,58,Inventory consideration
SC-TWA-0008,2024,8,74,-8,66,Inventory consideration
SC-TWA-0008,2024,9,92,-11,81,Customer demand expectation
SC-TWA-0008,2024,10,68,-22,46,Inventory consideration
SC-TWA-0008,2024,11,40,0,40,No adjustment
SC-TWA-0008,2024,12,110,-25,85,Inventory consideration
SC-ENG-0008,2020,1,92,17,109,Critical part requirement
SC-ENG-0008,2020,2,93,0,93,
SC-ENG-0008,2020,3,71,-23,48,Inventory consideration
SC-ENG-0008,2020,4,85,35,120,Critical part requirement
SC-ENG-0008,2020,5,67,12,79,
SC-ENG-0008,2020,6,169,-40,129,Inventory consideration
SC-ENG-0008,2020,7,124,-22,102,Customer demand expectation
SC-ENG-0008,2020,8,179,0,179,No adjustment
SC-ENG-0008,2020,9,88,0,88,
SC-ENG-0008,2020,10,173,40,213,Customer demand expectation
SC-ENG-0008,2020,11,278,99,377,Lead time consideration
SC-ENG-0008,2020,12,349,-117,232,Inventory consideration
SC-ENG-0008,2021,1,288,0,288,
SC-ENG-0008,2021,2,188,-52,136,Customer demand expectation
SC-ENG-0008,2021,3,304,52,356,Lead time consideration
SC-ENG-0008,2021,4,207,22,229,Lead time consideration
SC-ENG-0008,2021,5,201,40,241,Customer demand expectation
SC-ENG-0008,2021,6,85,0,85,No adjustment
SC-ENG-0008,2021,7,264,72,336,Critical part requirement
SC-ENG-0008,2021,8,523,87,610,Lead time consideration
SC-ENG-0008,2021,9,254,-75,179,Inventory consideration
SC-ENG-0008,2021,10,284,75,359,Critical part requirement
SC-ENG-0008,2021,11,299,-97,202,Inventory consideration
SC-ENG-0008,2021,12,231,-90,141,Customer demand expectation
SC-ENG-0008,2022,1,286,91,377,Customer demand expectation
SC-ENG-0008,2022,2,208,38,246,
SC-ENG-0008,2022,3,295,0,295,
SC-ENG-0008,2022,4,248,-26,222,Customer demand expectation
SC-ENG-0008,2022,5,130,49,179,Customer demand expectation
SC-ENG-0008,2022,6,173,33,206,Customer demand expectation
SC-ENG-0008,2022,7,153,0,153,
SC-ENG-0008,2022,8,209,-67,142,Customer demand expectation
SC-ENG-0008,2022,9,296,85,381,Customer demand expectation
SC-ENG-0008,2022,10,441,156,597,
SC-ENG-0008,2022,11,251,0,251,
SC-ENG-0008,2022,12,101,0,101,No adjustment
SC-ENG-0008,2023,1,78,0,78,
SC-ENG-0008,2023,2,303,40,343,Lead time consideration
SC-ENG-0008,2023,3,268,-113,155,
SC-ENG-0008,2023,4,170,59,229,Critical part requirement
SC-ENG-0008,2023,5,395,94,489,Customer demand expectation
SC-ENG-0008,2023,6,394,143,537,Critical part requirement
SC-ENG-0008,2023,7,360,101,461,Critical part requirement
SC-ENG-0008,2023,8,185,-64,121,Inventory consideration
SC-ENG-0008,2023,9,327,40,367,
SC-ENG-0008,2023,10,370,79,449,Lead time consideration
SC-ENG-0008,2023,11,194,0,194,No adjustment
SC-ENG-0008,2023,12,310,0,310,
SC-ENG-0008,2024,1,439,0,439,
SC-ENG-0008,2024,2,257,-49,208,Inventory consideration
SC-ENG-0008,2024,3,313,63,376,Lead time consideration
SC-ENG-0008,2024,4,312,-105,207,Inventory consideration
SC-ENG-0008,2024,5,156,-55,101,Customer demand expectation
SC-ENG-0008,2024,6,321,112,433,Critical part requirement
SC-ENG-0008,2024,7,257,44,301,Critical part requirement
SC-ENG-0008,2024,8,146,18,164,Lead time consideration
SC-ENG-0008,2024,9,472,195,667,Critical part requirement
SC-ENG-0008,2024,10,241,64,305,Customer demand expectation
SC-ENG-0008,2024,11,465,-83,382,Customer demand expectation
SC-ENG-0008,2024,12,207,89,296,
SC-TRN-0008,2020,1,327,37,364,Critical part requirement
SC-TRN-0008,2020,2,274,-87,187,Inventory consideration
SC-TRN-0008,2020,3,454,-135,319,Customer demand expectation
SC-TRN-0008,2020,4,865,-166,699,Inventory consideration
SC-TRN-0008,2020,5,1057,306,1363,Lead time consideration
SC-TRN-0008,2020,6,806,-150,656,
SC-TRN-0008,2020,7,1215,-424,791,Customer demand expectation
SC-TRN-0008,2020,8,1783,0,1783,No adjustment
SC-TRN-0008,2020,9,2185,-944,1241,Inventory consideration
SC-TRN-0008,2020,10,949,0,949,No adjustment
SC-TRN-0008,2020,11,1142,0,1142,No adjustment
SC-TRN-0008,2020,12,1534,-322,1212,Customer demand expectation
SC-TRN-0008,2021,1,1230,-228,1002,Inventory consideration
SC-TRN-0008,2021,2,1564,0,1564,
SC-TRN-0008,2021,3,1531,-545,986,Customer demand expectation
SC-TRN-0008,2021,4,1561,0,1561,
SC-TRN-0008,2021,5,1396,0,1396,
SC-TRN-0008,2021,6,1451,0,1451,
SC-TRN-0008,2021,7,1604,0,1604,No adjustment
SC-TRN-0008,2021,8,2104,-387,1717,Inventory consideration
SC-TRN-0008,2021,9,1963,384,2347,Customer demand expectation
SC-TRN-0008,2021,10,1680,-689,991,Inventory consideration
SC-TRN-0008,2021,11,1779,469,2248,Customer demand expectation
SC-TRN-0008,2021,12,1527,-224,1303,Customer demand expectation
SC-TRN-0008,2022,1,1513,246,1759,Lead time consideration
SC-TRN-0008,2022,2,1595,240,1835,Customer demand expectation
SC-TRN-0008,2022,3,1090,-228,862,Customer demand expectation
SC-TRN-0008,2022,4,1575,-228,1347,Customer demand expectation
SC-TRN-0008,2022,5,1353,222,1575,Lead time consideration
SC-TRN-0008,2022,6,1600,-669,931,Inventory consideration
SC-TRN-0008,2022,7,1612,0,1612,
SC-TRN-0008,2022,8,1405,-595,810,Customer demand expectation
SC-TRN-0008,2022,9,2445,964,3409,Critical part requirement
SC-TRN-0008,2022,10,2059,469,2528,Lead time consideration
SC-TRN-0008,2022,11,1340,168,1508,
SC-TRN-0008,2022,12,1877,0,1877,No adjustment
SC-TRN-0008,2023,1,1996,-269,1727,Inventory consideration
SC-TRN-0008,2023,2,1297,-174,1123,Inventory consideration
SC-TRN-0008,2023,3,1095,342,1437,Critical part requirement
SC-TRN-0008,2023,4,1160,-393,767,Inventory consideration
SC-TRN-0008,2023,5,1916,-435,1481,Customer demand expectation
SC-TRN-0008,2023,6,1944,-485,1459,Customer demand expectation
SC-TRN-0008,2023,7,1490,-520,970,Inventory consideration
SC-TRN-0008,2023,8,1499,-497,1002,Customer demand expectation
SC-TRN-0008,2023,9,1614,-525,1089,Inventory consideration
SC-TRN-0008,2023,10,1785,768,2553,Customer demand expectation
SC-TRN-0008,2023,11,1233,508,1741,Critical part requirement
SC-TRN-0008,2023,12,1351,413,1764,Customer demand expectation
SC-TRN-0008,2024,1,1244,-495,749,Customer demand expectation
SC-TRN-0008,2024,2,1251,-149,1102,Inventory consideration
SC-TRN-0008,2024,3,1957,378,2335,Customer demand expectation
SC-TRN-0008,2024,4,1312,329,1641,Customer demand expectation
SC-TRN-0008,2024,5,1575,0,1575,No adjustment
SC-TRN-0008,2024,6,1547,657,2204,Lead time consideration
SC-TRN-0008,2024,7,1707,-481,1226,Inventory consideration
SC-TRN-0008,2024,8,1349,544,1893,Lead time consideration
SC-TRN-0008,2024,9,1294,-491,803,Customer demand expectation
SC-TRN-0008,2024,10,1547,0,1547,No adjustment
SC-TRN-0008,2024,11,2066,256,2322,Lead time consideration
SC-TRN-0008,2024,12,1735,391,2126,Customer demand expectation
SC-TRN-0009,2020,1,282,0,282,
SC-TRN-0009,2020,2,203,-27,176,Inventory consideration
SC-TRN-0009,2020,3,84,0,84,
SC-TRN-0009,2020,4,199,0,199,
SC-TRN-0009,2020,5,471,0,471,
SC-TRN-0009,2020,6,436,78,514,Critical part requirement
SC-TRN-0009,2020,7,470,0,470,No adjustment
SC-TRN-0009,2020,8,227,0,227,
SC-TRN-0009,2020,9,312,0,312,
SC-TRN-0009,2020,10,237,-90,147,Inventory consideration
SC-TRN-0009,2020,11,246,-25,221,Customer demand expectation
SC-TRN-0009,2020,12,282,41,323,Critical part requirement
SC-TRN-0009,2021,1,339,-101,238,Inventory consideration
SC-TRN-0009,2021,2,235,75,310,Lead time consideration
SC-TRN-0009,2021,3,315,-39,276,Customer demand expectation
SC-TRN-0009,2021,4,334,0,334,No adjustment
SC-TRN-0009,2021,5,447,-68,379,Customer demand expectation
SC-TRN-0009,2021,6,528,70,598,Lead time consideration
SC-TRN-0009,2021,7,580,-162,418,Inventory consideration
SC-TRN-0009,2021,8,424,63,487,Lead time consideration
SC-TRN-0009,2021,9,408,51,459,Critical part requirement
SC-TRN-0009,2021,10,438,-102,336,Inventory consideration
SC-TRN-0009,2021,11,399,-102,297,
SC-TRN-0009,2021,12,390,0,390,No adjustment
SC-TRN-0009,2022,1,425,-138,287,
SC-TRN-0009,2022,2,311,51,362,
SC-TRN-0009,2022,3,149,-20,129,Inventory consideration
SC-TRN-0009,2022,4,302,-114,188,Inventory consideration
SC-TRN-0009,2022,5,326,90,416,Lead time consideration
SC-TRN-0009,2022,6,592,-96,496,Inventory consideration
SC-TRN-0009,2022,7,579,77,656,Lead time consideration
SC-TRN-0009,2022,8,270,108,378,Lead time consideration
SC-TRN-0009,2022,9,424,-96,328,Inventory consideration
SC-TRN-0009,2022,10,414,0,414,
SC-TRN-0009,2022,11,513,-70,443,Inventory consideration
SC-TRN-0009,2022,12,212,0,212,No adjustment
SC-TRN-0009,2023,1,224,-97,127,Inventory consideration
SC-TRN-0009,2023,2,365,-61,304,Inventory consideration
SC-TRN-0009,2023,3,155,-24,131,Inventory consideration
SC-TRN-0009,2023,4,428,0,428,
SC-TRN-0009,2023,5,378,0,378,
SC-TRN-0009,2023,6,617,0,617,No adjustment
SC-TRN-0009,2023,7,341,118,459,Critical part requirement
SC-TRN-0009,2023,8,269,60,329,Lead time consideration
SC-TRN-0009,2023,9,309,61,370,Lead time consideration
SC-TRN-0009,2023,10,407,0,407,
SC-TRN-0009,2023,11,369,-70,299,Inventory consideration
SC-TRN-0009,2023,12,423,0,423,No adjustment
SC-TRN-0009,2024,1,598,176,774,Lead time consideration
SC-TRN-0009,2024,2,705,-275,430,Inventory consideration
SC-TRN-0009,2024,3,466,-65,401,Customer demand expectation
SC-TRN-0009,2024,4,615,-84,531,Inventory consideration
SC-TRN-0009,2024,5,690,0,690,
SC-TRN-0009,2024,6,799,191,990,Lead time consideration
SC-TRN-0009,2024,7,246,-71,175,Inventory consideration
SC-TRN-0009,2024,8,455,-125,330,Customer demand expectation
SC-TRN-0009,2024,9,433,0,433,No adjustment
SC-TRN-0009,2024,10,863,279,1142,Critical part requirement
SC-TRN-0009,2024,11,481,205,686,Critical part requirement
SC-TRN-0009,2024,12,781,-306,475,Customer demand expectation
SC-ENG-0009,2020,1,37,-5,32,Customer demand expectation
SC-ENG-0009,2020,2,49,-20,29,Customer demand expectation
SC-ENG-0009,2020,3,34,-9,25,
SC-ENG-0009,2020,4,12,0,12,No adjustment
SC-ENG-0009,2020,5,34,-7,27,
SC-ENG-0009,2020,6,1,0,1,Inventory consideration
SC-ENG-0009,2020,7,32,-9,23,Customer demand expectation
SC-ENG-0009,2020,8,13,-6,7,Inventory consideration
SC-ENG-0009,2020,9,2,-1,1,Inventory consideration
SC-ENG-0009,2020,10,0,0,0,Lead time consideration
SC-ENG-0009,2020,11,17,-7,10,Customer demand expectation
SC-ENG-0009,2020,12,15,0,15,
SC-ENG-0009,2021,1,1,0,1,
SC-ENG-0009,2021,2,8,0,8,No adjustment
SC-ENG-0009,2021,3,4,-1,3,Inventory consideration
SC-ENG-0009,2021,4,22,0,22,No adjustment
SC-ENG-0009,2021,5,36,-5,31,Customer demand expectation
SC-ENG-0009,2021,6,14,-6,8,Customer demand expectation
SC-ENG-0009,2021,7,28,-6,22,Inventory consideration
SC-ENG-0009,2021,8,40,0,40,
SC-ENG-0009,2021,9,18,-4,14,Inventory consideration
SC-ENG-0009,2021,10,15,-3,12,Customer demand expectation
SC-ENG-0009,2021,11,18,5,23,Lead time consideration
SC-ENG-0009,2021,12,15,-2,13,Inventory consideration
SC-ENG-0009,2022,1,21,6,27,
SC-ENG-0009,2022,2,12,-4,8,Inventory consideration
SC-ENG-0009,2022,3,15,-7,8,Inventory consideration
SC-ENG-0009,2022,4,20,-7,13,
SC-ENG-0009,2022,5,10,-3,7,
SC-ENG-0009,2022,6,18,-5,13,Customer demand expectation
SC-ENG-0009,2022,7,22,8,30,Critical part requirement
SC-ENG-0009,2022,8,21,3,24,
SC-ENG-0009,2022,9,0,0,0,No adjustment
SC-ENG-0009,2022,10,0,0,0,
SC-ENG-0009,2022,11,0,0,0,
SC-ENG-0009,2022,12,3,-1,2,Inventory consideration
SC-ENG-0009,2023,1,36,-12,24,Inventory consideration
SC-ENG-0009,2023,2,35,4,39,Critical part requirement
SC-ENG-0009,2023,3,13,3,16,Lead time consideration
SC-ENG-0009,2023,4,30,-7,23,Inventory consideration
SC-ENG-0009,2023,5,23,0,23,No adjustment
SC-ENG-0009,2023,6,11,-3,8,Customer demand expectation
SC-ENG-0009,2023,7,67,0,67,
SC-ENG-0009,2023,8,45,0,45,No adjustment
SC-ENG-0009,2023,9,19,-7,12,Inventory consideration
SC-ENG-0009,2023,10,17,-2,15,
SC-ENG-0009,2023,11,33,12,45,Lead time consideration
SC-ENG-0009,2023,12,17,-4,13,Inventory consideration
SC-ENG-0009,2024,1,23,-7,16,Inventory consideration
SC-ENG-0009,2024,2,20,3,23,Lead time consideration
SC-ENG-0009,2024,3,0,0,0,Customer demand expectation
SC-ENG-0009,2024,4,12,0,12,No adjustment
SC-ENG-0009,2024,5,13,-3,10,Inventory consideration
SC-ENG-0009,2024,6,7,-1,6,Customer demand expectation
SC-ENG-0009,2024,7,17,-3,14,Customer demand expectation
SC-ENG-0009,2024,8,15,-4,11,Customer demand expectation
SC-ENG-0009,2024,9,0,0,0,Customer demand expectation
SC-ENG-0009,2024,10,20,-9,11,Customer demand expectation
SC-ENG-0009,2024,11,26,-5,21,
SC-ENG-0009,2024,12,22,9,31,Customer demand expectation
SC-ENG-0010,2020,1,2,0,2,
SC-ENG-0010,2020,2,2,0,2,No adjustment
SC-ENG-0010,2020,3,4,-2,2,Customer demand expectation
SC-ENG-0010,2020,4,20,-8,12,Inventory consideration
SC-ENG-0010,2020,5,10,-2,8,Customer demand expectation
SC-ENG-0010,2020,6,1,0,1,
SC-ENG-0010,2020,7,17,-5,12,Customer demand expectation
SC-ENG-0010,2020,8,0,0,0,
SC-ENG-0010,2020,9,5,-1,4,Inventory consideration
SC-ENG-0010,2020,10,12,-1,11,Inventory consideration
SC-ENG-0010,2020,11,15,-2,13,
SC-ENG-0010,2020,12,12,-1,11,
SC-ENG-0010,2021,1,14,-3,11,Inventory consideration
SC-ENG-0010,2021,2,35,10,45,Critical part requirement
SC-ENG-0010,2021,3,1,0,1,No adjustment
SC-ENG-0010,2021,4,20,-6,14,Customer demand expectation
SC-ENG-0010,2021,5,23,-4,19,Customer demand expectation
SC-ENG-0010,2021,6,27,-3,24,Customer demand expectation
SC-ENG-0010,2021,7,18,2,20,Lead time consideration
SC-ENG-0010,2021,8,28,-6,22,Customer demand expectation
SC-ENG-0010,2021,9,47,-20,27,Inventory consideration
SC-ENG-0010,2021,10,17,-4,13,Customer demand expectation
SC-ENG-0010,2021,11,53,23,76,Customer demand expectation
SC-ENG-0010,2021,12,25,-6,19,Inventory consideration
SC-ENG-0010,2022,1,11,-1,10,Customer demand expectation
SC-ENG-0010,2022,2,7,-2,5,Inventory consideration
SC-ENG-0010,2022,3,19,5,24,Customer demand expectation
SC-ENG-0010,2022,4,0,0,0,Critical part requirement
SC-ENG-0010,2022,5,39,0,39,No adjustment
SC-ENG-0010,2022,6,23,-9,14,Inventory consideration
SC-ENG-0010,2022,7,1,0,1,
SC-ENG-0010,2022,8,8,0,8,
SC-ENG-0010,2022,9,7,0,7,No adjustment
SC-ENG-0010,2022,10,38,-13,25,Customer demand expectation
SC-ENG-0010,2022,11,10,-2,8,Inventory consideration
SC-ENG-0010,2022,12,0,0,0,Inventory consideration
SC-ENG-0010,2023,1,56,0,56,
SC-ENG-0010,2023,2,11,-1,10,Inventory consideration
SC-ENG-0010,2023,3,40,0,40,
SC-ENG-0010,2023,4,21,3,24,Customer demand expectation
SC-ENG-0010,2023,5,9,2,11,Customer demand expectation
SC-ENG-0010,2023,6,14,0,14,
SC-ENG-0010,2023,7,15,-4,11,Customer demand expectation
SC-ENG-0010,2023,8,12,-2,10,Inventory consideration
SC-ENG-0010,2023,9,42,-8,34,Customer demand expectation
SC-ENG-0010,2023,10,6,-2,4,
SC-ENG-0010,2023,11,36,0,36,No adjustment
SC-ENG-0010,2023,12,17,-2,15,
SC-ENG-0010,2024,1,18,-8,10,Customer demand expectation
SC-ENG-0010,2024,2,19,-8,11,Inventory consideration
SC-ENG-0010,2024,3,4,1,5,Customer demand expectation
SC-ENG-0010,2024,4,13,-2,11,Inventory consideration
SC-ENG-0010,2024,5,1,0,1,
SC-ENG-0010,2024,6,6,0,6,No adjustment
SC-ENG-0010,2024,7,4,-2,2,Inventory consideration
SC-ENG-0010,2024,8,13,-2,11,Inventory consideration
SC-ENG-0010,2024,9,31,9,40,Customer demand expectation
SC-ENG-0010,2024,10,6,-2,4,Inventory consideration
SC-ENG-0010,2024,11,11,-1,10,Customer demand expectation
SC-ENG-0010,2024,12,25,-7,18,Inventory consideration
SC-BRK-0007,2020,1,634,-85,549,Inventory consideration
SC-BRK-0007,2020,2,697,211,908,Customer demand expectation
SC-BRK-0007,2020,3,400,-58,342,Customer demand expectation
SC-BRK-0007,2020,4,370,-52,318,Customer demand expectation
SC-BRK-0007,2020,5,567,77,644,Customer demand expectation
SC-BRK-0007,2020,6,686,0,686,No adjustment
SC-BRK-0007,2020,7,896,0,896,No adjustment
SC-BRK-0007,2020,8,547,0,547,
SC-BRK-0007,2020,9,480,0,480,
SC-BRK-0007,2020,10,751,306,1057,Lead time consideration
SC-BRK-0007,2020,11,296,99,395,Critical part requirement
SC-BRK-0007,2020,12,657,0,657,
SC-BRK-0007,2021,1,453,0,453,
SC-BRK-0007,2021,2,626,206,832,Lead time consideration
SC-BRK-0007,2021,3,500,147,647,Customer demand expectation
SC-BRK-0007,2021,4,701,173,874,Critical part requirement
SC-BRK-0007,2021,5,709,-164,545,Inventory consideration
SC-BRK-0007,2021,6,648,-162,486,Customer demand expectation
SC-BRK-0007,2021,7,600,-192,408,Inventory consideration
SC-BRK-0007,2021,8,849,104,953,Critical part requirement
SC-BRK-0007,2021,9,836,316,1152,Customer demand expectation
SC-BRK-0007,2021,10,596,-119,477,Inventory consideration
SC-BRK-0007,2021,11,739,0,739,
SC-BRK-0007,2021,12,963,0,963,No adjustment
SC-BRK-0007,2022,1,478,0,478,
SC-BRK-0007,2022,2,859,337,1196,Customer demand expectation
SC-BRK-0007,2022,3,629,-253,376,Customer demand expectation
SC-BRK-0007,2022,4,648,-167,481,Customer demand expectation
SC-BRK-0007,2022,5,693,0,693,No adjustment
SC-BRK-0007,2022,6,814,0,814,No adjustment
SC-BRK-0007,2022,7,615,0,615,
SC-BRK-0007,2022,8,1202,0,1202,
SC-BRK-0007,2022,9,581,0,581,
SC-BRK-0007,2022,10,721,154,875,Critical part requirement
SC-BRK-0007,2022,11,883,-322,561,Inventory consideration
SC-BRK-0007,2022,12,659,-259,400,Inventory consideration
SC-BRK-0007,2023,1,828,0,828,No adjustment
SC-BRK-0007,2023,2,737,-175,562,
SC-BRK-0007,2023,3,477,0,477,
SC-BRK-0007,2023,4,235,-52,183,Customer demand expectation
SC-BRK-0007,2023,5,704,0,704,
SC-BRK-0007,2023,6,510,0,510,
SC-BRK-0007,2023,7,897,0,897,No adjustment
SC-BRK-0007,2023,8,473,0,473,
SC-BRK-0007,2023,9,784,0,784,No adjustment
SC-BRK-0007,2023,10,975,298,1273,Customer demand expectation
SC-BRK-0007,2023,11,698,-169,529,Customer demand expectation
SC-BRK-0007,2023,12,932,242,1174,Critical part requirement
SC-BRK-0007,2024,1,1156,0,1156,
SC-BRK-0007,2024,2,933,0,933,
SC-BRK-0007,2024,3,788,90,878,Lead time consideration
SC-BRK-0007,2024,4,861,0,861,No adjustment
SC-BRK-0007,2024,5,618,230,848,Lead time consideration
SC-BRK-0007,2024,6,1197,-523,674,Inventory consideration
SC-BRK-0007,2024,7,670,-294,376,
SC-BRK-0007,2024,8,662,160,822,Critical part requirement
SC-BRK-0007,2024,9,1063,-230,833,
SC-BRK-0007,2024,10,466,0,466,No adjustment
SC-BRK-0007,2024,11,627,-262,365,Inventory consideration
SC-BRK-0007,2024,12,933,0,933,
SC-FUE-0010,2020,1,521,63,584,Customer demand expectation
SC-FUE-0010,2020,2,683,249,932,Critical part requirement
SC-FUE-0010,2020,3,707,-89,618,Inventory consideration
SC-FUE-0010,2020,4,933,244,1177,Customer demand expectation
SC-FUE-0010,2020,5,1152,-447,705,Inventory consideration
SC-FUE-0010,2020,6,936,398,1334,Lead time consideration
SC-FUE-0010,2020,7,1917,-544,1373,Inventory consideration
SC-FUE-0010,2020,8,1150,0,1150,No adjustment
SC-FUE-0010,2020,9,1403,-249,1154,
SC-FUE-0010,2020,10,1285,332,1617,
SC-FUE-0010,2020,11,1451,160,1611,Lead time consideration
SC-FUE-0010,2020,12,940,106,1046,Customer demand expectation
SC-FUE-0010,2021,1,1415,-551,864,Customer demand expectation
SC-FUE-0010,2021,2,1383,594,1977,Critical part requirement
SC-FUE-0010,2021,3,1445,0,1445,No adjustment
SC-FUE-0010,2021,4,1835,598,2433,Customer demand expectation
SC-FUE-0010,2021,5,1268,-235,1033,Customer demand expectation
SC-FUE-0010,2021,6,1347,161,1508,Critical part requirement
SC-FUE-0010,2021,7,1520,-307,1213,Customer demand expectation
SC-FUE-0010,2021,8,2609,917,3526,Critical part requirement
SC-FUE-0010,2021,9,1619,-275,1344,Inventory consideration
SC-FUE-0010,2021,10,749,-297,452,Customer demand expectation
SC-FUE-0010,2021,11,987,0,987,
SC-FUE-0010,2021,12,1119,282,1401,Lead time consideration
SC-FUE-0010,2022,1,1084,0,1084,
SC-FUE-0010,2022,2,1451,166,1617,Customer demand expectation
SC-FUE-0010,2022,3,1577,443,2020,Critical part requirement
SC-FUE-0010,2022,4,1186,527,1713,Customer demand expectation
SC-FUE-0010,2022,5,1466,-236,1230,Customer demand expectation
SC-FUE-0010,2022,6,1365,284,1649,Customer demand expectation
SC-FUE-0010,2022,7,1210,-310,900,Customer demand expectation
SC-FUE-0010,2022,8,1309,-395,914,Customer demand expectation
SC-FUE-0010,2022,9,1484,-277,1207,Inventory consideration
SC-FUE-0010,2022,10,1230,-476,754,Customer demand expectation
SC-FUE-0010,2022,11,1329,497,1826,Lead time consideration
SC-FUE-0010,2022,12,1497,490,1987,Customer demand expectation
SC-FUE-0010,2023,1,1363,143,1506,
SC-FUE-0010,2023,2,940,-283,657,Customer demand expectation
SC-FUE-0010,2023,3,1351,444,1795,
SC-FUE-0010,2023,4,1368,468,1836,Lead time consideration
SC-FUE-0010,2023,5,1780,537,2317,Critical part requirement
SC-FUE-0010,2023,6,1545,328,1873,Customer demand expectation
SC-FUE-0010,2023,7,1748,0,1748,
SC-FUE-0010,2023,8,1584,261,1845,Customer demand expectation
SC-FUE-0010,2023,9,1959,347,2306,Lead time consideration
SC-FUE-0010,2023,10,1788,0,1788,No adjustment
SC-FUE-0010,2023,11,1097,492,1589,Customer demand expectation
SC-FUE-0010,2023,12,1307,242,1549,Lead time consideration
SC-FUE-0010,2024,1,1774,720,2494,Critical part requirement
SC-FUE-0010,2024,2,1098,0,1098,
SC-FUE-0010,2024,3,1595,299,1894,Customer demand expectation
SC-FUE-0010,2024,4,1303,525,1828,Critical part requirement
SC-FUE-0010,2024,5,1854,-230,1624,Customer demand expectation
SC-FUE-0010,2024,6,3577,721,4298,Critical part requirement
SC-FUE-0010,2024,7,3353,707,4060,Customer demand expectation
SC-FUE-0010,2024,8,1759,441,2200,Critical part requirement
SC-FUE-0010,2024,9,1708,551,2259,Lead time consideration
SC-FUE-0010,2024,10,1583,510,2093,Customer demand expectation
SC-FUE-0010,2024,11,1829,256,2085,Lead time consideration
SC-FUE-0010,2024,12,1849,793,2642,Customer demand expectation
SC-BRK-0008,2020,1,0,0,0,No adjustment
SC-BRK-0008,2020,2,0,0,0,No adjustment
SC-BRK-0008,2020,3,0,0,0,Inventory consideration
SC-BRK-0008,2020,4,1,0,1,Customer demand expectation
SC-BRK-0008,2020,5,22,-9,13,Customer demand expectation
SC-BRK-0008,2020,6,1,0,1,Inventory consideration
SC-BRK-0008,2020,7,0,0,0,Customer demand expectation
SC-BRK-0008,2020,8,2,0,2,
SC-BRK-0008,2020,9,17,2,19,Customer demand expectation
SC-BRK-0008,2020,10,16,-3,13,Inventory consideration
SC-BRK-0008,2020,11,16,-5,11,Inventory consideration
SC-BRK-0008,2020,12,11,-5,6,Inventory consideration
SC-BRK-0008,2021,1,10,0,10,
SC-BRK-0008,2021,2,30,-11,19,
SC-BRK-0008,2021,3,3,0,3,No adjustment
SC-BRK-0008,2021,4,11,0,11,No adjustment
SC-BRK-0008,2021,5,7,0,7,
SC-BRK-0008,2021,6,10,-3,7,Inventory consideration
SC-BRK-0008,2021,7,16,-5,11,Customer demand expectation
SC-BRK-0008,2021,8,12,0,12,No adjustment
SC-BRK-0008,2021,9,4,-2,2,Inventory consideration
SC-BRK-0008,2021,10,2,-1,1,Inventory consideration
SC-BRK-0008,2021,11,11,0,11,
SC-BRK-0008,2021,12,10,-3,7,Customer demand expectation
SC-BRK-0008,2022,1,7,-1,6,Inventory consideration
SC-BRK-0008,2022,2,18,-6,12,Customer demand expectation
SC-BRK-0008,2022,3,0,0,0,Customer demand expectation
SC-BRK-0008,2022,4,0,0,0,Lead time consideration
SC-BRK-0008,2022,5,18,0,18,
SC-BRK-0008,2022,6,15,3,18,Customer demand expectation
SC-BRK-0008,2022,7,1,0,1,Lead time consideration
SC-BRK-0008,2022,8,24,0,24,
SC-BRK-0008,2022,9,28,0,28,No adjustment
SC-BRK-0008,2022,10,10,-4,6,Inventory consideration
SC-BRK-0008,2022,11,36,-9,27,Customer demand expectation
SC-BRK-0008,2022,12,16,-3,13,Inventory consideration
SC-BRK-0008,2023,1,9,-3,6,Customer demand expectation
SC-BRK-0008,2023,2,12,-2,10,Customer demand expectation
SC-BRK-0008,2023,3,7,-2,5,Customer demand expectation
SC-BRK-0008,2023,4,23,0,23,No adjustment
SC-BRK-0008,2023,5,19,-2,17,Inventory consideration
SC-BRK-0008,2023,6,18,3,21,Critical part requirement
SC-BRK-0008,2023,7,7,-3,4,Customer demand expectation
SC-BRK-0008,2023,8,11,0,11,
SC-BRK-0008,2023,9,11,5,16,
SC-BRK-0008,2023,10,17,7,24,Lead time consideration
SC-BRK-0008,2023,11,14,5,19,Lead time consideration
SC-BRK-0008,2023,12,7,3,10,Critical part requirement
SC-BRK-0008,2024,1,5,0,5,
SC-BRK-0008,2024,2,20,7,27,Lead time consideration
SC-BRK-0008,2024,3,17,-7,10,Customer demand expectation
SC-BRK-0008,2024,4,24,0,24,No adjustment
SC-BRK-0008,2024,5,5,-1,4,Inventory consideration
SC-BRK-0008,2024,6,13,2,15,Lead time consideration
SC-BRK-0008,2024,7,11,0,11,No adjustment
SC-BRK-0008,2024,8,0,0,0,Customer demand expectation
SC-BRK-0008,2024,9,11,0,11,
SC-BRK-0008,2024,10,7,-1,6,Customer demand expectation
SC-BRK-0008,2024,11,2,-1,1,Inventory consideration
SC-BRK-0008,2024,12,12,-3,9,Customer demand expectation
SC-FLT-0008,2020,1,503,-81,422,Customer demand expectation
SC-FLT-0008,2020,2,510,-187,323,Customer demand expectation
SC-FLT-0008,2020,3,315,0,315,No adjustment
SC-FLT-0008,2020,4,592,166,758,Lead time consideration
SC-FLT-0008,2020,5,1059,0,1059,
SC-FLT-0008,2020,6,1655,549,2204,Customer demand expectation
SC-FLT-0008,2020,7,1004,-339,665,Inventory consideration
SC-FLT-0008,2020,8,1513,388,1901,Critical part requirement
SC-FLT-0008,2020,9,446,0,446,No adjustment
SC-FLT-0008,2020,10,397,0,397,
SC-FLT-0008,2020,11,449,-152,297,Inventory consideration
SC-FLT-0008,2020,12,230,-92,138,Inventory consideration
SC-FLT-0008,2021,1,554,230,784,
SC-FLT-0008,2021,2,717,0,717,
SC-FLT-0008,2021,3,430,120,550,Critical part requirement
SC-FLT-0008,2021,4,415,-72,343,Inventory consideration
SC-FLT-0008,2021,5,562,0,562,
SC-FLT-0008,2021,6,324,0,324,
SC-FLT-0008,2021,7,381,-88,293,Inventory consideration
SC-FLT-0008,2021,8,738,165,903,Lead time consideration
SC-FLT-0008,2021,9,351,-127,224,Customer demand expectation
SC-FLT-0008,2021,10,679,-192,487,Customer demand expectation
SC-FLT-0008,2021,11,159,0,159,No adjustment
SC-FLT-0008,2021,12,256,44,300,Critical part requirement
SC-FLT-0008,2022,1,844,296,1140,Critical part requirement
SC-FLT-0008,2022,2,461,-187,274,Inventory consideration
SC-FLT-0008,2022,3,688,-147,541,Inventory consideration
SC-FLT-0008,2022,4,229,0,229,
SC-FLT-0008,2022,5,584,-122,462,Inventory consideration
SC-FLT-0008,2022,6,309,-103,206,Inventory consideration
SC-FLT-0008,2022,7,494,58,552,Customer demand expectation
SC-FLT-0008,2022,8,551,0,551,
SC-FLT-0008,2022,9,569,79,648,Critical part requirement
SC-FLT-0008,2022,10,765,0,765,
SC-FLT-0008,2022,11,724,-279,445,Customer demand expectation
SC-FLT-0008,2022,12,423,0,423,
SC-FLT-0008,2023,1,370,133,503,Lead time consideration
SC-FLT-0008,2023,2,593,213,806,Customer demand expectation
SC-FLT-0008,2023,3,648,211,859,Critical part requirement
SC-FLT-0008,2023,4,766,0,766,No adjustment
SC-FLT-0008,2023,5,424,-121,303,Inventory consideration
SC-FLT-0008,2023,6,587,0,587,
SC-FLT-0008,2023,7,326,0,326,
SC-FLT-0008,2023,8,663,0,663,
SC-FLT-0008,2023,9,952,272,1224,Lead time consideration
SC-FLT-0008,2023,10,802,-130,672,Inventory consideration
SC-FLT-0008,2023,11,572,-119,453,Customer demand expectation
SC-FLT-0008,2023,12,307,-59,248,Inventory consideration
SC-FLT-0008,2024,1,769,0,769,No adjustment
SC-FLT-0008,2024,2,362,-43,319,Inventory consideration
SC-FLT-0008,2024,3,974,0,974,No adjustment
SC-FLT-0008,2024,4,419,0,419,
SC-FLT-0008,2024,5,618,-94,524,Inventory consideration
SC-FLT-0008,2024,6,612,0,612,
SC-FLT-0008,2024,7,307,125,432,Critical part requirement
SC-FLT-0008,2024,8,683,172,855,Lead time consideration
SC-FLT-0008,2024,9,553,114,667,Critical part requirement
SC-FLT-0008,2024,10,723,0,723,
SC-FLT-0008,2024,11,694,-280,414,Customer demand expectation
SC-FLT-0008,2024,12,1068,0,1068,
SC-FLT-0009,2020,1,174,-54,120,Inventory consideration
SC-FLT-0009,2020,2,146,0,146,
SC-FLT-0009,2020,3,123,52,175,
SC-FLT-0009,2020,4,308,41,349,Lead time consideration
SC-FLT-0009,2020,5,209,0,209,
SC-FLT-0009,2020,6,92,0,92,
SC-FLT-0009,2020,7,196,30,226,Critical part requirement
SC-FLT-0009,2020,8,413,0,413,No adjustment
SC-FLT-0009,2020,9,252,-37,215,Customer demand expectation
SC-FLT-0009,2020,10,368,61,429,Customer demand expectation
SC-FLT-0009,2020,11,596,0,596,
SC-FLT-0009,2020,12,506,108,614,Lead time consideration
SC-FLT-0009,2021,1,231,-98,133,Inventory consideration
SC-FLT-0009,2021,2,167,-56,111,Inventory consideration
SC-FLT-0009,2021,3,263,0,263,No adjustment
SC-FLT-0009,2021,4,249,-104,145,Inventory consideration
SC-FLT-0009,2021,5,328,-108,220,
SC-FLT-0009,2021,6,257,46,303,Lead time consideration
SC-FLT-0009,2021,7,413,-151,262,Inventory consideration
SC-FLT-0009,2021,8,361,75,436,Customer demand expectation
SC-FLT-0009,2021,9,393,-113,280,Inventory consideration
SC-FLT-0009,2021,10,371,0,371,
SC-FLT-0009,2021,11,314,-40,274,Inventory consideration
SC-FLT-0009,2021,12,298,-94,204,Customer demand expectation
SC-FLT-0009,2022,1,276,-65,211,Inventory consideration
SC-FLT-0009,2022,2,223,91,314,Critical part requirement
SC-FLT-0009,2022,3,306,0,306,No adjustment
SC-FLT-0009,2022,4,188,0,188,No adjustment
SC-FLT-0009,2022,5,292,0,292,No adjustment
SC-FLT-0009,2022,6,262,34,296,Customer demand expectation
SC-FLT-0009,2022,7,266,98,364,Customer demand expectation
SC-FLT-0009,2022,8,399,0,399,No adjustment
SC-FLT-0009,2022,9,442,-58,384,Inventory consideration
SC-FLT-0009,2022,10,328,136,464,Customer demand expectation
SC-FLT-0009,2022,11,217,-85,132,Customer demand expectation
SC-FLT-0009,2022,12,193,-53,140,Customer demand expectation
SC-FLT-0009,2023,1,228,98,326,Lead time consideration
SC-FLT-0009,2023,2,252,-87,165,Customer demand expectation
SC-FLT-0009,2023,3,381,86,467,Customer demand expectation
SC-FLT-0009,2023,4,354,0,354,No adjustment
SC-FLT-0009,2023,5,302,-38,264,
SC-FLT-0009,2023,6,342,0,342,No adjustment
SC-FLT-0009,2023,7,302,-66,236,Customer demand expectation
SC-FLT-0009,2023,8,326,103,429,Critical part requirement
SC-FLT-0009,2023,9,375,-38,337,
SC-FLT-0009,2023,10,266,0,266,
SC-FLT-0009,2023,11,477,-105,372,Inventory consideration
SC-FLT-0009,2023,12,394,-90,304,Inventory consideration
SC-FLT-0009,2024,1,272,-118,154,Customer demand expectation
SC-FLT-0009,2024,2,383,0,383,
SC-FLT-0009,2024,3,333,79,412,Critical part requirement
SC-FLT-0009,2024,4,547,0,547,No adjustment
SC-FLT-0009,2024,5,462,48,510,Critical part requirement
SC-FLT-0009,2024,6,424,52,476,Critical part requirement
SC-FLT-0009,2024,7,480,203,683,Customer demand expectation
SC-FLT-0009,2024,8,534,0,534,No adjustment
SC-FLT-0009,2024,9,297,0,297,No adjustment
SC-FLT-0009,2024,10,198,0,198,No adjustment
SC-FLT-0009,2024,11,373,-145,228,Inventory consideration
SC-FLT-0009,2024,12,422,-117,305,Inventory consideration
SC-CLG-0005,2020,1,774,-137,637,Inventory consideration
SC-CLG-0005,2020,2,223,46,269,Customer demand expectation
SC-CLG-0005,2020,3,627,0,627,
SC-CLG-0005,2020,4,528,0,528,
SC-CLG-0005,2020,5,650,0,650,No adjustment
SC-CLG-0005,2020,6,571,0,571,No adjustment
SC-CLG-0005,2020,7,596,257,853,
SC-CLG-0005,2020,8,638,0,638,
SC-CLG-0005,2020,9,459,0,459,No adjustment
SC-CLG-0005,2020,10,366,-71,295,Inventory consideration
SC-CLG-0005,2020,11,406,62,468,Critical part requirement
SC-CLG-0005,2020,12,716,0,716,
SC-CLG-0005,2021,1,585,0,585,No adjustment
SC-CLG-0005,2021,2,454,0,454,
SC-CLG-0005,2021,3,1116,0,1116,No adjustment
SC-CLG-0005,2021,4,1107,274,1381,Critical part requirement
SC-CLG-0005,2021,5,568,88,656,Customer demand expectation
SC-CLG-0005,2021,6,1027,-430,597,
SC-CLG-0005,2021,7,753,-150,603,Customer demand expectation
SC-CLG-0005,2021,8,663,0,663,No adjustment
SC-CLG-0005,2021,9,1675,626,2301,Lead time consideration
SC-CLG-0005,2021,10,1068,179,1247,Critical part requirement
SC-CLG-0005,2021,11,791,-156,635,Customer demand expectation
SC-CLG-0005,2021,12,977,377,1354,Customer demand expectation
SC-CLG-0005,2022,1,419,154,573,Lead time consideration
SC-CLG-0005,2022,2,132,-29,103,Customer demand expectation
SC-CLG-0005,2022,3,995,0,995,
SC-CLG-0005,2022,4,823,-313,510,Inventory consideration
SC-CLG-0005,2022,5,1458,0,1458,
SC-CLG-0005,2022,6,593,-235,358,Customer demand expectation
SC-CLG-0005,2022,7,652,-253,399,Inventory consideration
SC-CLG-0005,2022,8,1407,-340,1067,Inventory consideration
SC-CLG-0005,2022,9,845,0,845,No adjustment
SC-CLG-0005,2022,10,409,0,409,
SC-CLG-0005,2022,11,0,0,0,Customer demand expectation
SC-CLG-0005,2022,12,652,-188,464,Inventory consideration
SC-CLG-0005,2023,1,820,0,820,
SC-CLG-0005,2023,2,533,-125,408,Inventory consideration
SC-CLG-0005,2023,3,711,111,822,
SC-CLG-0005,2023,4,1102,-291,811,Customer demand expectation
SC-CLG-0005,2023,5,704,263,967,Customer demand expectation
SC-CLG-0005,2023,6,759,0,759,No adjustment
SC-CLG-0005,2023,7,1205,0,1205,No adjustment
SC-CLG-0005,2023,8,899,-190,709,
SC-CLG-0005,2023,9,966,98,1064,Customer demand expectation
SC-CLG-0005,2023,10,870,-186,684,Inventory consideration
SC-CLG-0005,2023,11,847,0,847,No adjustment
SC-CLG-0005,2023,12,1024,-103,921,Inventory consideration
SC-CLG-0005,2024,1,319,0,319,No adjustment
SC-CLG-0005,2024,2,394,-45,349,Customer demand expectation
SC-CLG-0005,2024,3,482,0,482,
SC-CLG-0005,2024,4,578,132,710,Customer demand expectation
SC-CLG-0005,2024,5,767,-264,503,Customer demand expectation
SC-CLG-0005,2024,6,725,120,845,Customer demand expectation
SC-CLG-0005,2024,7,998,0,998,No adjustment
SC-CLG-0005,2024,8,818,-198,620,Customer demand expectation
SC-CLG-0005,2024,9,1142,-413,729,Customer demand expectation
SC-CLG-0005,2024,10,1183,0,1183,No adjustment
SC-CLG-0005,2024,11,999,-211,788,Customer demand expectation
SC-CLG-0005,2024,12,862,0,862,
SC-ENG-0011,2020,1,25,-4,21,Inventory consideration
SC-ENG-0011,2020,2,14,2,16,Customer demand expectation
SC-ENG-0011,2020,3,18,-8,10,Customer demand expectation
SC-ENG-0011,2020,4,18,0,18,
SC-ENG-0011,2020,5,23,-2,21,Inventory consideration
SC-ENG-0011,2020,6,8,3,11,Customer demand expectation
SC-ENG-0011,2020,7,0,0,0,Inventory consideration
SC-ENG-0011,2020,8,14,3,17,Lead time consideration
SC-ENG-0011,2020,9,36,0,36,
SC-ENG-0011,2020,10,30,-4,26,Customer demand expectation
SC-ENG-0011,2020,11,7,-2,5,Customer demand expectation
SC-ENG-0011,2020,12,25,0,25,
SC-ENG-0011,2021,1,26,-3,23,Inventory consideration
SC-ENG-0011,2021,2,12,0,12,
SC-ENG-0011,2021,3,23,-10,13,Inventory consideration
SC-ENG-0011,2021,4,45,20,65,Lead time consideration
SC-ENG-0011,2021,5,13,-3,10,
SC-ENG-0011,2021,6,22,5,27,Customer demand expectation
SC-ENG-0011,2021,7,14,0,14,
SC-ENG-0011,2021,8,0,0,0,Inventory consideration
SC-ENG-0011,2021,9,44,10,54,Customer demand expectation
SC-ENG-0011,2021,10,17,-4,13,Inventory consideration
SC-ENG-0011,2021,11,24,7,31,Customer demand expectation
SC-ENG-0011,2021,12,46,-14,32,Inventory consideration
SC-ENG-0011,2022,1,23,-4,19,Inventory consideration
SC-ENG-0011,2022,2,28,8,36,Lead time consideration
SC-ENG-0011,2022,3,15,-4,11,Inventory consideration
SC-ENG-0011,2022,4,30,0,30,
SC-ENG-0011,2022,5,17,0,17,
SC-ENG-0011,2022,6,0,0,0,Lead time consideration
SC-ENG-0011,2022,7,26,-7,19,Customer demand expectation
SC-ENG-0011,2022,8,30,0,30,
SC-ENG-0011,2022,9,10,2,12,Customer demand expectation
SC-ENG-0011,2022,10,17,-5,12,Inventory consideration
SC-ENG-0011,2022,11,53,0,53,No adjustment
SC-ENG-0011,2022,12,13,0,13,
SC-ENG-0011,2023,1,35,-11,24,
SC-ENG-0011,2023,2,24,-6,18,Customer demand expectation
SC-ENG-0011,2023,3,18,-6,12,
SC-ENG-0011,2023,4,39,-9,30,Customer demand expectation
SC-ENG-0011,2023,5,13,0,13,
SC-ENG-0011,2023,6,9,-3,6,Inventory consideration
SC-ENG-0011,2023,7,59,19,78,Critical part requirement
SC-ENG-0011,2023,8,18,3,21,Critical part requirement
SC-ENG-0011,2023,9,31,-9,22,
SC-ENG-0011,2023,10,22,-4,18,Customer demand expectation
SC-ENG-0011,2023,11,26,0,26,No adjustment
SC-ENG-0011,2023,12,28,0,28,No adjustment
SC-ENG-0011,2024,1,0,0,0,Customer demand expectation
SC-ENG-0011,2024,2,36,0,36,
SC-ENG-0011,2024,3,26,7,33,Lead time consideration
SC-ENG-0011,2024,4,6,0,6,
SC-ENG-0011,2024,5,38,0,38,
SC-ENG-0011,2024,6,15,-4,11,Inventory consideration
SC-ENG-0011,2024,7,16,-6,10,Inventory consideration
SC-ENG-0011,2024,8,7,-1,6,Customer demand expectation
SC-ENG-0011,2024,9,11,-4,7,Inventory consideration
SC-ENG-0011,2024,10,28,-7,21,
SC-ENG-0011,2024,11,39,-8,31,Customer demand expectation
SC-ENG-0011,2024,12,18,-3,15,Customer demand expectation
SC-TRN-0010,2020,1,587,62,649,
SC-TRN-0010,2020,2,922,140,1062,
SC-TRN-0010,2020,3,444,-193,251,Inventory consideration
SC-TRN-0010,2020,4,343,0,343,No adjustment
SC-TRN-0010,2020,5,665,0,665,No adjustment
SC-TRN-0010,2020,6,773,217,990,Critical part requirement
SC-TRN-0010,2020,7,614,68,682,Customer demand expectation
SC-TRN-0010,2020,8,781,-170,611,Customer demand expectation
SC-TRN-0010,2020,9,728,239,967,Lead time consideration
SC-TRN-0010,2020,10,737,258,995,Lead time consideration
SC-TRN-0010,2020,11,518,156,674,
SC-TRN-0010,2020,12,726,88,814,Lead time consideration
SC-TRN-0010,2021,1,751,189,940,Customer demand expectation
SC-TRN-0010,2021,2,737,0,737,No adjustment
SC-TRN-0010,2021,3,546,152,698,Critical part requirement
SC-TRN-0010,2021,4,683,302,985,Customer demand expectation
SC-TRN-0010,2021,5,710,0,710,
SC-TRN-0010,2021,6,784,175,959,Lead time consideration
SC-TRN-0010,2021,7,947,397,1344,Customer demand expectation
SC-TRN-0010,2021,8,988,105,1093,Customer demand expectation
SC-TRN-0010,2021,9,705,179,884,Critical part requirement
SC-TRN-0010,2021,10,702,157,859,Customer demand expectation
SC-TRN-0010,2021,11,519,-121,398,Inventory consideration
SC-TRN-0010,2021,12,552,185,737,Customer demand expectation
SC-TRN-0010,2022,1,555,0,555,No adjustment
SC-TRN-0010,2022,2,1213,469,1682,Lead time consideration
SC-TRN-0010,2022,3,1154,191,1345,Critical part requirement
SC-TRN-0010,2022,4,768,331,1099,Critical part requirement
SC-TRN-0010,2022,5,994,401,1395,Customer demand expectation
SC-TRN-0010,2022,6,1233,174,1407,Critical part requirement
SC-TRN-0010,2022,7,904,-167,737,Inventory consideration
SC-TRN-0010,2022,8,661,287,948,Lead time consideration
SC-TRN-0010,2022,9,767,318,1085,
SC-TRN-0010,2022,10,720,0,720,
SC-TRN-0010,2022,11,879,-352,527,Inventory consideration
SC-TRN-0010,2022,12,878,203,1081,Customer demand expectation
SC-TRN-0010,2023,1,756,119,875,Critical part requirement
SC-TRN-0010,2023,2,928,415,1343,
SC-TRN-0010,2023,3,751,0,751,No adjustment
SC-TRN-0010,2023,4,960,388,1348,Critical part requirement
SC-TRN-0010,2023,5,774,-310,464,Inventory consideration
SC-TRN-0010,2023,6,919,-310,609,Inventory consideration
SC-TRN-0010,2023,7,872,0,872,
SC-TRN-0010,2023,8,937,0,937,No adjustment
SC-TRN-0010,2023,9,758,0,758,No adjustment
SC-TRN-0010,2023,10,797,0,797,
SC-TRN-0010,2023,11,857,204,1061,Customer demand expectation
SC-TRN-0010,2023,12,732,188,920,Customer demand expectation
SC-TRN-0010,2024,1,827,328,1155,Customer demand expectation
SC-TRN-0010,2024,2,1179,-204,975,Inventory consideration
SC-TRN-0010,2024,3,1163,-266,897,Customer demand expectation
SC-TRN-0010,2024,4,756,248,1004,Customer demand expectation
SC-TRN-0010,2024,5,1022,282,1304,Lead time consideration
SC-TRN-0010,2024,6,1431,0,1431,
SC-TRN-0010,2024,7,1021,0,1021,
SC-TRN-0010,2024,8,1194,501,1695,Customer demand expectation
SC-TRN-0010,2024,9,1174,0,1174,
SC-TRN-0010,2024,10,1165,-391,774,Customer demand expectation
SC-TRN-0010,2024,11,778,94,872,Lead time consideration
SC-TRN-0010,2024,12,878,-304,574,Customer demand expectation
SC-SUS-0018,2020,1,192,55,247,
SC-SUS-0018,2020,2,330,38,368,Critical part requirement
SC-SUS-0018,2020,3,323,-83,240,Customer demand expectation
SC-SUS-0018,2020,4,210,-27,183,Customer demand expectation
SC-SUS-0018,2020,5,138,28,166,
SC-SUS-0018,2020,6,324,-86,238,
SC-SUS-0018,2020,7,281,0,281,No adjustment
SC-SUS-0018,2020,8,293,75,368,
SC-SUS-0018,2020,9,484,-78,406,Inventory consideration
SC-SUS-0018,2020,10,595,0,595,
SC-SUS-0018,2020,11,577,0,577,
SC-SUS-0018,2020,12,463,0,463,No adjustment
SC-SUS-0018,2021,1,203,-42,161,Customer demand expectation
SC-SUS-0018,2021,2,280,-112,168,Customer demand expectation
SC-SUS-0018,2021,3,338,0,338,No adjustment
SC-SUS-0018,2021,4,524,0,524,
SC-SUS-0018,2021,5,219,97,316,Customer demand expectation
SC-SUS-0018,2021,6,647,161,808,Customer demand expectation
SC-SUS-0018,2021,7,539,0,539,
SC-SUS-0018,2021,8,639,-237,402,Inventory consideration
SC-SUS-0018,2021,9,507,-210,297,Inventory consideration
SC-SUS-0018,2021,10,571,217,788,Critical part requirement
SC-SUS-0018,2021,11,583,0,583,
SC-SUS-0018,2021,12,372,-75,297,Inventory consideration
SC-SUS-0018,2022,1,610,156,766,Lead time consideration
SC-SUS-0018,2022,2,445,74,519,Customer demand expectation
SC-SUS-0018,2022,3,430,-81,349,
SC-SUS-0018,2022,4,829,0,829,
SC-SUS-0018,2022,5,474,-207,267,Inventory consideration
SC-SUS-0018,2022,6,403,0,403,
SC-SUS-0018,2022,7,616,67,683,Lead time consideration
SC-SUS-0018,2022,8,507,161,668,Critical part requirement
SC-SUS-0018,2022,9,459,0,459,
SC-SUS-0018,2022,10,440,0,440,No adjustment
SC-SUS-0018,2022,11,487,111,598,Customer demand expectation
SC-SUS-0018,2022,12,654,107,761,
SC-SUS-0018,2023,1,810,-284,526,Customer demand expectation
SC-SUS-0018,2023,2,558,109,667,Lead time consideration
SC-SUS-0018,2023,3,595,-103,492,Customer demand expectation
SC-SUS-0018,2023,4,673,-235,438,
SC-SUS-0018,2023,5,931,254,1185,Critical part requirement
SC-SUS-0018,2023,6,457,-161,296,Inventory consideration
SC-SUS-0018,2023,7,676,258,934,
SC-SUS-0018,2023,8,649,0,649,
SC-SUS-0018,2023,9,495,0,495,No adjustment
SC-SUS-0018,2023,10,576,-184,392,Customer demand expectation
SC-SUS-0018,2023,11,544,0,544,No adjustment
SC-SUS-0018,2023,12,780,0,780,No adjustment
SC-SUS-0018,2024,1,918,142,1060,Customer demand expectation
SC-SUS-0018,2024,2,822,0,822,
SC-SUS-0018,2024,3,255,0,255,
SC-SUS-0018,2024,4,969,0,969,No adjustment
SC-SUS-0018,2024,5,853,-162,691,Customer demand expectation
SC-SUS-0018,2024,6,842,-142,700,Customer demand expectation
SC-SUS-0018,2024,7,461,120,581,Critical part requirement
SC-SUS-0018,2024,8,452,-108,344,Inventory consideration
SC-SUS-0018,2024,9,662,-91,571,Customer demand expectation
SC-SUS-0018,2024,10,683,0,683,
SC-SUS-0018,2024,11,589,-218,371,Inventory consideration
SC-SUS-0018,2024,12,1079,-182,897,Customer demand expectation
SC-ELC-0004,2020,1,15,-4,11,Inventory consideration
SC-ELC-0004,2020,2,2,-1,1,
SC-ELC-0004,2020,3,3,0,3,Inventory consideration
SC-ELC-0004,2020,4,4,-2,2,Inventory consideration
SC-ELC-0004,2020,5,15,-3,12,Customer demand expectation
SC-ELC-0004,2020,6,18,3,21,Critical part requirement
SC-ELC-0004,2020,7,6,1,7,
SC-ELC-0004,2020,8,7,-2,5,Inventory consideration
SC-ELC-0004,2020,9,3,-1,2,Customer demand expectation
SC-ELC-0004,2020,10,12,2,14,Lead time consideration
SC-ELC-0004,2020,11,21,-5,16,Inventory consideration
SC-ELC-0004,2020,12,13,2,15,Customer demand expectation
SC-ELC-0004,2021,1,15,-3,12,Customer demand expectation
SC-ELC-0004,2021,2,3,-1,2,Inventory consideration
SC-ELC-0004,2021,3,30,-5,25,Inventory consideration
SC-ELC-0004,2021,4,30,-11,19,Inventory consideration
SC-ELC-0004,2021,5,8,-3,5,
SC-ELC-0004,2021,6,9,1,10,Customer demand expectation
SC-ELC-0004,2021,7,20,-8,12,Customer demand expectation
SC-ELC-0004,2021,8,15,-5,10,
SC-ELC-0004,2021,9,13,-3,10,Inventory consideration
SC-ELC-0004,2021,10,32,12,44,Critical part requirement
SC-ELC-0004,2021,11,53,6,59,Lead time consideration
SC-ELC-0004,2021,12,8,-3,5,Customer demand expectation
SC-ELC-0004,2022,1,34,15,49,Customer demand expectation
SC-ELC-0004,2022,2,35,-15,20,Inventory consideration
SC-ELC-0004,2022,3,12,0,12,
SC-ELC-0004,2022,4,29,0,29,No adjustment
SC-ELC-0004,2022,5,14,-6,8,Customer demand expectation
SC-ELC-0004,2022,6,9,-2,7,
SC-ELC-0004,2022,7,21,-4,17,Inventory consideration
SC-ELC-0004,2022,8,32,-12,20,Customer demand expectation
SC-ELC-0004,2022,9,17,0,17,
SC-ELC-0004,2022,10,14,-4,10,Inventory consideration
SC-ELC-0004,2022,11,14,1,15,
SC-ELC-0004,2022,12,18,0,18,
SC-ELC-0004,2023,1,19,0,19,No adjustment
SC-ELC-0004,2023,2,37,-12,25,Inventory consideration
SC-ELC-0004,2023,3,10,-2,8,Customer demand expectation
SC-ELC-0004,2023,4,2,0,2,Customer demand expectation
SC-ELC-0004,2023,5,12,4,16,Lead time consideration
SC-ELC-0004,2023,6,41,5,46,Lead time consideration
SC-ELC-0004,2023,7,5,0,5,
SC-ELC-0004,2023,8,34,0,34,No adjustment
SC-ELC-0004,2023,9,5,-1,4,Customer demand expectation
SC-ELC-0004,2023,10,34,7,41,Lead time consideration
SC-ELC-0004,2023,11,27,0,27,No adjustment
SC-ELC-0004,2023,12,15,6,21,Customer demand expectation
SC-ELC-0004,2024,1,45,-9,36,Inventory consideration
SC-ELC-0004,2024,2,14,4,18,Critical part requirement
SC-ELC-0004,2024,3,17,-7,10,Customer demand expectation
SC-ELC-0004,2024,4,22,0,22,
SC-ELC-0004,2024,5,42,8,50,Lead time consideration
SC-ELC-0004,2024,6,15,-3,12,Inventory consideration
SC-ELC-0004,2024,7,30,12,42,Critical part requirement
SC-ELC-0004,2024,8,16,0,16,No adjustment
SC-ELC-0004,2024,9,8,-1,7,Customer demand expectation
SC-ELC-0004,2024,10,36,-16,20,Customer demand expectation
SC-ELC-0004,2024,11,14,0,14,
SC-ELC-0004,2024,12,43,-16,27,Customer demand expectation
SC-ENG-0012,2020,1,743,289,1032,Customer demand expectation
SC-ENG-0012,2020,2,540,118,658,Lead time consideration
SC-ENG-0012,2020,3,956,182,1138,Lead time consideration
SC-ENG-0012,2020,4,1046,-460,586,Inventory consideration
SC-ENG-0012,2020,5,951,-189,762,Inventory consideration
SC-ENG-0012,2020,6,987,0,987,No adjustment
SC-ENG-0012,2020,7,835,-87,748,Customer demand expectation
SC-ENG-0012,2020,8,1258,0,1258,
SC-ENG-0012,2020,9,1024,-112,912,Inventory consideration
SC-ENG-0012,2020,10,848,-227,621,Inventory consideration
SC-ENG-0012,2020,11,1314,0,1314,
SC-ENG-0012,2020,12,895,133,1028,Customer demand expectation
SC-ENG-0012,2021,1,1049,-435,614,Inventory consideration
SC-ENG-0012,2021,2,1399,-405,994,Customer demand expectation
SC-ENG-0012,2021,3,987,330,1317,Lead time consideration
SC-ENG-0012,2021,4,905,235,1140,Customer demand expectation
SC-ENG-0012,2021,5,1146,263,1409,Critical part requirement
SC-ENG-0012,2021,6,1048,108,1156,Customer demand expectation
SC-ENG-0012,2021,7,1388,-577,811,Customer demand expectation
SC-ENG-0012,2021,8,1469,-209,1260,Inventory consideration
SC-ENG-0012,2021,9,894,190,1084,Customer demand expectation
SC-ENG-0012,2021,10,1000,252,1252,Customer demand expectation
SC-ENG-0012,2021,11,1134,0,1134,
SC-ENG-0012,2021,12,969,0,969,No adjustment
SC-ENG-0012,2022,1,1223,-493,730,Inventory consideration
SC-ENG-0012,2022,2,1673,411,2084,Critical part requirement
SC-ENG-0012,2022,3,632,-200,432,Inventory consideration
SC-ENG-0012,2022,4,1163,0,1163,No adjustment
SC-ENG-0012,2022,5,1304,0,1304,
SC-ENG-0012,2022,6,1856,-583,1273,Inventory consideration
SC-ENG-0012,2022,7,1705,0,1705,No adjustment
SC-ENG-0012,2022,8,1730,0,1730,No adjustment
SC-ENG-0012,2022,9,1695,680,2375,Lead time consideration
SC-ENG-0012,2022,10,1098,300,1398,Customer demand expectation
SC-ENG-0012,2022,11,1060,413,1473,Customer demand expectation
SC-ENG-0012,2022,12,1282,141,1423,Customer demand expectation
SC-ENG-0012,2023,1,1397,407,1804,Customer demand expectation
SC-ENG-0012,2023,2,1530,374,1904,Customer demand expectation
SC-ENG-0012,2023,3,1342,-261,1081,Customer demand expectation
SC-ENG-0012,2023,4,1304,0,1304,
SC-ENG-0012,2023,5,1602,219,1821,Critical part requirement
SC-ENG-0012,2023,6,1647,-226,1421,Inventory consideration
SC-ENG-0012,2023,7,1270,0,1270,
SC-ENG-0012,2023,8,1627,615,2242,Lead time consideration
SC-ENG-0012,2023,9,1837,731,2568,Critical part requirement
SC-ENG-0012,2023,10,1419,192,1611,Lead time consideration
SC-ENG-0012,2023,11,1027,0,1027,
SC-ENG-0012,2023,12,1654,482,2136,Critical part requirement
SC-ENG-0012,2024,1,1504,217,1721,Customer demand expectation
SC-ENG-0012,2024,2,1131,-141,990,Inventory consideration
SC-ENG-0012,2024,3,801,309,1110,Customer demand expectation
SC-ENG-0012,2024,4,1717,657,2374,Customer demand expectation
SC-ENG-0012,2024,5,1626,-344,1282,Customer demand expectation
SC-ENG-0012,2024,6,1464,190,1654,Critical part requirement
SC-ENG-0012,2024,7,1798,0,1798,
SC-ENG-0012,2024,8,1444,273,1717,
SC-ENG-0012,2024,9,1566,321,1887,Lead time consideration
SC-ENG-0012,2024,10,1169,0,1169,
SC-ENG-0012,2024,11,1273,-399,874,Inventory consideration
SC-ENG-0012,2024,12,1369,0,1369,No adjustment
SC-BRK-0009,2020,1,45,12,57,Customer demand expectation
SC-BRK-0009,2020,2,64,0,64,
SC-BRK-0009,2020,3,109,-36,73,Customer demand expectation
SC-BRK-0009,2020,4,84,0,84,No adjustment
SC-BRK-0009,2020,5,82,0,82,
SC-BRK-0009,2020,6,80,-13,67,Customer demand expectation
SC-BRK-0009,2020,7,226,0,226,No adjustment
SC-BRK-0009,2020,8,251,-46,205,Customer demand expectation
SC-BRK-0009,2020,9,51,-19,32,Inventory consideration
SC-BRK-0009,2020,10,113,-14,99,Customer demand expectation
SC-BRK-0009,2020,11,165,-70,95,Inventory consideration
SC-BRK-0009,2020,12,125,23,148,Critical part requirement
SC-BRK-0009,2021,1,252,0,252,No adjustment
SC-BRK-0009,2021,2,99,-22,77,Customer demand expectation
SC-BRK-0009,2021,3,211,0,211,
SC-BRK-0009,2021,4,111,-29,82,Inventory consideration
SC-BRK-0009,2021,5,114,0,114,No adjustment
SC-BRK-0009,2021,6,103,25,128,Customer demand expectation
SC-BRK-0009,2021,7,105,0,105,No adjustment
SC-BRK-0009,2021,8,42,0,42,
SC-BRK-0009,2021,9,327,0,327,No adjustment
SC-BRK-0009,2021,10,180,-22,158,Inventory consideration
SC-BRK-0009,2021,11,221,-95,126,Inventory consideration
SC-BRK-0009,2021,12,196,-64,132,Customer demand expectation
SC-BRK-0009,2022,1,216,0,216,No adjustment
SC-BRK-0009,2022,2,66,-12,54,Customer demand expectation
SC-BRK-0009,2022,3,616,-112,504,Inventory consideration
SC-BRK-0009,2022,4,284,-39,245,Inventory consideration
SC-BRK-0009,2022,5,196,-58,138,Inventory consideration
SC-BRK-0009,2022,6,442,-45,397,Customer demand expectation
SC-BRK-0009,2022,7,582,-219,363,Inventory consideration
SC-BRK-0009,2022,8,81,-21,60,
SC-BRK-0009,2022,9,112,0,112,No adjustment
SC-BRK-0009,2022,10,186,58,244,Customer demand expectation
SC-BRK-0009,2022,11,177,46,223,Lead time consideration
SC-BRK-0009,2022,12,76,-12,64,Inventory consideration
SC-BRK-0009,2023,1,277,-104,173,Customer demand expectation
SC-BRK-0009,2023,2,196,0,196,
SC-BRK-0009,2023,3,176,69,245,Customer demand expectation
SC-BRK-0009,2023,4,160,0,160,No adjustment
SC-BRK-0009,2023,5,308,-33,275,Inventory consideration
SC-BRK-0009,2023,6,172,-24,148,Customer demand expectation
SC-BRK-0009,2023,7,74,-13,61,Customer demand expectation
SC-BRK-0009,2023,8,243,-32,211,Customer demand expectation
SC-BRK-0009,2023,9,48,10,58,Customer demand expectation
SC-BRK-0009,2023,10,185,-41,144,Inventory consideration
SC-BRK-0009,2023,11,114,35,149,Customer demand expectation
SC-BRK-0009,2023,12,159,-35,124,Inventory consideration
SC-BRK-0009,2024,1,323,-130,193,Customer demand expectation
SC-BRK-0009,2024,2,126,-24,102,Inventory consideration
SC-BRK-0009,2024,3,180,0,180,No adjustment
SC-BRK-0009,2024,4,0,0,0,Inventory consideration
SC-BRK-0009,2024,5,133,-33,100,Inventory consideration
SC-BRK-0009,2024,6,134,30,164,Lead time consideration
SC-BRK-0009,2024,7,0,0,0,Inventory consideration
SC-BRK-0009,2024,8,233,-57,176,Inventory consideration
SC-BRK-0009,2024,9,48,-17,31,Customer demand expectation
SC-BRK-0009,2024,10,55,0,55,
SC-BRK-0009,2024,11,132,-38,94,Customer demand expectation
SC-BRK-0009,2024,12,223,-31,192,Customer demand expectation
SC-TRN-0011,2020,1,45,-14,31,Customer demand expectation
SC-TRN-0011,2020,2,17,-6,11,Customer demand expectation
SC-TRN-0011,2020,3,33,-11,22,Customer demand expectation
SC-TRN-0011,2020,4,58,-12,46,Customer demand expectation
SC-TRN-0011,2020,5,62,-24,38,Customer demand expectation
SC-TRN-0011,2020,6,47,20,67,Customer demand expectation
SC-TRN-0011,2020,7,29,0,29,
SC-TRN-0011,2020,8,17,0,17,No adjustment
SC-TRN-0011,2020,9,82,0,82,No adjustment
SC-TRN-0011,2020,10,53,0,53,No adjustment
SC-TRN-0011,2020,11,69,-10,59,Customer demand expectation
SC-TRN-0011,2020,12,28,-12,16,Inventory consideration
SC-TRN-0011,2021,1,68,-11,57,Customer demand expectation
SC-TRN-0011,2021,2,77,-22,55,Customer demand expectation
SC-TRN-0011,2021,3,92,-23,69,Customer demand expectation
SC-TRN-0011,2021,4,110,40,150,Customer demand expectation
SC-TRN-0011,2021,5,29,-4,25,Inventory consideration
SC-TRN-0011,2021,6,143,-53,90,Inventory consideration
SC-TRN-0011,2021,7,99,-12,87,Inventory consideration
SC-TRN-0011,2021,8,56,0,56,No adjustment
SC-TRN-0011,2021,9,177,49,226,Critical part requirement
SC-TRN-0011,2021,10,22,-6,16,Inventory consideration
SC-TRN-0011,2021,11,47,-19,28,Inventory consideration
SC-TRN-0011,2021,12,19,-3,16,Inventory consideration
SC-TRN-0011,2022,1,66,-17,49,Inventory consideration
SC-TRN-0011,2022,2,35,0,35,
SC-TRN-0011,2022,3,3,0,3,Customer demand expectation
SC-TRN-0011,2022,4,24,-6,18,
SC-TRN-0011,2022,5,18,-8,10,Customer demand expectation
SC-TRN-0011,2022,6,53,-14,39,Inventory consideration
SC-TRN-0011,2022,7,51,-17,34,Customer demand expectation
SC-TRN-0011,2022,8,68,0,68,
SC-TRN-0011,2022,9,66,-23,43,Inventory consideration
SC-TRN-0011,2022,10,80,-27,53,Customer demand expectation
SC-TRN-0011,2022,11,75,0,75,
SC-TRN-0011,2022,12,76,-10,66,Inventory consideration
SC-TRN-0011,2023,1,88,-30,58,
SC-TRN-0011,2023,2,69,0,69,
SC-TRN-0011,2023,3,67,0,67,No adjustment
SC-TRN-0011,2023,4,71,-29,42,Inventory consideration
SC-TRN-0011,2023,5,60,-20,40,
SC-TRN-0011,2023,6,76,-10,66,Inventory consideration
SC-TRN-0011,2023,7,117,-41,76,Inventory consideration
SC-TRN-0011,2023,8,184,0,184,
SC-TRN-0011,2023,9,130,-13,117,Inventory consideration
SC-TRN-0011,2023,10,131,0,131,
SC-TRN-0011,2023,11,56,0,56,No adjustment
SC-TRN-0011,2023,12,95,-42,53,Customer demand expectation
SC-TRN-0011,2024,1,128,-36,92,Inventory consideration
SC-TRN-0011,2024,2,56,-17,39,Customer demand expectation
SC-TRN-0011,2024,3,58,0,58,
SC-TRN-0011,2024,4,21,0,21,
SC-TRN-0011,2024,5,195,-80,115,Inventory consideration
SC-TRN-0011,2024,6,182,0,182,
SC-TRN-0011,2024,7,179,50,229,Critical part requirement
SC-TRN-0011,2024,8,42,10,52,Lead time consideration
SC-TRN-0011,2024,9,169,68,237,
SC-TRN-0011,2024,10,146,-53,93,
SC-TRN-0011,2024,11,33,0,33,
SC-TRN-0011,2024,12,106,-37,69,Inventory consideration
SC-TWA-0009,2020,1,63,-24,39,Customer demand expectation
SC-TWA-0009,2020,2,91,-40,51,Customer demand expectation
SC-TWA-0009,2020,3,127,-23,104,Customer demand expectation
SC-TWA-0009,2020,4,71,-23,48,Customer demand expectation
SC-TWA-0009,2020,5,76,18,94,Customer demand expectation
SC-TWA-0009,2020,6,71,0,71,No adjustment
SC-TWA-0009,2020,7,107,-24,83,Inventory consideration
SC-TWA-0009,2020,8,19,-5,14,
SC-TWA-0009,2020,9,86,0,86,No adjustment
SC-TWA-0009,2020,10,111,16,127,Customer demand expectation
SC-TWA-0009,2020,11,252,-61,191,Inventory consideration
SC-TWA-0009,2020,12,143,-40,103,Inventory consideration
SC-TWA-0009,2021,1,58,-23,35,Customer demand expectation
SC-TWA-0009,2021,2,67,0,67,No adjustment
SC-TWA-0009,2021,3,102,-20,82,Inventory consideration
SC-TWA-0009,2021,4,115,19,134,Customer demand expectation
SC-TWA-0009,2021,5,37,-4,33,Customer demand expectation
SC-TWA-0009,2021,6,45,-7,38,Inventory consideration
SC-TWA-0009,2021,7,114,-22,92,Customer demand expectation
SC-TWA-0009,2021,8,0,0,0,Customer demand expectation
SC-TWA-0009,2021,9,91,-23,68,Customer demand expectation
SC-TWA-0009,2021,10,79,30,109,Lead time consideration
SC-TWA-0009,2021,11,68,-16,52,Inventory consideration
SC-TWA-0009,2021,12,219,0,219,
SC-TWA-0009,2022,1,147,-24,123,Customer demand expectation
SC-TWA-0009,2022,2,99,-25,74,
SC-TWA-0009,2022,3,110,0,110,No adjustment
SC-TWA-0009,2022,4,120,51,171,Critical part requirement
SC-TWA-0009,2022,5,98,-16,82,Customer demand expectation
SC-TWA-0009,2022,6,124,-20,104,Customer demand expectation
SC-TWA-0009,2022,7,202,0,202,
SC-TWA-0009,2022,8,35,-8,27,Inventory consideration
SC-TWA-0009,2022,9,161,-36,125,Inventory consideration
SC-TWA-0009,2022,10,53,0,53,No adjustment
SC-TWA-0009,2022,11,180,-43,137,Inventory consideration
SC-TWA-0009,2022,12,125,46,171,Customer demand expectation
SC-TWA-0009,2023,1,129,0,129,No adjustment
SC-TWA-0009,2023,2,0,0,0,
SC-TWA-0009,2023,3,115,0,115,No adjustment
SC-TWA-0009,2023,4,129,0,129,No adjustment
SC-TWA-0009,2023,5,118,-45,73,Inventory consideration
SC-TWA-0009,2023,6,158,0,158,
SC-TWA-0009,2023,7,145,-45,100,Customer demand expectation
SC-TWA-0009,2023,8,150,-19,131,Inventory consideration
SC-TWA-0009,2023,9,139,-61,78,Inventory consideration
SC-TWA-0009,2023,10,26,-6,20,Inventory consideration
SC-TWA-0009,2023,11,75,-11,64,Inventory consideration
SC-TWA-0009,2023,12,196,-75,121,Customer demand expectation
SC-TWA-0009,2024,1,58,0,58,
SC-TWA-0009,2024,2,108,0,108,
SC-TWA-0009,2024,3,36,-8,28,Customer demand expectation
SC-TWA-0009,2024,4,144,-42,102,Customer demand expectation
SC-TWA-0009,2024,5,43,13,56,Lead time consideration
SC-TWA-0009,2024,6,37,13,50,Critical part requirement
SC-TWA-0009,2024,7,8,3,11,Lead time consideration
SC-TWA-0009,2024,8,30,-6,24,Inventory consideration
SC-TWA-0009,2024,9,12,2,14,Lead time consideration
SC-TWA-0009,2024,10,160,-38,122,Customer demand expectation
SC-TWA-0009,2024,11,75,10,85,Critical part requirement
SC-TWA-0009,2024,12,16,5,21,Customer demand expectation
SC-TRN-0012,2020,1,301,0,301,
SC-TRN-0012,2020,2,358,153,511,Customer demand expectation
SC-TRN-0012,2020,3,473,146,619,Customer demand expectation
SC-TRN-0012,2020,4,222,73,295,Lead time consideration
SC-TRN-0012,2020,5,368,0,368,No adjustment
SC-TRN-0012,2020,6,576,148,724,Critical part requirement
SC-TRN-0012,2020,7,484,62,546,Lead time consideration
SC-TRN-0012,2020,8,510,-125,385,
SC-TRN-0012,2020,9,721,297,1018,Critical part requirement
SC-TRN-0012,2020,10,355,46,401,
SC-TRN-0012,2020,11,574,169,743,Customer demand expectation
SC-TRN-0012,2020,12,324,138,462,Customer demand expectation
SC-TRN-0012,2021,1,364,-140,224,Customer demand expectation
SC-TRN-0012,2021,2,360,-132,228,Inventory consideration
SC-TRN-0012,2021,3,482,130,612,Critical part requirement
SC-TRN-0012,2021,4,934,302,1236,Customer demand expectation
SC-TRN-0012,2021,5,327,95,422,Customer demand expectation
SC-TRN-0012,2021,6,653,132,785,Critical part requirement
SC-TRN-0012,2021,7,710,-215,495,
SC-TRN-0012,2021,8,619,0,619,
SC-TRN-0012,2021,9,440,146,586,Lead time consideration
SC-TRN-0012,2021,10,686,-193,493,Customer demand expectation
SC-TRN-0012,2021,11,423,-131,292,Inventory consideration
SC-TRN-0012,2021,12,875,0,875,
SC-TRN-0012,2022,1,225,-27,198,Customer demand expectation
SC-TRN-0012,2022,2,386,0,386,
SC-TRN-0012,2022,3,531,107,638,Critical part requirement
SC-TRN-0012,2022,4,440,87,527,Critical part requirement
SC-TRN-0012,2022,5,558,59,617,Critical part requirement
SC-TRN-0012,2022,6,409,122,531,Customer demand expectation
SC-TRN-0012,2022,7,1193,-247,946,Customer demand expectation
SC-TRN-0012,2022,8,758,208,966,Lead time consideration
SC-TRN-0012,2022,9,649,0,649,No adjustment
SC-TRN-0012,2022,10,1184,379,1563,Lead time consideration
SC-TRN-0012,2022,11,370,163,533,Lead time consideration
SC-TRN-0012,2022,12,474,69,543,Lead time consideration
SC-TRN-0012,2023,1,510,-199,311,Customer demand expectation
SC-TRN-0012,2023,2,436,93,529,Customer demand expectation
SC-TRN-0012,2023,3,553,0,553,
SC-TRN-0012,2023,4,790,-226,564,Inventory consideration
SC-TRN-0012,2023,5,470,131,601,Lead time consideration
SC-TRN-0012,2023,6,812,-94,718,Customer demand expectation
SC-TRN-0012,2023,7,988,0,988,
SC-TRN-0012,2023,8,683,122,805,Lead time consideration
SC-TRN-0012,2023,9,709,0,709,No adjustment
SC-TRN-0012,2023,10,849,0,849,
SC-TRN-0012,2023,11,619,112,731,
SC-TRN-0012,2023,12,420,163,583,Critical part requirement
SC-TRN-0012,2024,1,687,0,687,No adjustment
SC-TRN-0012,2024,2,534,180,714,Lead time consideration
SC-TRN-0012,2024,3,440,0,440,
SC-TRN-0012,2024,4,435,149,584,Lead time consideration
SC-TRN-0012,2024,5,888,214,1102,
SC-TRN-0012,2024,6,1192,0,1192,
SC-TRN-0012,2024,7,482,68,550,Customer demand expectation
SC-TRN-0012,2024,8,493,199,692,Critical part requirement
SC-TRN-0012,2024,9,621,159,780,Lead time consideration
SC-TRN-0012,2024,10,485,119,604,
SC-TRN-0012,2024,11,859,160,1019,Customer demand expectation
SC-TRN-0012,2024,12,163,43,206,Critical part requirement
SC-ENG-0013,2020,1,10,0,10,
SC-ENG-0013,2020,2,32,0,32,
SC-ENG-0013,2020,3,28,-6,22,Inventory consideration
SC-ENG-0013,2020,4,101,-12,89,Inventory consideration
SC-ENG-0013,2020,5,52,0,52,No adjustment
SC-ENG-0013,2020,6,93,-24,69,Customer demand expectation
SC-ENG-0013,2020,7,24,0,24,
SC-ENG-0013,2020,8,72,0,72,No adjustment
SC-ENG-0013,2020,9,150,-36,114,Inventory consideration
SC-ENG-0013,2020,10,147,0,147,No adjustment
SC-ENG-0013,2020,11,22,6,28,
SC-ENG-0013,2020,12,176,0,176,
SC-ENG-0013,2021,1,193,-55,138,Customer demand expectation
SC-ENG-0013,2021,2,64,19,83,Customer demand expectation
SC-ENG-0013,2021,3,73,0,73,
SC-ENG-0013,2021,4,195,0,195,No adjustment
SC-ENG-0013,2021,5,288,0,288,
SC-ENG-0013,2021,6,223,0,223,No adjustment
SC-ENG-0013,2021,7,237,-28,209,Inventory consideration
SC-ENG-0013,2021,8,210,0,210,No adjustment
SC-ENG-0013,2021,9,103,-31,72,Inventory consideration
SC-ENG-0013,2021,10,154,-56,98,Inventory consideration
SC-ENG-0013,2021,11,230,-64,166,Customer demand expectation
SC-ENG-0013,2021,12,81,-25,56,Customer demand expectation
SC-ENG-0013,2022,1,224,57,281,Customer demand expectation
SC-ENG-0013,2022,2,175,-61,114,Inventory consideration
SC-ENG-0013,2022,3,169,46,215,Critical part requirement
SC-ENG-0013,2022,4,49,0,49,No adjustment
SC-ENG-0013,2022,5,49,-17,32,Inventory consideration
SC-ENG-0013,2022,6,41,-16,25,Customer demand expectation
SC-ENG-0013,2022,7,38,0,38,
SC-ENG-0013,2022,8,153,0,153,No adjustment
SC-ENG-0013,2022,9,247,-35,212,Customer demand expectation
SC-ENG-0013,2022,10,145,-34,111,
SC-ENG-0013,2022,11,18,-7,11,Customer demand expectation
SC-ENG-0013,2022,12,18,0,18,
SC-ENG-0013,2023,1,188,58,246,Lead time consideration
SC-ENG-0013,2023,2,0,0,0,Inventory consideration
SC-ENG-0013,2023,3,61,0,61,No adjustment
SC-ENG-0013,2023,4,68,-12,56,Inventory consideration
SC-ENG-0013,2023,5,55,0,55,
SC-ENG-0013,2023,6,82,-12,70,Inventory consideration
SC-ENG-0013,2023,7,97,0,97,
SC-ENG-0013,2023,8,297,-105,192,Customer demand expectation
SC-ENG-0013,2023,9,0,0,0,Customer demand expectation
SC-ENG-0013,2023,10,70,0,70,No adjustment
SC-ENG-0013,2023,11,168,-47,121,Inventory consideration
SC-ENG-0013,2023,12,291,-127,164,Customer demand expectation
SC-ENG-0013,2024,1,244,-69,175,Inventory consideration
SC-ENG-0013,2024,2,1,0,1,Inventory consideration
SC-ENG-0013,2024,3,232,-59,173,Inventory consideration
SC-ENG-0013,2024,4,246,-92,154,Inventory consideration
SC-ENG-0013,2024,5,391,39,430,Lead time consideration
SC-ENG-0013,2024,6,172,0,172,No adjustment
SC-ENG-0013,2024,7,253,-64,189,Inventory consideration
SC-ENG-0013,2024,8,160,-43,117,Customer demand expectation
SC-ENG-0013,2024,9,100,-21,79,Inventory consideration
SC-ENG-0013,2024,10,198,-61,137,Customer demand expectation
SC-ENG-0013,2024,11,77,-23,54,Customer demand expectation
SC-ENG-0013,2024,12,133,-38,95,Customer demand expectation
SC-ELC-0005,2020,1,6,-2,4,Customer demand expectation
SC-ELC-0005,2020,2,9,-2,7,Customer demand expectation
SC-ELC-0005,2020,3,2,1,3,Lead time consideration
SC-ELC-0005,2020,4,20,0,20,
SC-ELC-0005,2020,5,0,0,0,Customer demand expectation
SC-ELC-0005,2020,6,12,-3,9,Inventory consideration
SC-ELC-0005,2020,7,11,3,14,Lead time consideration
SC-ELC-0005,2020,8,12,4,16,Critical part requirement
SC-ELC-0005,2020,9,16,0,16,
SC-ELC-0005,2020,10,23,0,23,No adjustment
SC-ELC-0005,2020,11,11,0,11,
SC-ELC-0005,2020,12,15,-6,9,Customer demand expectation
SC-ELC-0005,2021,1,15,-3,12,Customer demand expectation
SC-ELC-0005,2021,2,0,0,0,No adjustment
SC-ELC-0005,2021,3,8,-3,5,Inventory consideration
SC-ELC-0005,2021,4,21,-5,16,
SC-ELC-0005,2021,5,0,0,0,No adjustment
SC-ELC-0005,2021,6,4,1,5,Customer demand expectation
SC-ELC-0005,2021,7,16,3,19,Lead time consideration
SC-ELC-0005,2021,8,14,-4,10,Customer demand expectation
SC-ELC-0005,2021,9,23,0,23,
SC-ELC-0005,2021,10,11,-4,7,Inventory consideration
SC-ELC-0005,2021,11,11,0,11,
SC-ELC-0005,2021,12,3,-1,2,Inventory consideration
SC-ELC-0005,2022,1,8,0,8,No adjustment
SC-ELC-0005,2022,2,9,0,9,
SC-ELC-0005,2022,3,7,-3,4,Inventory consideration
SC-ELC-0005,2022,4,8,3,11,Lead time consideration
SC-ELC-0005,2022,5,7,0,7,
SC-ELC-0005,2022,6,5,-2,3,Inventory consideration
SC-ELC-0005,2022,7,3,0,3,No adjustment
SC-ELC-0005,2022,8,19,0,19,
SC-ELC-0005,2022,9,22,-8,14,Customer demand expectation
SC-ELC-0005,2022,10,14,-4,10,Customer demand expectation
SC-ELC-0005,2022,11,17,0,17,No adjustment
SC-ELC-0005,2022,12,0,0,0,Inventory consideration
SC-ELC-0005,2023,1,4,1,5,Lead time consideration
SC-ELC-0005,2023,2,13,0,13,
SC-ELC-0005,2023,3,36,0,36,
SC-ELC-0005,2023,4,19,0,19,No adjustment
SC-ELC-0005,2023,5,13,4,17,Lead time consideration
SC-ELC-0005,2023,6,24,0,24,No adjustment
SC-ELC-0005,2023,7,8,0,8,
SC-ELC-0005,2023,8,24,-5,19,Customer demand expectation
SC-ELC-0005,2023,9,24,3,27,
SC-ELC-0005,2023,10,15,-4,11,Inventory consideration
SC-ELC-0005,2023,11,24,0,24,No adjustment
SC-ELC-0005,2023,12,10,-4,6,
SC-ELC-0005,2024,1,1,0,1,
SC-ELC-0005,2024,2,4,-1,3,Customer demand expectation
SC-ELC-0005,2024,3,8,1,9,Critical part requirement
SC-ELC-0005,2024,4,8,0,8,
SC-ELC-0005,2024,5,1,0,1,
SC-ELC-0005,2024,6,6,-2,4,
SC-ELC-0005,2024,7,11,-3,8,Inventory consideration
SC-ELC-0005,2024,8,17,-6,11,Customer demand expectation
SC-ELC-0005,2024,9,3,-1,2,Inventory consideration
SC-ELC-0005,2024,10,10,-2,8,Inventory consideration
SC-ELC-0005,2024,11,13,-5,8,Inventory consideration
SC-ELC-0005,2024,12,5,-1,4,Inventory consideration
SC-BRK-0010,2020,1,523,102,625,Lead time consideration
SC-BRK-0010,2020,2,543,0,543,No adjustment
SC-BRK-0010,2020,3,594,0,594,No adjustment
SC-BRK-0010,2020,4,757,-211,546,Customer demand expectation
SC-BRK-0010,2020,5,572,108,680,Lead time consideration
SC-BRK-0010,2020,6,709,-314,395,Customer demand expectation
SC-BRK-0010,2020,7,541,-228,313,Customer demand expectation
SC-BRK-0010,2020,8,788,0,788,No adjustment
SC-BRK-0010,2020,9,848,-227,621,Customer demand expectation
SC-BRK-0010,2020,10,728,156,884,Critical part requirement
SC-BRK-0010,2020,11,700,0,700,No adjustment
SC-BRK-0010,2020,12,746,0,746,
SC-BRK-0010,2021,1,725,236,961,
SC-BRK-0010,2021,2,989,-435,554,Inventory consideration
SC-BRK-0010,2021,3,732,-314,418,
SC-BRK-0010,2021,4,848,362,1210,Customer demand expectation
SC-BRK-0010,2021,5,510,-152,358,Inventory consideration
SC-BRK-0010,2021,6,590,0,590,No adjustment
SC-BRK-0010,2021,7,803,0,803,
SC-BRK-0010,2021,8,871,-172,699,Inventory consideration
SC-BRK-0010,2021,9,865,342,1207,Critical part requirement
SC-BRK-0010,2021,10,674,-101,573,Customer demand expectation
SC-BRK-0010,2021,11,832,-333,499,Inventory consideration
SC-BRK-0010,2021,12,754,185,939,Critical part requirement
SC-BRK-0010,2022,1,930,-418,512,Inventory consideration
SC-BRK-0010,2022,2,804,0,804,No adjustment
SC-BRK-0010,2022,3,865,-201,664,Inventory consideration
SC-BRK-0010,2022,4,729,-293,436,Customer demand expectation
SC-BRK-0010,2022,5,1126,-488,638,Inventory consideration
SC-BRK-0010,2022,6,752,132,884,Lead time consideration
SC-BRK-0010,2022,7,1261,-411,850,
SC-BRK-0010,2022,8,1214,-126,1088,Inventory consideration
SC-BRK-0010,2022,9,783,-140,643,Inventory consideration
SC-BRK-0010,2022,10,891,-325,566,Inventory consideration
SC-BRK-0010,2022,11,676,-82,594,
SC-BRK-0010,2022,12,864,106,970,
SC-BRK-0010,2023,1,1156,393,1549,Customer demand expectation
SC-BRK-0010,2023,2,1280,181,1461,Lead time consideration
SC-BRK-0010,2023,3,897,-383,514,Customer demand expectation
SC-BRK-0010,2023,4,1011,-415,596,
SC-BRK-0010,2023,5,763,0,763,No adjustment
SC-BRK-0010,2023,6,1415,-179,1236,Customer demand expectation
SC-BRK-0010,2023,7,928,-397,531,Inventory consideration
SC-BRK-0010,2023,8,1046,0,1046,No adjustment
SC-BRK-0010,2023,9,1037,0,1037,No adjustment
SC-BRK-0010,2023,10,907,0,907,No adjustment
SC-BRK-0010,2023,11,826,132,958,Lead time consideration
SC-BRK-0010,2023,12,1089,484,1573,Customer demand expectation
SC-BRK-0010,2024,1,1108,192,1300,Critical part requirement
SC-BRK-0010,2024,2,748,0,748,No adjustment
SC-BRK-0010,2024,3,921,256,1177,Critical part requirement
SC-BRK-0010,2024,4,1049,0,1049,No adjustment
SC-BRK-0010,2024,5,1500,0,1500,No adjustment
SC-BRK-0010,2024,6,1117,0,1117,
SC-BRK-0010,2024,7,1379,0,1379,
SC-BRK-0010,2024,8,1003,-344,659,Inventory consideration
SC-BRK-0010,2024,9,700,226,926,Customer demand expectation
SC-BRK-0010,2024,10,556,-200,356,Inventory consideration
SC-BRK-0010,2024,11,976,137,1113,Lead time consideration
SC-BRK-0010,2024,12,893,0,893,
SC-FLT-0010,2020,1,905,0,905,No adjustment
SC-FLT-0010,2020,2,908,-354,554,Customer demand expectation
SC-FLT-0010,2020,3,1044,0,1044,No adjustment
SC-FLT-0010,2020,4,1167,0,1167,No adjustment
SC-FLT-0010,2020,5,1026,0,1026,
SC-FLT-0010,2020,6,1562,243,1805,Customer demand expectation
SC-FLT-0010,2020,7,1800,0,1800,No adjustment
SC-FLT-0010,2020,8,1412,207,1619,Customer demand expectation
SC-FLT-0010,2020,9,1192,-499,693,Customer demand expectation
SC-FLT-0010,2020,10,1162,0,1162,No adjustment
SC-FLT-0010,2020,11,1377,156,1533,Critical part requirement
SC-FLT-0010,2020,12,1610,171,1781,Customer demand expectation
SC-FLT-0010,2021,1,1329,381,1710,Lead time consideration
SC-FLT-0010,2021,2,1276,361,1637,Critical part requirement
SC-FLT-0010,2021,3,1319,171,1490,
SC-FLT-0010,2021,4,1405,-184,1221,Customer demand expectation
SC-FLT-0010,2021,5,1295,-541,754,Customer demand expectation
SC-FLT-0010,2021,6,837,243,1080,Customer demand expectation
SC-FLT-0010,2021,7,1390,193,1583,Critical part requirement
SC-FLT-0010,2021,8,1749,-325,1424,Customer demand expectation
SC-FLT-0010,2021,9,1437,0,1437,
SC-FLT-0010,2021,10,1313,0,1313,
SC-FLT-0010,2021,11,1687,0,1687,
SC-FLT-0010,2021,12,1400,184,1584,Lead time consideration
SC-FLT-0010,2022,1,1950,797,2747,
SC-FLT-0010,2022,2,1003,261,1264,Critical part requirement
SC-FLT-0010,2022,3,1515,166,1681,
SC-FLT-0010,2022,4,1738,-509,1229,Inventory consideration
SC-FLT-0010,2022,5,1033,141,1174,Critical part requirement
SC-FLT-0010,2022,6,1749,354,2103,Customer demand expectation
SC-FLT-0010,2022,7,1711,664,2375,Customer demand expectation
SC-FLT-0010,2022,8,1862,422,2284,Critical part requirement
SC-FLT-0010,2022,9,2284,947,3231,Critical part requirement
SC-FLT-0010,2022,10,1501,-652,849,Inventory consideration
SC-FLT-0010,2022,11,1794,0,1794,No adjustment
SC-FLT-0010,2022,12,1801,391,2192,Customer demand expectation
SC-FLT-0010,2023,1,1844,774,2618,Critical part requirement
SC-FLT-0010,2023,2,1401,342,1743,
SC-FLT-0010,2023,3,1628,284,1912,Customer demand expectation
SC-FLT-0010,2023,4,1554,557,2111,Lead time consideration
SC-FLT-0010,2023,5,1246,0,1246,No adjustment
SC-FLT-0010,2023,6,1834,740,2574,Critical part requirement
SC-FLT-0010,2023,7,2410,512,2922,Critical part requirement
SC-FLT-0010,2023,8,1824,0,1824,
SC-FLT-0010,2023,9,2198,-728,1470,Customer demand expectation
SC-FLT-0010,2023,10,2143,0,2143,No adjustment
SC-FLT-0010,2023,11,1957,0,1957,No adjustment
SC-FLT-0010,2023,12,2068,0,2068,
SC-FLT-0010,2024,1,2143,0,2143,No adjustment
SC-FLT-0010,2024,2,2072,-547,1525,Inventory consideration
SC-FLT-0010,2024,3,1634,653,2287,Customer demand expectation
SC-FLT-0010,2024,4,1599,385,1984,Customer demand expectation
SC-FLT-0010,2024,5,1992,473,2465,Customer demand expectation
SC-FLT-0010,2024,6,1614,0,1614,
SC-FLT-0010,2024,7,2136,-481,1655,Inventory consideration
SC-FLT-0010,2024,8,2144,-609,1535,Inventory consideration
SC-FLT-0010,2024,9,2325,627,2952,Customer demand expectation
SC-FLT-0010,2024,10,2289,0,2289,
SC-FLT-0010,2024,11,2290,260,2550,
SC-FLT-0010,2024,12,3034,-1097,1937,Inventory consideration
SC-FLT-0011,2020,1,452,0,452,No adjustment
SC-FLT-0011,2020,2,412,59,471,Lead time consideration
SC-FLT-0011,2020,3,281,0,281,
SC-FLT-0011,2020,4,598,184,782,Customer demand expectation
SC-FLT-0011,2020,5,531,0,531,
SC-FLT-0011,2020,6,378,150,528,Lead time consideration
SC-FLT-0011,2020,7,273,0,273,
SC-FLT-0011,2020,8,447,182,629,Customer demand expectation
SC-FLT-0011,2020,9,318,-47,271,Inventory consideration
SC-FLT-0011,2020,10,263,100,363,Customer demand expectation
SC-FLT-0011,2020,11,399,148,547,Lead time consideration
SC-FLT-0011,2020,12,409,0,409,No adjustment
SC-FLT-0011,2021,1,421,-81,340,Inventory consideration
SC-FLT-0011,2021,2,399,42,441,
SC-FLT-0011,2021,3,334,-46,288,
SC-FLT-0011,2021,4,327,74,401,Lead time consideration
SC-FLT-0011,2021,5,145,43,188,Lead time consideration
SC-FLT-0011,2021,6,383,0,383,No adjustment
SC-FLT-0011,2021,7,214,72,286,Customer demand expectation
SC-FLT-0011,2021,8,442,-104,338,Customer demand expectation
SC-FLT-0011,2021,9,650,91,741,
SC-FLT-0011,2021,10,562,252,814,Critical part requirement
SC-FLT-0011,2021,11,551,226,777,Customer demand expectation
SC-FLT-0011,2021,12,134,49,183,Lead time consideration
SC-FLT-0011,2022,1,510,165,675,
SC-FLT-0011,2022,2,339,66,405,Lead time consideration
SC-FLT-0011,2022,3,573,67,640,Critical part requirement
SC-FLT-0011,2022,4,356,54,410,Customer demand expectation
SC-FLT-0011,2022,5,217,0,217,
SC-FLT-0011,2022,6,337,71,408,Lead time consideration
SC-FLT-0011,2022,7,289,0,289,No adjustment
SC-FLT-0011,2022,8,359,148,507,Lead time consideration
SC-FLT-0011,2022,9,338,-133,205,Inventory consideration
SC-FLT-0011,2022,10,411,169,580,Lead time consideration
SC-FLT-0011,2022,11,387,59,446,Lead time consideration
SC-FLT-0011,2022,12,576,107,683,Lead time consideration
SC-FLT-0011,2023,1,305,90,395,Lead time consideration
SC-FLT-0011,2023,2,586,0,586,No adjustment
SC-FLT-0011,2023,3,156,36,192,Customer demand expectation
SC-FLT-0011,2023,4,393,116,509,Customer demand expectation
SC-FLT-0011,2023,5,470,83,553,Lead time consideration
SC-FLT-0011,2023,6,407,145,552,Customer demand expectation
SC-FLT-0011,2023,7,603,163,766,Critical part requirement
SC-FLT-0011,2023,8,176,49,225,Lead time consideration
SC-FLT-0011,2023,9,519,-221,298,Customer demand expectation
SC-FLT-0011,2023,10,245,0,245,
SC-FLT-0011,2023,11,337,116,453,Critical part requirement
SC-FLT-0011,2023,12,566,183,749,Customer demand expectation
SC-FLT-0011,2024,1,402,0,402,
SC-FLT-0011,2024,2,464,175,639,Customer demand expectation
SC-FLT-0011,2024,3,491,219,710,Critical part requirement
SC-FLT-0011,2024,4,477,80,557,Lead time consideration
SC-FLT-0011,2024,5,393,-95,298,Inventory consideration
SC-FLT-0011,2024,6,401,0,401,
SC-FLT-0011,2024,7,339,0,339,No adjustment
SC-FLT-0011,2024,8,348,0,348,
SC-FLT-0011,2024,9,616,-193,423,Customer demand expectation
SC-FLT-0011,2024,10,224,26,250,Lead time consideration
SC-FLT-0011,2024,11,443,117,560,Critical part requirement
SC-FLT-0011,2024,12,406,0,406,No adjustment
SC-ENG-0014,2020,1,80,-27,53,Inventory consideration
SC-ENG-0014,2020,2,88,-38,50,Inventory consideration
SC-ENG-0014,2020,3,28,-3,25,Inventory consideration
SC-ENG-0014,2020,4,67,-18,49,Inventory consideration
SC-ENG-0014,2020,5,38,11,49,Lead time consideration
SC-ENG-0014,2020,6,26,4,30,Critical part requirement
SC-ENG-0014,2020,7,60,9,69,Customer demand expectation
SC-ENG-0014,2020,8,62,-13,49,Customer demand expectation
SC-ENG-0014,2020,9,80,-15,65,Inventory consideration
SC-ENG-0014,2020,10,0,0,0,
SC-ENG-0014,2020,11,22,0,22,
SC-ENG-0014,2020,12,34,-9,25,Customer demand expectation
SC-ENG-0014,2021,1,37,0,37,No adjustment
SC-ENG-0014,2021,2,23,4,27,Critical part requirement
SC-ENG-0014,2021,3,84,-26,58,Inventory consideration
SC-ENG-0014,2021,4,99,-19,80,Inventory consideration
SC-ENG-0014,2021,5,58,-13,45,Customer demand expectation
SC-ENG-0014,2021,6,24,10,34,Lead time consideration
SC-ENG-0014,2021,7,62,-18,44,Inventory consideration
SC-ENG-0014,2021,8,57,0,57,No adjustment
SC-ENG-0014,2021,9,19,0,19,
SC-ENG-0014,2021,10,33,-6,27,
SC-ENG-0014,2021,11,25,0,25,
SC-ENG-0014,2021,12,77,32,109,Lead time consideration
SC-ENG-0014,2022,1,58,-24,34,Customer demand expectation
SC-ENG-0014,2022,2,60,-15,45,Inventory consideration
SC-ENG-0014,2022,3,61,-14,47,Customer demand expectation
SC-ENG-0014,2022,4,45,-6,39,Inventory consideration
SC-ENG-0014,2022,5,42,-14,28,Inventory consideration
SC-ENG-0014,2022,6,50,0,50,
SC-ENG-0014,2022,7,30,0,30,No adjustment
SC-ENG-0014,2022,8,77,-11,66,Inventory consideration
SC-ENG-0014,2022,9,33,12,45,Customer demand expectation
SC-ENG-0014,2022,10,65,0,65,
SC-ENG-0014,2022,11,27,-9,18,Customer demand expectation
SC-ENG-0014,2022,12,57,-7,50,Inventory consideration
SC-ENG-0014,2023,1,78,-12,66,Inventory consideration
SC-ENG-0014,2023,2,9,-4,5,Customer demand expectation
SC-ENG-0014,2023,3,42,-9,33,Customer demand expectation
SC-ENG-0014,2023,4,87,-29,58,Customer demand expectation
SC-ENG-0014,2023,5,109,0,109,
SC-ENG-0014,2023,6,10,3,13,Critical part requirement
SC-ENG-0014,2023,7,72,-9,63,Inventory consideration
SC-ENG-0014,2023,8,45,-14,31,Customer demand expectation
SC-ENG-0014,2023,9,29,-12,17,Customer demand expectation
SC-ENG-0014,2023,10,32,-14,18,Inventory consideration
SC-ENG-0014,2023,11,52,-10,42,Customer demand expectation
SC-ENG-0014,2023,12,40,0,40,No adjustment
SC-ENG-0014,2024,1,0,0,0,
SC-ENG-0014,2024,2,20,7,27,Lead time consideration
SC-ENG-0014,2024,3,31,-5,26,
SC-ENG-0014,2024,4,14,-4,10,Inventory consideration
SC-ENG-0014,2024,5,38,0,38,
SC-ENG-0014,2024,6,42,-7,35,Inventory consideration
SC-ENG-0014,2024,7,16,4,20,Lead time consideration
SC-ENG-0014,2024,8,35,-15,20,Inventory consideration
SC-ENG-0014,2024,9,71,-18,53,Inventory consideration
SC-ENG-0014,2024,10,31,13,44,Critical part requirement
SC-ENG-0014,2024,11,46,0,46,
SC-ENG-0014,2024,12,63,-22,41,Customer demand expectation
SC-HYD-0012,2020,1,79,-28,51,Inventory consideration
SC-HYD-0012,2020,2,61,0,61,No adjustment
SC-HYD-0012,2020,3,71,-15,56,Inventory consideration
SC-HYD-0012,2020,4,99,-16,83,Inventory consideration
SC-HYD-0012,2020,5,149,-51,98,Customer demand expectation
SC-HYD-0012,2020,6,205,0,205,No adjustment
SC-HYD-0012,2020,7,220,40,260,Critical part requirement
SC-HYD-0012,2020,8,197,57,254,Customer demand expectation
SC-HYD-0012,2020,9,309,136,445,Critical part requirement
SC-HYD-0012,2020,10,352,112,464,Customer demand expectation
SC-HYD-0012,2020,11,171,-45,126,Inventory consideration
SC-HYD-0012,2020,12,100,-40,60,Customer demand expectation
SC-HYD-0012,2021,1,130,50,180,Critical part requirement
SC-HYD-0012,2021,2,237,51,288,Critical part requirement
SC-HYD-0012,2021,3,237,0,237,No adjustment
SC-HYD-0012,2021,4,251,0,251,
SC-HYD-0012,2021,5,292,96,388,Critical part requirement
SC-HYD-0012,2021,6,235,0,235,No adjustment
SC-HYD-0012,2021,7,294,0,294,
SC-HYD-0012,2021,8,361,0,361,
SC-HYD-0012,2021,9,296,97,393,Customer demand expectation
SC-HYD-0012,2021,10,431,0,431,
SC-HYD-0012,2021,11,171,0,171,No adjustment
SC-HYD-0012,2021,12,361,-88,273,Inventory consideration
SC-HYD-0012,2022,1,385,0,385,No adjustment
SC-HYD-0012,2022,2,342,-135,207,Customer demand expectation
SC-HYD-0012,2022,3,297,129,426,Customer demand expectation
SC-HYD-0012,2022,4,415,0,415,No adjustment
SC-HYD-0012,2022,5,217,-32,185,Customer demand expectation
SC-HYD-0012,2022,6,288,-101,187,Inventory consideration
SC-HYD-0012,2022,7,330,114,444,Critical part requirement
SC-HYD-0012,2022,8,249,72,321,Critical part requirement
SC-HYD-0012,2022,9,100,-44,56,Customer demand expectation
SC-HYD-0012,2022,10,200,-25,175,Inventory consideration
SC-HYD-0012,2022,11,203,69,272,Critical part requirement
SC-HYD-0012,2022,12,369,0,369,
SC-HYD-0012,2023,1,186,-25,161,Inventory consideration
SC-HYD-0012,2023,2,328,-59,269,Customer demand expectation
SC-HYD-0012,2023,3,308,123,431,Lead time consideration
SC-HYD-0012,2023,4,200,-56,144,Inventory consideration
SC-HYD-0012,2023,5,352,0,352,No adjustment
SC-HYD-0012,2023,6,143,0,143,
SC-HYD-0012,2023,7,435,163,598,Customer demand expectation
SC-HYD-0012,2023,8,428,45,473,Customer demand expectation
SC-HYD-0012,2023,9,471,0,471,
SC-HYD-0012,2023,10,327,-70,257,Customer demand expectation
SC-HYD-0012,2023,11,310,0,310,
SC-HYD-0012,2023,12,289,88,377,Lead time consideration
SC-HYD-0012,2024,1,159,0,159,
SC-HYD-0012,2024,2,141,0,141,
SC-HYD-0012,2024,3,312,0,312,
SC-HYD-0012,2024,4,388,-132,256,Inventory consideration
SC-HYD-0012,2024,5,215,24,239,Customer demand expectation
SC-HYD-0012,2024,6,292,63,355,Customer demand expectation
SC-HYD-0012,2024,7,398,0,398,
SC-HYD-0012,2024,8,319,-40,279,Inventory consideration
SC-HYD-0012,2024,9,152,-22,130,Inventory consideration
SC-HYD-0012,2024,10,184,0,184,
SC-HYD-0012,2024,11,318,70,388,Critical part requirement
SC-HYD-0012,2024,12,269,-46,223,Inventory consideration
SC-TWA-0010,2020,1,822,162,984,Customer demand expectation
SC-TWA-0010,2020,2,724,279,1003,Customer demand expectation
SC-TWA-0010,2020,3,454,0,454,No adjustment
SC-TWA-0010,2020,4,306,0,306,
SC-TWA-0010,2020,5,617,227,844,Critical part requirement
SC-TWA-0010,2020,6,403,47,450,Critical part requirement
SC-TWA-0010,2020,7,425,0,425,
SC-TWA-0010,2020,8,287,0,287,
SC-TWA-0010,2020,9,515,-182,333,Inventory consideration
SC-TWA-0010,2020,10,696,160,856,Lead time consideration
SC-TWA-0010,2020,11,574,168,742,Critical part requirement
SC-TWA-0010,2020,12,508,182,690,Critical part requirement
SC-TWA-0010,2021,1,446,0,446,
SC-TWA-0010,2021,2,472,0,472,No adjustment
SC-TWA-0010,2021,3,198,27,225,Customer demand expectation
SC-TWA-0010,2021,4,691,208,899,Lead time consideration
SC-TWA-0010,2021,5,256,0,256,
SC-TWA-0010,2021,6,316,0,316,
SC-TWA-0010,2021,7,364,47,411,Critical part requirement
SC-TWA-0010,2021,8,337,40,377,Critical part requirement
SC-TWA-0010,2021,9,250,0,250,No adjustment
SC-TWA-0010,2021,10,535,0,535,No adjustment
SC-TWA-0010,2021,11,338,-79,259,Inventory consideration
SC-TWA-0010,2021,12,327,110,437,Customer demand expectation
SC-TWA-0010,2022,1,572,0,572,No adjustment
SC-TWA-0010,2022,2,427,126,553,
SC-TWA-0010,2022,3,518,228,746,Customer demand expectation
SC-TWA-0010,2022,4,503,66,569,Customer demand expectation
SC-TWA-0010,2022,5,836,349,1185,Lead time consideration
SC-TWA-0010,2022,6,774,287,1061,Lead time consideration
SC-TWA-0010,2022,7,639,0,639,No adjustment
SC-TWA-0010,2022,8,425,181,606,Customer demand expectation
SC-TWA-0010,2022,9,636,87,723,Lead time consideration
SC-TWA-0010,2022,10,389,0,389,
SC-TWA-0010,2022,11,598,0,598,No adjustment
SC-TWA-0010,2022,12,425,68,493,Lead time consideration
SC-TWA-0010,2023,1,474,188,662,
SC-TWA-0010,2023,2,604,0,604,
SC-TWA-0010,2023,3,389,47,436,Critical part requirement
SC-TWA-0010,2023,4,406,0,406,No adjustment
SC-TWA-0010,2023,5,230,-99,131,Inventory consideration
SC-TWA-0010,2023,6,179,71,250,Customer demand expectation
SC-TWA-0010,2023,7,457,141,598,Customer demand expectation
SC-TWA-0010,2023,8,445,0,445,
SC-TWA-0010,2023,9,578,153,731,Lead time consideration
SC-TWA-0010,2023,10,753,0,753,
SC-TWA-0010,2023,11,777,244,1021,
SC-TWA-0010,2023,12,648,0,648,
SC-TWA-0010,2024,1,539,121,660,Customer demand expectation
SC-TWA-0010,2024,2,367,0,367,No adjustment
SC-TWA-0010,2024,3,286,116,402,Customer demand expectation
SC-TWA-0010,2024,4,446,-53,393,Inventory consideration
SC-TWA-0010,2024,5,433,-170,263,Inventory consideration
SC-TWA-0010,2024,6,390,102,492,Customer demand expectation
SC-TWA-0010,2024,7,383,62,445,Customer demand expectation
SC-TWA-0010,2024,8,420,0,420,
SC-TWA-0010,2024,9,524,61,585,
SC-TWA-0010,2024,10,400,120,520,
SC-TWA-0010,2024,11,500,0,500,
SC-TWA-0010,2024,12,533,89,622,Customer demand expectation
SC-SUS-0019,2020,1,160,38,198,Customer demand expectation
SC-SUS-0019,2020,2,109,0,109,
SC-SUS-0019,2020,3,156,68,224,
SC-SUS-0019,2020,4,49,18,67,Critical part requirement
SC-SUS-0019,2020,5,112,-13,99,Customer demand expectation
SC-SUS-0019,2020,6,302,-75,227,Customer demand expectation
SC-SUS-0019,2020,7,27,0,27,No adjustment
SC-SUS-0019,2020,8,83,-24,59,Customer demand expectation
SC-SUS-0019,2020,9,239,-101,138,Customer demand expectation
SC-SUS-0019,2020,10,0,0,0,Critical part requirement
SC-SUS-0019,2020,11,91,0,91,
SC-SUS-0019,2020,12,152,0,152,
SC-SUS-0019,2021,1,186,-40,146,Inventory consideration
SC-SUS-0019,2021,2,62,-15,47,Inventory consideration
SC-SUS-0019,2021,3,84,0,84,
SC-SUS-0019,2021,4,124,0,124,
SC-SUS-0019,2021,5,3,0,3,
SC-SUS-0019,2021,6,105,-44,61,Customer demand expectation
SC-SUS-0019,2021,7,99,38,137,
SC-SUS-0019,2021,8,207,-62,145,Customer demand expectation
SC-SUS-0019,2021,9,0,0,0,
SC-SUS-0019,2021,10,232,-70,162,Inventory consideration
SC-SUS-0019,2021,11,189,-21,168,Customer demand expectation
SC-SUS-0019,2021,12,94,0,94,
SC-SUS-0019,2022,1,143,30,173,Lead time consideration
SC-SUS-0019,2022,2,239,-98,141,Inventory consideration
SC-SUS-0019,2022,3,247,39,286,Critical part requirement
SC-SUS-0019,2022,4,377,-119,258,Customer demand expectation
SC-SUS-0019,2022,5,175,-21,154,Customer demand expectation
SC-SUS-0019,2022,6,69,-27,42,Inventory consideration
SC-SUS-0019,2022,7,75,-33,42,Customer demand expectation
SC-SUS-0019,2022,8,118,17,135,
SC-SUS-0019,2022,9,146,-17,129,Inventory consideration
SC-SUS-0019,2022,10,84,0,84,
SC-SUS-0019,2022,11,73,-27,46,Inventory consideration
SC-SUS-0019,2022,12,98,-23,75,Inventory consideration
SC-SUS-0019,2023,1,205,-29,176,Customer demand expectation
SC-SUS-0019,2023,2,241,-57,184,Customer demand expectation
SC-SUS-0019,2023,3,184,-30,154,Customer demand expectation
SC-SUS-0019,2023,4,232,0,232,
SC-SUS-0019,2023,5,0,0,0,
SC-SUS-0019,2023,6,197,-62,135,Inventory consideration
SC-SUS-0019,2023,7,242,0,242,No adjustment
SC-SUS-0019,2023,8,76,-20,56,Customer demand expectation
SC-SUS-0019,2023,9,223,0,223,No adjustment
SC-SUS-0019,2023,10,76,-27,49,Inventory consideration
SC-SUS-0019,2023,11,116,-34,82,Customer demand expectation
SC-SUS-0019,2023,12,74,0,74,No adjustment
SC-SUS-0019,2024,1,131,-55,76,Inventory consideration
SC-SUS-0019,2024,2,147,-36,111,Customer demand expectation
SC-SUS-0019,2024,3,26,-10,16,
SC-SUS-0019,2024,4,66,-18,48,Inventory consideration
SC-SUS-0019,2024,5,208,-61,147,Inventory consideration
SC-SUS-0019,2024,6,144,-58,86,Inventory consideration
SC-SUS-0019,2024,7,136,26,162,Critical part requirement
SC-SUS-0019,2024,8,209,-26,183,Customer demand expectation
SC-SUS-0019,2024,9,25,-7,18,Customer demand expectation
SC-SUS-0019,2024,10,251,-32,219,Customer demand expectation
SC-SUS-0019,2024,11,60,-25,35,Customer demand expectation
SC-SUS-0019,2024,12,158,53,211,Critical part requirement
SC-HYD-0013,2020,1,120,0,120,
SC-HYD-0013,2020,2,203,0,203,
SC-HYD-0013,2020,3,326,72,398,Lead time consideration
SC-HYD-0013,2020,4,258,81,339,Critical part requirement
SC-HYD-0013,2020,5,218,0,218,
SC-HYD-0013,2020,6,348,46,394,Customer demand expectation
SC-HYD-0013,2020,7,321,-73,248,Inventory consideration
SC-HYD-0013,2020,8,360,145,505,Critical part requirement
SC-HYD-0013,2020,9,64,-14,50,Customer demand expectation
SC-HYD-0013,2020,10,151,-27,124,Inventory consideration
SC-HYD-0013,2020,11,238,-58,180,Inventory consideration
SC-HYD-0013,2020,12,395,0,395,No adjustment
SC-HYD-0013,2021,1,193,-25,168,
SC-HYD-0013,2021,2,382,0,382,No adjustment
SC-HYD-0013,2021,3,362,104,466,Critical part requirement
SC-HYD-0013,2021,4,261,-33,228,Inventory consideration
SC-HYD-0013,2021,5,170,26,196,Critical part requirement
SC-HYD-0013,2021,6,300,-106,194,Customer demand expectation
SC-HYD-0013,2021,7,395,-173,222,Customer demand expectation
SC-HYD-0013,2021,8,302,-58,244,Inventory consideration
SC-HYD-0013,2021,9,204,0,204,
SC-HYD-0013,2021,10,307,0,307,
SC-HYD-0013,2021,11,214,22,236,
SC-HYD-0013,2021,12,261,-70,191,Customer demand expectation
SC-HYD-0013,2022,1,321,0,321,No adjustment
SC-HYD-0013,2022,2,296,-90,206,Inventory consideration
SC-HYD-0013,2022,3,263,89,352,Critical part requirement
SC-HYD-0013,2022,4,400,177,577,Customer demand expectation
SC-HYD-0013,2022,5,278,0,278,
SC-HYD-0013,2022,6,320,63,383,Customer demand expectation
SC-HYD-0013,2022,7,454,-194,260,Inventory consideration
SC-HYD-0013,2022,8,359,0,359,
SC-HYD-0013,2022,9,220,-88,132,Customer demand expectation
SC-HYD-0013,2022,10,125,41,166,Lead time consideration
SC-HYD-0013,2022,11,263,0,263,
SC-HYD-0013,2022,12,245,-40,205,Customer demand expectation
SC-HYD-0013,2023,1,241,56,297,Customer demand expectation
SC-HYD-0013,2023,2,122,-28,94,Inventory consideration
SC-HYD-0013,2023,3,228,-70,158,Inventory consideration
SC-HYD-0013,2023,4,166,-21,145,Customer demand expectation
SC-HYD-0013,2023,5,169,-36,133,Inventory consideration
SC-HYD-0013,2023,6,296,-120,176,Customer demand expectation
SC-HYD-0013,2023,7,468,-158,310,Customer demand expectation
SC-HYD-0013,2023,8,543,-123,420,Customer demand expectation
SC-HYD-0013,2023,9,291,0,291,
SC-HYD-0013,2023,10,162,-62,100,Inventory consideration
SC-HYD-0013,2023,11,233,-23,210,Customer demand expectation
SC-HYD-0013,2023,12,346,-93,253,Inventory consideration
SC-HYD-0013,2024,1,273,86,359,Customer demand expectation
SC-HYD-0013,2024,2,157,54,211,Lead time consideration
SC-HYD-0013,2024,3,488,-159,329,Inventory consideration
SC-HYD-0013,2024,4,283,0,283,
SC-HYD-0013,2024,5,291,0,291,
SC-HYD-0013,2024,6,406,61,467,Lead time consideration
SC-HYD-0013,2024,7,187,79,266,Critical part requirement
SC-HYD-0013,2024,8,384,-171,213,Customer demand expectation
SC-HYD-0013,2024,9,468,-131,337,Customer demand expectation
SC-HYD-0013,2024,10,200,0,200,No adjustment
SC-HYD-0013,2024,11,259,0,259,
SC-HYD-0013,2024,12,323,-76,247,Customer demand expectation
SC-ELC-0006,2020,1,36,5,41,Customer demand expectation
SC-ELC-0006,2020,2,23,-6,17,Customer demand expectation
SC-ELC-0006,2020,3,104,0,104,No adjustment
SC-ELC-0006,2020,4,70,9,79,
SC-ELC-0006,2020,5,76,-33,43,Inventory consideration
SC-ELC-0006,2020,6,30,4,34,Customer demand expectation
SC-ELC-0006,2020,7,28,-6,22,Inventory consideration
SC-ELC-0006,2020,8,57,-23,34,Inventory consideration
SC-ELC-0006,2020,9,23,-4,19,Inventory consideration
SC-ELC-0006,2020,10,28,-9,19,Inventory consideration
SC-ELC-0006,2020,11,46,-12,34,Inventory consideration
SC-ELC-0006,2020,12,35,-15,20,Inventory consideration
SC-ELC-0006,2021,1,38,-7,31,Inventory consideration
SC-ELC-0006,2021,2,88,0,88,
SC-ELC-0006,2021,3,44,0,44,No adjustment
SC-ELC-0006,2021,4,81,-31,50,Inventory consideration
SC-ELC-0006,2021,5,58,18,76,Lead time consideration
SC-ELC-0006,2021,6,46,0,46,No adjustment
SC-ELC-0006,2021,7,17,-2,15,Inventory consideration
SC-ELC-0006,2021,8,5,0,5,
SC-ELC-0006,2021,9,13,0,13,No adjustment
SC-ELC-0006,2021,10,20,8,28,Customer demand expectation
SC-ELC-0006,2021,11,14,-5,9,Inventory consideration
SC-ELC-0006,2021,12,78,-32,46,Inventory consideration
SC-ELC-0006,2022,1,62,0,62,No adjustment
SC-ELC-0006,2022,2,96,0,96,No adjustment
SC-ELC-0006,2022,3,42,-14,28,Customer demand expectation
SC-ELC-0006,2022,4,95,-23,72,Customer demand expectation
SC-ELC-0006,2022,5,61,24,85,Customer demand expectation
SC-ELC-0006,2022,6,24,7,31,
SC-ELC-0006,2022,7,82,0,82,
SC-ELC-0006,2022,8,115,-29,86,Inventory consideration
SC-ELC-0006,2022,9,49,-20,29,
SC-ELC-0006,2022,10,81,-34,47,Customer demand expectation
SC-ELC-0006,2022,11,63,-7,56,Inventory consideration
SC-ELC-0006,2022,12,45,-17,28,Inventory consideration
SC-ELC-0006,2023,1,17,6,23,Critical part requirement
SC-ELC-0006,2023,2,71,0,71,
SC-ELC-0006,2023,3,113,-24,89,Customer demand expectation
SC-ELC-0006,2023,4,47,-14,33,Customer demand expectation
SC-ELC-0006,2023,5,78,-23,55,Customer demand expectation
SC-ELC-0006,2023,6,64,-13,51,Customer demand expectation
SC-ELC-0006,2023,7,8,0,8,No adjustment
SC-ELC-0006,2023,8,106,-47,59,Inventory consideration
SC-ELC-0006,2023,9,43,-16,27,Customer demand expectation
SC-ELC-0006,2023,10,139,-37,102,Customer demand expectation
SC-ELC-0006,2023,11,59,16,75,Lead time consideration
SC-ELC-0006,2023,12,71,0,71,
SC-ELC-0006,2024,1,50,-19,31,Inventory consideration
SC-ELC-0006,2024,2,81,17,98,Critical part requirement
SC-ELC-0006,2024,3,41,-15,26,Customer demand expectation
SC-ELC-0006,2024,4,118,0,118,
SC-ELC-0006,2024,5,84,-36,48,Inventory consideration
SC-ELC-0006,2024,6,53,0,53,
SC-ELC-0006,2024,7,70,-24,46,Inventory consideration
SC-ELC-0006,2024,8,117,0,117,No adjustment
SC-ELC-0006,2024,9,0,0,0,Inventory consideration
SC-ELC-0006,2024,10,85,-11,74,Inventory consideration
SC-ELC-0006,2024,11,113,-39,74,Customer demand expectation
SC-ELC-0006,2024,12,108,21,129,Lead time consideration
SC-ELC-0007,2020,1,1570,442,2012,Lead time consideration
SC-ELC-0007,2020,2,1494,546,2040,Lead time consideration
SC-ELC-0007,2020,3,1891,336,2227,Lead time consideration
SC-ELC-0007,2020,4,2589,1116,3705,Lead time consideration
SC-ELC-0007,2020,5,2045,389,2434,Lead time consideration
SC-ELC-0007,2020,6,1814,-507,1307,
SC-ELC-0007,2020,7,2163,314,2477,Customer demand expectation
SC-ELC-0007,2020,8,1802,-620,1182,Inventory consideration
SC-ELC-0007,2020,9,1453,405,1858,Critical part requirement
SC-ELC-0007,2020,10,1125,351,1476,Customer demand expectation
SC-ELC-0007,2020,11,1631,631,2262,Customer demand expectation
SC-ELC-0007,2020,12,1647,568,2215,
SC-ELC-0007,2021,1,1765,0,1765,No adjustment
SC-ELC-0007,2021,2,1651,570,2221,Lead time consideration
SC-ELC-0007,2021,3,1771,273,2044,Critical part requirement
SC-ELC-0007,2021,4,1940,412,2352,Lead time consideration
SC-ELC-0007,2021,5,1463,-547,916,Customer demand expectation
SC-ELC-0007,2021,6,2606,0,2606,No adjustment
SC-ELC-0007,2021,7,2335,378,2713,Customer demand expectation
SC-ELC-0007,2021,8,1678,0,1678,No adjustment
SC-ELC-0007,2021,9,1654,0,1654,
SC-ELC-0007,2021,10,2063,393,2456,Critical part requirement
SC-ELC-0007,2021,11,1687,-369,1318,Inventory consideration
SC-ELC-0007,2021,12,2106,796,2902,
SC-ELC-0007,2022,1,2305,828,3133,Lead time consideration
SC-ELC-0007,2022,2,2170,919,3089,Customer demand expectation
SC-ELC-0007,2022,3,1924,435,2359,Lead time consideration
SC-ELC-0007,2022,4,2512,-402,2110,Inventory consideration
SC-ELC-0007,2022,5,1794,563,2357,Critical part requirement
SC-ELC-0007,2022,6,1732,237,1969,Critical part requirement
SC-ELC-0007,2022,7,1645,201,1846,Customer demand expectation
SC-ELC-0007,2022,8,2197,626,2823,Critical part requirement
SC-ELC-0007,2022,9,2285,935,3220,Critical part requirement
SC-ELC-0007,2022,10,1637,-604,1033,Customer demand expectation
SC-ELC-0007,2022,11,2036,0,2036,No adjustment
SC-ELC-0007,2022,12,1640,-337,1303,Customer demand expectation
SC-ELC-0007,2023,1,1836,0,1836,No adjustment
SC-ELC-0007,2023,2,2371,805,3176,Customer demand expectation
SC-ELC-0007,2023,3,1791,738,2529,Customer demand expectation
SC-ELC-0007,2023,4,2225,554,2779,Critical part requirement
SC-ELC-0007,2023,5,2655,-1030,1625,Customer demand expectation
SC-ELC-0007,2023,6,2274,0,2274,
SC-ELC-0007,2023,7,2385,0,2385,
SC-ELC-0007,2023,8,2029,747,2776,Lead time consideration
SC-ELC-0007,2023,9,2556,0,2556,No adjustment
SC-ELC-0007,2023,10,2306,683,2989,Customer demand expectation
SC-ELC-0007,2023,11,2188,-410,1778,Customer demand expectation
SC-ELC-0007,2023,12,2178,587,2765,Customer demand expectation
SC-ELC-0007,2024,1,2741,686,3427,
SC-ELC-0007,2024,2,2467,808,3275,Lead time consideration
SC-ELC-0007,2024,3,2978,0,2978,
SC-ELC-0007,2024,4,3099,387,3486,Customer demand expectation
SC-ELC-0007,2024,5,2321,702,3023,Lead time consideration
SC-ELC-0007,2024,6,2267,-972,1295,Inventory consideration
SC-ELC-0007,2024,7,2500,0,2500,
SC-ELC-0007,2024,8,3025,1228,4253,
SC-ELC-0007,2024,9,2105,0,2105,
SC-ELC-0007,2024,10,2263,0,2263,
SC-ELC-0007,2024,11,1934,-521,1413,Customer demand expectation
SC-ELC-0007,2024,12,3966,1306,5272,Critical part requirement
SC-BRK-0011,2020,1,21,-7,14,Inventory consideration
SC-BRK-0011,2020,2,22,-9,13,Inventory consideration
SC-BRK-0011,2020,3,45,-9,36,Inventory consideration
SC-BRK-0011,2020,4,3,0,3,
SC-BRK-0011,2020,5,25,-4,21,
SC-BRK-0011,2020,6,30,-10,20,Customer demand expectation
SC-BRK-0011,2020,7,0,0,0,Inventory consideration
SC-BRK-0011,2020,8,26,-10,16,Inventory consideration
SC-BRK-0011,2020,9,25,-11,14,Inventory consideration
SC-BRK-0011,2020,10,42,-14,28,Inventory consideration
SC-BRK-0011,2020,11,78,0,78,
SC-BRK-0011,2020,12,33,0,33,
SC-BRK-0011,2021,1,53,13,66,Lead time consideration
SC-BRK-0011,2021,2,0,0,0,Inventory consideration
SC-BRK-0011,2021,3,88,32,120,Critical part requirement
SC-BRK-0011,2021,4,98,0,98,
SC-BRK-0011,2021,5,60,-22,38,Customer demand expectation
SC-BRK-0011,2021,6,40,0,40,No adjustment
SC-BRK-0011,2021,7,41,-7,34,Customer demand expectation
SC-BRK-0011,2021,8,73,-15,58,Customer demand expectation
SC-BRK-0011,2021,9,28,9,37,Critical part requirement
SC-BRK-0011,2021,10,34,-10,24,Inventory consideration
SC-BRK-0011,2021,11,35,-7,28,Inventory consideration
SC-BRK-0011,2021,12,44,17,61,Customer demand expectation
SC-BRK-0011,2022,1,24,0,24,No adjustment
SC-BRK-0011,2022,2,24,0,24,
SC-BRK-0011,2022,3,37,0,37,
SC-BRK-0011,2022,4,26,-4,22,Customer demand expectation
SC-BRK-0011,2022,5,53,11,64,Critical part requirement
SC-BRK-0011,2022,6,19,-3,16,Customer demand expectation
SC-BRK-0011,2022,7,13,0,13,
SC-BRK-0011,2022,8,4,-1,3,Inventory consideration
SC-BRK-0011,2022,9,36,6,42,Critical part requirement
SC-BRK-0011,2022,10,30,-9,21,
SC-BRK-0011,2022,11,22,-3,19,Customer demand expectation
SC-BRK-0011,2022,12,40,-13,27,Inventory consideration
SC-BRK-0011,2023,1,6,-2,4,Customer demand expectation
SC-BRK-0011,2023,2,43,-16,27,Inventory consideration
SC-BRK-0011,2023,3,25,7,32,Critical part requirement
SC-BRK-0011,2023,4,44,0,44,
SC-BRK-0011,2023,5,105,36,141,Critical part requirement
SC-BRK-0011,2023,6,19,0,19,
SC-BRK-0011,2023,7,4,0,4,Inventory consideration
SC-BRK-0011,2023,8,0,0,0,Customer demand expectation
SC-BRK-0011,2023,9,47,-16,31,Inventory consideration
SC-BRK-0011,2023,10,16,-5,11,Customer demand expectation
SC-BRK-0011,2023,11,0,0,0,
SC-BRK-0011,2023,12,41,0,41,
SC-BRK-0011,2024,1,21,0,21,
SC-BRK-0011,2024,2,30,-5,25,Inventory consideration
SC-BRK-0011,2024,3,65,-25,40,Customer demand expectation
SC-BRK-0011,2024,4,41,8,49,Customer demand expectation
SC-BRK-0011,2024,5,53,-9,44,Inventory consideration
SC-BRK-0011,2024,6,7,-2,5,Inventory consideration
SC-BRK-0011,2024,7,42,14,56,Customer demand expectation
SC-BRK-0011,2024,8,63,-16,47,
SC-BRK-0011,2024,9,22,-7,15,Inventory consideration
SC-BRK-0011,2024,10,79,-29,50,Inventory consideration
SC-BRK-0011,2024,11,39,16,55,Customer demand expectation
SC-BRK-0011,2024,12,18,0,18,No adjustment
SC-TRN-0013,2020,1,7,0,7,No adjustment
SC-TRN-0013,2020,2,5,0,5,No adjustment
SC-TRN-0013,2020,3,60,22,82,Customer demand expectation
SC-TRN-0013,2020,4,97,18,115,Lead time consideration
SC-TRN-0013,2020,5,103,40,143,Customer demand expectation
SC-TRN-0013,2020,6,58,6,64,Customer demand expectation
SC-TRN-0013,2020,7,53,12,65,Critical part requirement
SC-TRN-0013,2020,8,73,28,101,Lead time consideration
SC-TRN-0013,2020,9,121,-35,86,Inventory consideration
SC-TRN-0013,2020,10,29,7,36,Customer demand expectation
SC-TRN-0013,2020,11,115,0,115,No adjustment
SC-TRN-0013,2020,12,96,29,125,Lead time consideration
SC-TRN-0013,2021,1,70,-11,59,Inventory consideration
SC-TRN-0013,2021,2,83,0,83,
SC-TRN-0013,2021,3,77,0,77,
SC-TRN-0013,2021,4,139,0,139,No adjustment
SC-TRN-0013,2021,5,174,78,252,Customer demand expectation
SC-TRN-0013,2021,6,88,-22,66,Inventory consideration
SC-TRN-0013,2021,7,53,0,53,No adjustment
SC-TRN-0013,2021,8,77,12,89,Customer demand expectation
SC-TRN-0013,2021,9,57,12,69,Customer demand expectation
SC-TRN-0013,2021,10,32,11,43,Critical part requirement
SC-TRN-0013,2021,11,26,0,26,
SC-TRN-0013,2021,12,48,0,48,
SC-TRN-0013,2022,1,241,87,328,Customer demand expectation
SC-TRN-0013,2022,2,15,3,18,Critical part requirement
SC-TRN-0013,2022,3,64,9,73,Customer demand expectation
SC-TRN-0013,2022,4,54,-16,38,Inventory consideration
SC-TRN-0013,2022,5,114,51,165,Lead time consideration
SC-TRN-0013,2022,6,126,54,180,Customer demand expectation
SC-TRN-0013,2022,7,210,0,210,
SC-TRN-0013,2022,8,129,-57,72,Customer demand expectation
SC-TRN-0013,2022,9,131,0,131,No adjustment
SC-TRN-0013,2022,10,156,22,178,Customer demand expectation
SC-TRN-0013,2022,11,59,0,59,No adjustment
SC-TRN-0013,2022,12,185,64,249,Customer demand expectation
SC-TRN-0013,2023,1,106,23,129,Critical part requirement
SC-TRN-0013,2023,2,123,0,123,No adjustment
SC-TRN-0013,2023,3,112,-14,98,Inventory consideration
SC-TRN-0013,2023,4,76,-18,58,Customer demand expectation
SC-TRN-0013,2023,5,97,-31,66,Inventory consideration
SC-TRN-0013,2023,6,126,54,180,Critical part requirement
SC-TRN-0013,2023,7,106,45,151,Critical part requirement
SC-TRN-0013,2023,8,172,0,172,
SC-TRN-0013,2023,9,140,48,188,Lead time consideration
SC-TRN-0013,2023,10,73,32,105,
SC-TRN-0013,2023,11,150,32,182,Critical part requirement
SC-TRN-0013,2023,12,26,-4,22,Customer demand expectation
SC-TRN-0013,2024,1,2,-1,1,Customer demand expectation
SC-TRN-0013,2024,2,30,8,38,
SC-TRN-0013,2024,3,180,53,233,Lead time consideration
SC-TRN-0013,2024,4,134,0,134,
SC-TRN-0013,2024,5,126,16,142,Lead time consideration
SC-TRN-0013,2024,6,101,38,139,Critical part requirement
SC-TRN-0013,2024,7,13,3,16,Customer demand expectation
SC-TRN-0013,2024,8,245,-59,186,Inventory consideration
SC-TRN-0013,2024,9,0,0,0,Critical part requirement
SC-TRN-0013,2024,10,125,0,125,No adjustment
SC-TRN-0013,2024,11,133,0,133,No adjustment
SC-TRN-0013,2024,12,114,0,114,
SC-CLG-0006,2020,1,21,3,24,Lead time consideration
SC-CLG-0006,2020,2,23,-9,14,Inventory consideration
SC-CLG-0006,2020,3,16,4,20,Critical part requirement
SC-CLG-0006,2020,4,15,-2,13,Customer demand expectation
SC-CLG-0006,2020,5,33,0,33,
SC-CLG-0006,2020,6,22,0,22,No adjustment
SC-CLG-0006,2020,7,44,-12,32,Inventory consideration
SC-CLG-0006,2020,8,24,0,24,
SC-CLG-0006,2020,9,10,0,10,
SC-CLG-0006,2020,10,22,0,22,No adjustment
SC-CLG-0006,2020,11,36,-6,30,Inventory consideration
SC-CLG-0006,2020,12,76,-29,47,Inventory consideration
SC-CLG-0006,2021,1,30,-13,17,Inventory consideration
SC-CLG-0006,2021,2,29,-12,17,Inventory consideration
SC-CLG-0006,2021,3,47,-10,37,Inventory consideration
SC-CLG-0006,2021,4,38,-7,31,Customer demand expectation
SC-CLG-0006,2021,5,3,0,3,Customer demand expectation
SC-CLG-0006,2021,6,25,-3,22,Customer demand expectation
SC-CLG-0006,2021,7,24,0,24,No adjustment
SC-CLG-0006,2021,8,9,1,10,Critical part requirement
SC-CLG-0006,2021,9,19,-5,14,Inventory consideration
SC-CLG-0006,2021,10,15,-4,11,Customer demand expectation
SC-CLG-0006,2021,11,20,-7,13,Inventory consideration
SC-CLG-0006,2021,12,40,-13,27,Inventory consideration
SC-CLG-0006,2022,1,31,13,44,Lead time consideration
SC-CLG-0006,2022,2,30,-7,23,Customer demand expectation
SC-CLG-0006,2022,3,37,-7,30,Inventory consideration
SC-CLG-0006,2022,4,27,-7,20,
SC-CLG-0006,2022,5,19,-8,11,Inventory consideration
SC-CLG-0006,2022,6,50,-12,38,Customer demand expectation
SC-CLG-0006,2022,7,0,0,0,Customer demand expectation
SC-CLG-0006,2022,8,41,-11,30,Customer demand expectation
SC-CLG-0006,2022,9,77,-29,48,Inventory consideration
SC-CLG-0006,2022,10,28,0,28,
SC-CLG-0006,2022,11,46,0,46,No adjustment
SC-CLG-0006,2022,12,40,0,40,No adjustment
SC-CLG-0006,2023,1,62,-17,45,Inventory consideration
SC-CLG-0006,2023,2,79,-17,62,
SC-CLG-0006,2023,3,0,0,0,
SC-CLG-0006,2023,4,91,0,91,No adjustment
SC-CLG-0006,2023,5,76,-24,52,Customer demand expectation
SC-CLG-0006,2023,6,42,-5,37,Customer demand expectation
SC-CLG-0006,2023,7,68,-16,52,Inventory consideration
SC-CLG-0006,2023,8,9,0,9,
SC-CLG-0006,2023,9,26,-10,16,Customer demand expectation
SC-CLG-0006,2023,10,16,-2,14,Inventory consideration
SC-CLG-0006,2023,11,28,0,28,
SC-CLG-0006,2023,12,40,-12,28,Inventory consideration
SC-CLG-0006,2024,1,30,0,30,
SC-CLG-0006,2024,2,25,0,25,No adjustment
SC-CLG-0006,2024,3,39,0,39,
SC-CLG-0006,2024,4,29,-7,22,
SC-CLG-0006,2024,5,33,3,36,Critical part requirement
SC-CLG-0006,2024,6,54,0,54,No adjustment
SC-CLG-0006,2024,7,40,-16,24,Inventory consideration
SC-CLG-0006,2024,8,22,0,22,No adjustment
SC-CLG-0006,2024,9,53,-13,40,Customer demand expectation
SC-CLG-0006,2024,10,33,5,38,Critical part requirement
SC-CLG-0006,2024,11,112,-42,70,Customer demand expectation
SC-CLG-0006,2024,12,73,-18,55,Customer demand expectation
SC-ELC-0008,2020,1,116,33,149,Customer demand expectation
SC-ELC-0008,2020,2,352,44,396,Critical part requirement
SC-ELC-0008,2020,3,353,0,353,No adjustment
SC-ELC-0008,2020,4,129,20,149,Lead time consideration
SC-ELC-0008,2020,5,300,0,300,No adjustment
SC-ELC-0008,2020,6,163,0,163,No adjustment
SC-ELC-0008,2020,7,321,79,400,Lead time consideration
SC-ELC-0008,2020,8,305,35,340,Customer demand expectation
SC-ELC-0008,2020,9,361,-92,269,
SC-ELC-0008,2020,10,393,0,393,No adjustment
SC-ELC-0008,2020,11,436,156,592,Critical part requirement
SC-ELC-0008,2020,12,499,85,584,Customer demand expectation
SC-ELC-0008,2021,1,216,-52,164,Inventory consideration
SC-ELC-0008,2021,2,232,0,232,No adjustment
SC-ELC-0008,2021,3,309,-130,179,Inventory consideration
SC-ELC-0008,2021,4,314,60,374,Lead time consideration
SC-ELC-0008,2021,5,244,28,272,Lead time consideration
SC-ELC-0008,2021,6,321,75,396,
SC-ELC-0008,2021,7,208,0,208,No adjustment
SC-ELC-0008,2021,8,161,0,161,
SC-ELC-0008,2021,9,203,0,203,
SC-ELC-0008,2021,10,375,-62,313,Inventory consideration
SC-ELC-0008,2021,11,169,23,192,Critical part requirement
SC-ELC-0008,2021,12,174,-42,132,Inventory consideration
SC-ELC-0008,2022,1,301,132,433,Critical part requirement
SC-ELC-0008,2022,2,332,113,445,Lead time consideration
SC-ELC-0008,2022,3,235,-60,175,Inventory consideration
SC-ELC-0008,2022,4,286,99,385,Customer demand expectation
SC-ELC-0008,2022,5,271,0,271,No adjustment
SC-ELC-0008,2022,6,285,0,285,No adjustment
SC-ELC-0008,2022,7,361,-99,262,Customer demand expectation
SC-ELC-0008,2022,8,212,82,294,Lead time consideration
SC-ELC-0008,2022,9,324,0,324,No adjustment
SC-ELC-0008,2022,10,283,0,283,
SC-ELC-0008,2022,11,308,-37,271,Customer demand expectation
SC-ELC-0008,2022,12,415,75,490,Critical part requirement
SC-ELC-0008,2023,1,444,0,444,
SC-ELC-0008,2023,2,214,-40,174,Customer demand expectation
SC-ELC-0008,2023,3,155,0,155,
SC-ELC-0008,2023,4,149,0,149,No adjustment
SC-ELC-0008,2023,5,148,0,148,No adjustment
SC-ELC-0008,2023,6,211,0,211,
SC-ELC-0008,2023,7,248,-55,193,Customer demand expectation
SC-ELC-0008,2023,8,285,116,401,Customer demand expectation
SC-ELC-0008,2023,9,229,-88,141,Inventory consideration
SC-ELC-0008,2023,10,250,84,334,Lead time consideration
SC-ELC-0008,2023,11,380,-151,229,Inventory consideration
SC-ELC-0008,2023,12,302,0,302,
SC-ELC-0008,2024,1,398,0,398,
SC-ELC-0008,2024,2,299,88,387,Lead time consideration
SC-ELC-0008,2024,3,393,-128,265,Inventory consideration
SC-ELC-0008,2024,4,243,41,284,Lead time consideration
SC-ELC-0008,2024,5,433,89,522,Lead time consideration
SC-ELC-0008,2024,6,314,0,314,
SC-ELC-0008,2024,7,225,60,285,Lead time consideration
SC-ELC-0008,2024,8,250,0,250,
SC-ELC-0008,2024,9,304,-55,249,Inventory consideration
SC-ELC-0008,2024,10,243,43,286,Lead time consideration
SC-ELC-0008,2024,11,302,87,389,Customer demand expectation
SC-ELC-0008,2024,12,317,-117,200,
SC-FUE-0011,2020,1,489,0,489,
SC-FUE-0011,2020,2,251,33,284,Critical part requirement
SC-FUE-0011,2020,3,479,146,625,Customer demand expectation
SC-FUE-0011,2020,4,700,135,835,Critical part requirement
SC-FUE-0011,2020,5,752,140,892,Critical part requirement
SC-FUE-0011,2020,6,588,106,694,Critical part requirement
SC-FUE-0011,2020,7,674,-205,469,Inventory consideration
SC-FUE-0011,2020,8,851,-324,527,
SC-FUE-0011,2020,9,1103,483,1586,Critical part requirement
SC-FUE-0011,2020,10,1028,0,1028,No adjustment
SC-FUE-0011,2020,11,975,0,975,
SC-FUE-0011,2020,12,684,-73,611,Customer demand expectation
SC-FUE-0011,2021,1,715,253,968,Customer demand expectation
SC-FUE-0011,2021,2,450,0,450,
SC-FUE-0011,2021,3,872,0,872,No adjustment
SC-FUE-0011,2021,4,541,-167,374,Customer demand expectation
SC-FUE-0011,2021,5,1104,496,1600,Lead time consideration
SC-FUE-0011,2021,6,526,136,662,Critical part requirement
SC-FUE-0011,2021,7,850,323,1173,Critical part requirement
SC-FUE-0011,2021,8,342,53,395,Critical part requirement
SC-FUE-0011,2021,9,668,0,668,No adjustment
SC-FUE-0011,2021,10,446,175,621,Critical part requirement
SC-FUE-0011,2021,11,1192,507,1699,Critical part requirement
SC-FUE-0011,2021,12,880,0,880,No adjustment
SC-FUE-0011,2022,1,594,0,594,
SC-FUE-0011,2022,2,713,258,971,Customer demand expectation
SC-FUE-0011,2022,3,896,-298,598,Customer demand expectation
SC-FUE-0011,2022,4,945,398,1343,Customer demand expectation
SC-FUE-0011,2022,5,1216,207,1423,Critical part requirement
SC-FUE-0011,2022,6,1039,324,1363,Critical part requirement
SC-FUE-0011,2022,7,340,0,340,No adjustment
SC-FUE-0011,2022,8,1329,-557,772,
SC-FUE-0011,2022,9,631,218,849,Critical part requirement
SC-FUE-0011,2022,10,1052,0,1052,
SC-FUE-0011,2022,11,1080,-114,966,Inventory consideration
SC-FUE-0011,2022,12,818,-249,569,Customer demand expectation
SC-FUE-0011,2023,1,649,0,649,No adjustment
SC-FUE-0011,2023,2,971,0,971,
SC-FUE-0011,2023,3,718,0,718,No adjustment
SC-FUE-0011,2023,4,1067,408,1475,Customer demand expectation
SC-FUE-0011,2023,5,843,0,843,No adjustment
SC-FUE-0011,2023,6,858,-110,748,Customer demand expectation
SC-FUE-0011,2023,7,942,297,1239,Critical part requirement
SC-FUE-0011,2023,8,579,115,694,Lead time consideration
SC-FUE-0011,2023,9,512,0,512,No adjustment
SC-FUE-0011,2023,10,1002,0,1002,No adjustment
SC-FUE-0011,2023,11,721,-174,547,Inventory consideration
SC-FUE-0011,2023,12,760,-260,500,Customer demand expectation
SC-FUE-0011,2024,1,944,0,944,No adjustment
SC-FUE-0011,2024,2,534,-183,351,Inventory consideration
SC-FUE-0011,2024,3,1229,191,1420,Lead time consideration
SC-FUE-0011,2024,4,673,-163,510,Inventory consideration
SC-FUE-0011,2024,5,807,218,1025,Critical part requirement
SC-FUE-0011,2024,6,426,0,426,
SC-FUE-0011,2024,7,786,252,1038,
SC-FUE-0011,2024,8,787,338,1125,Customer demand expectation
SC-FUE-0011,2024,9,987,0,987,No adjustment
SC-FUE-0011,2024,10,733,-226,507,
SC-FUE-0011,2024,11,894,352,1246,Critical part requirement
SC-FUE-0011,2024,12,872,0,872,
SC-ELC-0009,2020,1,1785,0,1785,
SC-ELC-0009,2020,2,2352,904,3256,Lead time consideration
SC-ELC-0009,2020,3,1492,461,1953,Lead time consideration
SC-ELC-0009,2020,4,1726,280,2006,Customer demand expectation
SC-ELC-0009,2020,5,1616,205,1821,Lead time consideration
SC-ELC-0009,2020,6,2136,728,2864,Customer demand expectation
SC-ELC-0009,2020,7,1758,467,2225,Customer demand expectation
SC-ELC-0009,2020,8,2386,309,2695,
SC-ELC-0009,2020,9,2235,770,3005,Lead time consideration
SC-ELC-0009,2020,10,2305,262,2567,Critical part requirement
SC-ELC-0009,2020,11,3108,914,4022,Lead time consideration
SC-ELC-0009,2020,12,2165,688,2853,Critical part requirement
SC-ELC-0009,2021,1,2825,0,2825,
SC-ELC-0009,2021,2,2177,693,2870,Critical part requirement
SC-ELC-0009,2021,3,1893,336,2229,Lead time consideration
SC-ELC-0009,2021,4,2016,0,2016,No adjustment
SC-ELC-0009,2021,5,3760,1019,4779,Customer demand expectation
SC-ELC-0009,2021,6,2075,745,2820,Customer demand expectation
SC-ELC-0009,2021,7,2822,1233,4055,Lead time consideration
SC-ELC-0009,2021,8,2814,594,3408,Lead time consideration
SC-ELC-0009,2021,9,2103,0,2103,No adjustment
SC-ELC-0009,2021,10,2426,470,2896,Critical part requirement
SC-ELC-0009,2021,11,2276,0,2276,No adjustment
SC-ELC-0009,2021,12,1838,310,2148,Lead time consideration
SC-ELC-0009,2022,1,3357,963,4320,Critical part requirement
SC-ELC-0009,2022,2,2703,719,3422,Lead time consideration
SC-ELC-0009,2022,3,2476,0,2476,No adjustment
SC-ELC-0009,2022,4,2281,0,2281,
SC-ELC-0009,2022,5,2665,1113,3778,Lead time consideration
SC-ELC-0009,2022,6,2843,0,2843,
SC-ELC-0009,2022,7,3231,0,3231,
SC-ELC-0009,2022,8,2635,734,3369,Lead time consideration
SC-ELC-0009,2022,9,2120,425,2545,Lead time consideration
SC-ELC-0009,2022,10,2438,545,2983,Lead time consideration
SC-ELC-0009,2022,11,2008,280,2288,Lead time consideration
SC-ELC-0009,2022,12,2712,1157,3869,Critical part requirement
SC-ELC-0009,2023,1,3283,1474,4757,Lead time consideration
SC-ELC-0009,2023,2,2545,355,2900,Critical part requirement
SC-ELC-0009,2023,3,1976,673,2649,Lead time consideration
SC-ELC-0009,2023,4,2081,0,2081,
SC-ELC-0009,2023,5,2630,829,3459,Customer demand expectation
SC-ELC-0009,2023,6,2179,0,2179,
SC-ELC-0009,2023,7,1721,-694,1027,Customer demand expectation
SC-ELC-0009,2023,8,2112,424,2536,Critical part requirement
SC-ELC-0009,2023,9,2445,0,2445,No adjustment
SC-ELC-0009,2023,10,1812,-241,1571,Inventory consideration
SC-ELC-0009,2023,11,2169,504,2673,Lead time consideration
SC-ELC-0009,2023,12,3148,-565,2583,Customer demand expectation
SC-ELC-0009,2024,1,2371,755,3126,Lead time consideration
SC-ELC-0009,2024,2,1656,638,2294,Customer demand expectation
SC-ELC-0009,2024,3,3230,484,3714,Lead time consideration
SC-ELC-0009,2024,4,3080,-710,2370,Customer demand expectation
SC-ELC-0009,2024,5,3062,-1023,2039,Inventory consideration
SC-ELC-0009,2024,6,2305,804,3109,Lead time consideration
SC-ELC-0009,2024,7,2279,0,2279,
SC-ELC-0009,2024,8,2301,0,2301,No adjustment
SC-ELC-0009,2024,9,3045,352,3397,Customer demand expectation
SC-ELC-0009,2024,10,2514,916,3430,
SC-ELC-0009,2024,11,2422,0,2422,No adjustment
SC-ELC-0009,2024,12,2140,0,2140,
SC-TRN-0014,2020,1,1093,-306,787,Inventory consideration
SC-TRN-0014,2020,2,1692,0,1692,No adjustment
SC-TRN-0014,2020,3,1885,-550,1335,Inventory consideration
SC-TRN-0014,2020,4,1259,0,1259,
SC-TRN-0014,2020,5,1403,0,1403,
SC-TRN-0014,2020,6,1776,536,2312,Lead time consideration
SC-TRN-0014,2020,7,1832,682,2514,Customer demand expectation
SC-TRN-0014,2020,8,1730,0,1730,No adjustment
SC-TRN-0014,2020,9,1122,261,1383,Customer demand expectation
SC-TRN-0014,2020,10,1546,0,1546,
SC-TRN-0014,2020,11,1489,448,1937,Lead time consideration
SC-TRN-0014,2020,12,1733,0,1733,
SC-TRN-0014,2021,1,2632,0,2632,No adjustment
SC-TRN-0014,2021,2,1631,-730,901,Customer demand expectation
SC-TRN-0014,2021,3,1827,0,1827,
SC-TRN-0014,2021,4,1945,0,1945,
SC-TRN-0014,2021,5,1390,-512,878,Inventory consideration
SC-TRN-0014,2021,6,2582,418,3000,Lead time consideration
SC-TRN-0014,2021,7,1969,0,1969,
SC-TRN-0014,2021,8,2099,616,2715,Customer demand expectation
SC-TRN-0014,2021,9,1526,-157,1369,Inventory consideration
SC-TRN-0014,2021,10,1722,-653,1069,Inventory consideration
SC-TRN-0014,2021,11,1642,-682,960,Customer demand expectation
SC-TRN-0014,2021,12,1728,210,1938,Critical part requirement
SC-TRN-0014,2022,1,2431,888,3319,Lead time consideration
SC-TRN-0014,2022,2,1498,0,1498,
SC-TRN-0014,2022,3,1618,555,2173,Lead time consideration
SC-TRN-0014,2022,4,2123,0,2123,No adjustment
SC-TRN-0014,2022,5,1472,324,1796,Customer demand expectation
SC-TRN-0014,2022,6,1687,589,2276,Lead time consideration
SC-TRN-0014,2022,7,1540,-405,1135,Customer demand expectation
SC-TRN-0014,2022,8,1482,452,1934,Lead time consideration
SC-TRN-0014,2022,9,1612,0,1612,
SC-TRN-0014,2022,10,1632,-347,1285,Customer demand expectation
SC-TRN-0014,2022,11,1869,0,1869,
SC-TRN-0014,2022,12,2634,0,2634,
SC-TRN-0014,2023,1,2948,1139,4087,Critical part requirement
SC-TRN-0014,2023,2,2172,0,2172,No adjustment
SC-TRN-0014,2023,3,1984,0,1984,No adjustment
SC-TRN-0014,2023,4,2165,516,2681,Lead time consideration
SC-TRN-0014,2023,5,2914,331,3245,Customer demand expectation
SC-TRN-0014,2023,6,2406,802,3208,
SC-TRN-0014,2023,7,1927,0,1927,No adjustment
SC-TRN-0014,2023,8,1880,461,2341,Customer demand expectation
SC-TRN-0014,2023,9,1553,-689,864,Customer demand expectation
SC-TRN-0014,2023,10,1303,-495,808,Customer demand expectation
SC-TRN-0014,2023,11,2538,-595,1943,Inventory consideration
SC-TRN-0014,2023,12,1887,781,2668,Customer demand expectation
SC-TRN-0014,2024,1,3075,1337,4412,Customer demand expectation
SC-TRN-0014,2024,2,2777,-416,2361,Inventory consideration
SC-TRN-0014,2024,3,2416,0,2416,No adjustment
SC-TRN-0014,2024,4,3258,-584,2674,Customer demand expectation
SC-TRN-0014,2024,5,1751,0,1751,No adjustment
SC-TRN-0014,2024,6,3145,-461,2684,Customer demand expectation
SC-TRN-0014,2024,7,1353,147,1500,Critical part requirement
SC-TRN-0014,2024,8,1203,541,1744,Critical part requirement
SC-TRN-0014,2024,9,2074,0,2074,
SC-TRN-0014,2024,10,2326,942,3268,Lead time consideration
SC-TRN-0014,2024,11,1824,-704,1120,Customer demand expectation
SC-TRN-0014,2024,12,2469,673,3142,Critical part requirement
SC-FUE-0012,2020,1,2,0,2,
SC-FUE-0012,2020,2,1,0,1,Customer demand expectation
SC-FUE-0012,2020,3,1,0,1,Critical part requirement
SC-FUE-0012,2020,4,3,-1,2,Customer demand expectation
SC-FUE-0012,2020,5,2,1,3,Lead time consideration
SC-FUE-0012,2020,6,1,0,1,Customer demand expectation
SC-FUE-0012,2020,7,0,0,0,
SC-FUE-0012,2020,8,3,-1,2,Customer demand expectation
SC-FUE-0012,2020,9,0,0,0,No adjustment
SC-FUE-0012,2020,10,0,0,0,
SC-FUE-0012,2020,11,3,-1,2,Customer demand expectation
SC-FUE-0012,2020,12,2,-1,1,Inventory consideration
SC-FUE-0012,2021,1,0,0,0,Inventory consideration
SC-FUE-0012,2021,2,4,0,4,No adjustment
SC-FUE-0012,2021,3,7,0,7,No adjustment
SC-FUE-0012,2021,4,3,-1,2,Customer demand expectation
SC-FUE-0012,2021,5,5,-2,3,Inventory consideration
SC-FUE-0012,2021,6,2,-1,1,Customer demand expectation
SC-FUE-0012,2021,7,5,-1,4,Inventory consideration
SC-FUE-0012,2021,8,4,0,4,
SC-FUE-0012,2021,9,7,-3,4,Inventory consideration
SC-FUE-0012,2021,10,0,0,0,Inventory consideration
SC-FUE-0012,2021,11,16,0,16,No adjustment
SC-FUE-0012,2021,12,5,0,5,
SC-FUE-0012,2022,1,2,0,2,Inventory consideration
SC-FUE-0012,2022,2,1,0,1,
SC-FUE-0012,2022,3,3,-1,2,Inventory consideration
SC-FUE-0012,2022,4,5,-2,3,Customer demand expectation
SC-FUE-0012,2022,5,7,0,7,No adjustment
SC-FUE-0012,2022,6,2,1,3,Lead time consideration
SC-FUE-0012,2022,7,7,3,10,Customer demand expectation
SC-FUE-0012,2022,8,11,4,15,Customer demand expectation
SC-FUE-0012,2022,9,0,0,0,Customer demand expectation
SC-FUE-0012,2022,10,17,-5,12,Customer demand expectation
SC-FUE-0012,2022,11,22,0,22,No adjustment
SC-FUE-0012,2022,12,5,-1,4,Customer demand expectation
SC-FUE-0012,2023,1,2,0,2,Customer demand expectation
SC-FUE-0012,2023,2,14,2,16,Lead time consideration
SC-FUE-0012,2023,3,17,-6,11,Customer demand expectation
SC-FUE-0012,2023,4,4,0,4,No adjustment
SC-FUE-0012,2023,5,9,-3,6,Inventory consideration
SC-FUE-0012,2023,6,8,-2,6,
SC-FUE-0012,2023,7,16,-5,11,Customer demand expectation
SC-FUE-0012,2023,8,10,-3,7,Inventory consideration
SC-FUE-0012,2023,9,6,-1,5,Inventory consideration
SC-FUE-0012,2023,10,0,0,0,Inventory consideration
SC-FUE-0012,2023,11,12,0,12,No adjustment
SC-FUE-0012,2023,12,4,0,4,No adjustment
SC-FUE-0012,2024,1,17,-2,15,Customer demand expectation
SC-FUE-0012,2024,2,8,0,8,
SC-FUE-0012,2024,3,5,-2,3,Customer demand expectation
SC-FUE-0012,2024,4,2,0,2,Customer demand expectation
SC-FUE-0012,2024,5,7,0,7,
SC-FUE-0012,2024,6,5,0,5,No adjustment
SC-FUE-0012,2024,7,3,-1,2,
SC-FUE-0012,2024,8,7,-3,4,Customer demand expectation
SC-FUE-0012,2024,9,5,-2,3,Customer demand expectation
SC-FUE-0012,2024,10,3,0,3,No adjustment
SC-FUE-0012,2024,11,5,1,6,Critical part requirement
SC-FUE-0012,2024,12,6,-1,5,Inventory consideration
SC-FUE-0013,2020,1,11,0,11,No adjustment
SC-FUE-0013,2020,2,0,0,0,Inventory consideration
SC-FUE-0013,2020,3,14,-3,11,Inventory consideration
SC-FUE-0013,2020,4,0,0,0,Customer demand expectation
SC-FUE-0013,2020,5,0,0,0,Customer demand expectation
SC-FUE-0013,2020,6,17,-3,14,Customer demand expectation
SC-FUE-0013,2020,7,15,-4,11,Inventory consideration
SC-FUE-0013,2020,8,23,-3,20,Inventory consideration
SC-FUE-0013,2020,9,18,-8,10,Customer demand expectation
SC-FUE-0013,2020,10,17,0,17,
SC-FUE-0013,2020,11,8,-2,6,Customer demand expectation
SC-FUE-0013,2020,12,15,-5,10,Inventory consideration
SC-FUE-0013,2021,1,11,-2,9,Customer demand expectation
SC-FUE-0013,2021,2,11,0,11,No adjustment
SC-FUE-0013,2021,3,40,-4,36,Inventory consideration
SC-FUE-0013,2021,4,38,0,38,
SC-FUE-0013,2021,5,17,-6,11,Customer demand expectation
SC-FUE-0013,2021,6,23,9,32,Customer demand expectation
SC-FUE-0013,2021,7,49,0,49,No adjustment
SC-FUE-0013,2021,8,39,-13,26,Customer demand expectation
SC-FUE-0013,2021,9,23,-6,17,Customer demand expectation
SC-FUE-0013,2021,10,16,0,16,No adjustment
SC-FUE-0013,2021,11,0,0,0,Customer demand expectation
SC-FUE-0013,2021,12,40,0,40,No adjustment
SC-FUE-0013,2022,1,37,5,42,Customer demand expectation
SC-FUE-0013,2022,2,23,0,23,
SC-FUE-0013,2022,3,0,0,0,Inventory consideration
SC-FUE-0013,2022,4,29,0,29,
SC-FUE-0013,2022,5,32,-13,19,Inventory consideration
SC-FUE-0013,2022,6,6,0,6,
SC-FUE-0013,2022,7,14,-5,9,Inventory consideration
SC-FUE-0013,2022,8,11,-1,10,
SC-FUE-0013,2022,9,22,0,22,No adjustment
SC-FUE-0013,2022,10,2,0,2,Lead time consideration
SC-FUE-0013,2022,11,3,0,3,
SC-FUE-0013,2022,12,12,0,12,No adjustment
SC-FUE-0013,2023,1,13,0,13,No adjustment
SC-FUE-0013,2023,2,0,0,0,Customer demand expectation
SC-FUE-0013,2023,3,0,0,0,
SC-FUE-0013,2023,4,20,-6,14,Customer demand expectation
SC-FUE-0013,2023,5,14,0,14,
SC-FUE-0013,2023,6,38,4,42,Lead time consideration
SC-FUE-0013,2023,7,43,0,43,
SC-FUE-0013,2023,8,32,-6,26,Customer demand expectation
SC-FUE-0013,2023,9,1,0,1,Lead time consideration
SC-FUE-0013,2023,10,29,-9,20,Customer demand expectation
SC-FUE-0013,2023,11,30,8,38,Lead time consideration
SC-FUE-0013,2023,12,86,0,86,No adjustment
SC-FUE-0013,2024,1,56,0,56,
SC-FUE-0013,2024,2,35,-11,24,Inventory consideration
SC-FUE-0013,2024,3,39,8,47,Lead time consideration
SC-FUE-0013,2024,4,60,-19,41,
SC-FUE-0013,2024,5,29,-3,26,Inventory consideration
SC-FUE-0013,2024,6,0,0,0,Inventory consideration
SC-FUE-0013,2024,7,22,-4,18,Customer demand expectation
SC-FUE-0013,2024,8,12,-2,10,Inventory consideration
SC-FUE-0013,2024,9,0,0,0,Inventory consideration
SC-FUE-0013,2024,10,19,-2,17,Customer demand expectation
SC-FUE-0013,2024,11,17,-3,14,Inventory consideration
SC-FUE-0013,2024,12,14,-3,11,Inventory consideration
SC-SUS-0020,2020,1,1397,602,1999,Lead time consideration
SC-SUS-0020,2020,2,1463,0,1463,
SC-SUS-0020,2020,3,1169,0,1169,
SC-SUS-0020,2020,4,1414,-288,1126,Customer demand expectation
SC-SUS-0020,2020,5,1217,251,1468,Critical part requirement
SC-SUS-0020,2020,6,1253,0,1253,
SC-SUS-0020,2020,7,1792,601,2393,Critical part requirement
SC-SUS-0020,2020,8,2600,455,3055,Critical part requirement
SC-SUS-0020,2020,9,1635,0,1635,No adjustment
SC-SUS-0020,2020,10,1410,-466,944,Inventory consideration
SC-SUS-0020,2020,11,1325,230,1555,Lead time consideration
SC-SUS-0020,2020,12,1479,546,2025,Critical part requirement
SC-SUS-0020,2021,1,2065,0,2065,No adjustment
SC-SUS-0020,2021,2,1693,-343,1350,
SC-SUS-0020,2021,3,1531,0,1531,
SC-SUS-0020,2021,4,1628,436,2064,Lead time consideration
SC-SUS-0020,2021,5,1945,0,1945,
SC-SUS-0020,2021,6,1730,300,2030,Customer demand expectation
SC-SUS-0020,2021,7,2301,0,2301,No adjustment
SC-SUS-0020,2021,8,2905,0,2905,No adjustment
SC-SUS-0020,2021,9,1447,530,1977,Lead time consideration
SC-SUS-0020,2021,10,1452,579,2031,Lead time consideration
SC-SUS-0020,2021,11,1962,709,2671,Lead time consideration
SC-SUS-0020,2021,12,1668,-185,1483,Customer demand expectation
SC-SUS-0020,2022,1,1681,0,1681,No adjustment
SC-SUS-0020,2022,2,2205,0,2205,No adjustment
SC-SUS-0020,2022,3,2211,504,2715,Customer demand expectation
SC-SUS-0020,2022,4,1310,332,1642,Lead time consideration
SC-SUS-0020,2022,5,1741,458,2199,Critical part requirement
SC-SUS-0020,2022,6,1663,0,1663,
SC-SUS-0020,2022,7,2338,0,2338,
SC-SUS-0020,2022,8,2555,464,3019,Lead time consideration
SC-SUS-0020,2022,9,1392,0,1392,
SC-SUS-0020,2022,10,1296,142,1438,Customer demand expectation
SC-SUS-0020,2022,11,1884,704,2588,Lead time consideration
SC-SUS-0020,2022,12,1228,-175,1053,Inventory consideration
SC-SUS-0020,2023,1,2134,578,2712,Lead time consideration
SC-SUS-0020,2023,2,2641,846,3487,Lead time consideration
SC-SUS-0020,2023,3,2189,-258,1931,Inventory consideration
SC-SUS-0020,2023,4,2277,0,2277,
SC-SUS-0020,2023,5,2660,-1023,1637,
SC-SUS-0020,2023,6,2583,0,2583,
SC-SUS-0020,2023,7,2263,657,2920,Customer demand expectation
SC-SUS-0020,2023,8,2140,320,2460,Lead time consideration
SC-SUS-0020,2023,9,2962,726,3688,Critical part requirement
SC-SUS-0020,2023,10,2605,1169,3774,Customer demand expectation
SC-SUS-0020,2023,11,2679,1191,3870,Customer demand expectation
SC-SUS-0020,2023,12,2234,665,2899,Customer demand expectation
SC-SUS-0020,2024,1,1927,-221,1706,Inventory consideration
SC-SUS-0020,2024,2,1251,0,1251,No adjustment
SC-SUS-0020,2024,3,1395,0,1395,
SC-SUS-0020,2024,4,2091,0,2091,No adjustment
SC-SUS-0020,2024,5,2069,-743,1326,
SC-SUS-0020,2024,6,2313,0,2313,No adjustment
SC-SUS-0020,2024,7,2230,0,2230,
SC-SUS-0020,2024,8,3004,349,3353,Customer demand expectation
SC-SUS-0020,2024,9,2666,461,3127,Lead time consideration
SC-SUS-0020,2024,10,2482,-321,2161,Inventory consideration
SC-SUS-0020,2024,11,1845,0,1845,No adjustment
SC-SUS-0020,2024,12,2473,863,3336,
SC-FUE-0014,2020,1,10,-2,8,Inventory consideration
SC-FUE-0014,2020,2,9,-2,7,Inventory consideration
SC-FUE-0014,2020,3,7,1,8,Lead time consideration
SC-FUE-0014,2020,4,36,-15,21,Customer demand expectation
SC-FUE-0014,2020,5,26,0,26,
SC-FUE-0014,2020,6,8,0,8,No adjustment
SC-FUE-0014,2020,7,33,15,48,Customer demand expectation
SC-FUE-0014,2020,8,12,-4,8,Inventory consideration
SC-FUE-0014,2020,9,31,0,31,
SC-FUE-0014,2020,10,24,-5,19,Inventory consideration
SC-FUE-0014,2020,11,6,-2,4,Customer demand expectation
SC-FUE-0014,2020,12,2,0,2,No adjustment
SC-FUE-0014,2021,1,26,-3,23,Customer demand expectation
SC-FUE-0014,2021,2,27,0,27,No adjustment
SC-FUE-0014,2021,3,45,-5,40,Customer demand expectation
SC-FUE-0014,2021,4,55,-10,45,Customer demand expectation
SC-FUE-0014,2021,5,22,-4,18,Inventory consideration
SC-FUE-0014,2021,6,36,-9,27,
SC-FUE-0014,2021,7,41,-12,29,
SC-FUE-0014,2021,8,50,-13,37,Customer demand expectation
SC-FUE-0014,2021,9,47,-17,30,Customer demand expectation
SC-FUE-0014,2021,10,81,-23,58,Customer demand expectation
SC-FUE-0014,2021,11,44,-12,32,Customer demand expectation
SC-FUE-0014,2021,12,26,0,26,
SC-FUE-0014,2022,1,45,5,50,Customer demand expectation
SC-FUE-0014,2022,2,37,0,37,
SC-FUE-0014,2022,3,41,-12,29,Inventory consideration
SC-FUE-0014,2022,4,23,-8,15,Inventory consideration
SC-FUE-0014,2022,5,27,0,27,
SC-FUE-0014,2022,6,2,-1,1,
SC-FUE-0014,2022,7,26,7,33,Critical part requirement
SC-FUE-0014,2022,8,22,-5,17,Customer demand expectation
SC-FUE-0014,2022,9,14,-2,12,Customer demand expectation
SC-FUE-0014,2022,10,29,-6,23,Inventory consideration
SC-FUE-0014,2022,11,12,-5,7,Inventory consideration
SC-FUE-0014,2022,12,0,0,0,Inventory consideration
SC-FUE-0014,2023,1,8,-1,7,Customer demand expectation
SC-FUE-0014,2023,2,47,0,47,
SC-FUE-0014,2023,3,48,-12,36,Customer demand expectation
SC-FUE-0014,2023,4,23,-4,19,Inventory consideration
SC-FUE-0014,2023,5,52,-8,44,Customer demand expectation
SC-FUE-0014,2023,6,20,-2,18,Customer demand expectation
SC-FUE-0014,2023,7,58,-10,48,Inventory consideration
SC-FUE-0014,2023,8,16,4,20,Lead time consideration
SC-FUE-0014,2023,9,23,-4,19,Inventory consideration
SC-FUE-0014,2023,10,27,-3,24,Customer demand expectation
SC-FUE-0014,2023,11,70,-28,42,Customer demand expectation
SC-FUE-0014,2023,12,63,-22,41,
SC-FUE-0014,2024,1,26,-6,20,Customer demand expectation
SC-FUE-0014,2024,2,39,-4,35,Inventory consideration
SC-FUE-0014,2024,3,24,6,30,Critical part requirement
SC-FUE-0014,2024,4,8,0,8,No adjustment
SC-FUE-0014,2024,5,57,-10,47,Inventory consideration
SC-FUE-0014,2024,6,0,0,0,Inventory consideration
SC-FUE-0014,2024,7,15,0,15,
SC-FUE-0014,2024,8,49,-14,35,Inventory consideration
SC-FUE-0014,2024,9,13,-2,11,Customer demand expectation
SC-FUE-0014,2024,10,23,0,23,No adjustment
SC-FUE-0014,2024,11,42,0,42,
SC-FUE-0014,2024,12,21,-4,17,Customer demand expectation
SC-ELC-0010,2020,1,443,-56,387,Customer demand expectation
SC-ELC-0010,2020,2,530,228,758,Customer demand expectation
SC-ELC-0010,2020,3,610,0,610,No adjustment
SC-ELC-0010,2020,4,616,68,684,Lead time consideration
SC-ELC-0010,2020,5,755,-162,593,Inventory consideration
SC-ELC-0010,2020,6,746,253,999,Lead time consideration
SC-ELC-0010,2020,7,809,175,984,Critical part requirement
SC-ELC-0010,2020,8,1075,419,1494,Customer demand expectation
SC-ELC-0010,2020,9,874,228,1102,Critical part requirement
SC-ELC-0010,2020,10,844,-232,612,
SC-ELC-0010,2020,11,817,367,1184,Customer demand expectation
SC-ELC-0010,2020,12,668,-150,518,Customer demand expectation
SC-ELC-0010,2021,1,1047,-461,586,Customer demand expectation
SC-ELC-0010,2021,2,1107,289,1396,
SC-ELC-0010,2021,3,735,121,856,Customer demand expectation
SC-ELC-0010,2021,4,659,-183,476,Customer demand expectation
SC-ELC-0010,2021,5,485,156,641,Customer demand expectation
SC-ELC-0010,2021,6,719,0,719,
SC-ELC-0010,2021,7,764,308,1072,Lead time consideration
SC-ELC-0010,2021,8,1067,285,1352,Critical part requirement
SC-ELC-0010,2021,9,932,258,1190,Critical part requirement
SC-ELC-0010,2021,10,1018,193,1211,Critical part requirement
SC-ELC-0010,2021,11,1230,403,1633,Customer demand expectation
SC-ELC-0010,2021,12,926,-413,513,Inventory consideration
SC-ELC-0010,2022,1,967,282,1249,Critical part requirement
SC-ELC-0010,2022,2,1136,0,1136,
SC-ELC-0010,2022,3,928,391,1319,Customer demand expectation
SC-ELC-0010,2022,4,1034,0,1034,No adjustment
SC-ELC-0010,2022,5,750,0,750,
SC-ELC-0010,2022,6,1100,176,1276,Critical part requirement
SC-ELC-0010,2022,7,868,185,1053,Lead time consideration
SC-ELC-0010,2022,8,1219,-181,1038,
SC-ELC-0010,2022,9,1134,0,1134,
SC-ELC-0010,2022,10,1095,0,1095,
SC-ELC-0010,2022,11,1464,351,1815,Customer demand expectation
SC-ELC-0010,2022,12,1395,178,1573,Critical part requirement
SC-ELC-0010,2023,1,1071,-110,961,Customer demand expectation
SC-ELC-0010,2023,2,1082,-213,869,Inventory consideration
SC-ELC-0010,2023,3,617,0,617,No adjustment
SC-ELC-0010,2023,4,767,100,867,Customer demand expectation
SC-ELC-0010,2023,5,857,160,1017,Customer demand expectation
SC-ELC-0010,2023,6,809,0,809,
SC-ELC-0010,2023,7,913,381,1294,Customer demand expectation
SC-ELC-0010,2023,8,1101,0,1101,No adjustment
SC-ELC-0010,2023,9,1037,0,1037,No adjustment
SC-ELC-0010,2023,10,725,322,1047,Customer demand expectation
SC-ELC-0010,2023,11,1066,0,1066,No adjustment
SC-ELC-0010,2023,12,1272,552,1824,Customer demand expectation
SC-ELC-0010,2024,1,1784,0,1784,
SC-ELC-0010,2024,2,899,354,1253,Critical part requirement
SC-ELC-0010,2024,3,576,248,824,Customer demand expectation
SC-ELC-0010,2024,4,1169,365,1534,Critical part requirement
SC-ELC-0010,2024,5,1002,424,1426,Lead time consideration
SC-ELC-0010,2024,6,1098,157,1255,Customer demand expectation
SC-ELC-0010,2024,7,1144,335,1479,Critical part requirement
SC-ELC-0010,2024,8,1575,-355,1220,Customer demand expectation
SC-ELC-0010,2024,9,1612,-447,1165,Inventory consideration
SC-ELC-0010,2024,10,1238,-434,804,Inventory consideration
SC-ELC-0010,2024,11,1031,0,1031,
SC-ELC-0010,2024,12,1239,-157,1082,Customer demand expectation
SC-ENG-0015,2020,1,0,0,0,No adjustment
SC-ENG-0015,2020,2,1,0,1,Inventory consideration
SC-ENG-0015,2020,3,0,0,0,
SC-ENG-0015,2020,4,3,-1,2,Customer demand expectation
SC-ENG-0015,2020,5,0,0,0,
SC-ENG-0015,2020,6,2,-1,1,Customer demand expectation
SC-ENG-0015,2020,7,1,0,1,
SC-ENG-0015,2020,8,2,1,3,Lead time consideration
SC-ENG-0015,2020,9,2,0,2,No adjustment
SC-ENG-0015,2020,10,1,0,1,Inventory consideration
SC-ENG-0015,2020,11,0,0,0,Lead time consideration
SC-ENG-0015,2020,12,1,0,1,Inventory consideration
SC-ENG-0015,2021,1,1,0,1,Lead time consideration
SC-ENG-0015,2021,2,0,0,0,Customer demand expectation
SC-ENG-0015,2021,3,6,-2,4,Customer demand expectation
SC-ENG-0015,2021,4,5,1,6,Lead time consideration
SC-ENG-0015,2021,5,2,-1,1,Customer demand expectation
SC-ENG-0015,2021,6,0,0,0,
SC-ENG-0015,2021,7,5,-1,4,Customer demand expectation
SC-ENG-0015,2021,8,0,0,0,Customer demand expectation
SC-ENG-0015,2021,9,2,0,2,Critical part requirement
SC-ENG-0015,2021,10,5,1,6,Lead time consideration
SC-ENG-0015,2021,11,0,0,0,Inventory consideration
SC-ENG-0015,2021,12,10,-2,8,Inventory consideration
SC-ENG-0015,2022,1,8,0,8,No adjustment
SC-ENG-0015,2022,2,4,1,5,Critical part requirement
SC-ENG-0015,2022,3,5,2,7,Customer demand expectation
SC-ENG-0015,2022,4,4,-1,3,Inventory consideration
SC-ENG-0015,2022,5,5,0,5,
SC-ENG-0015,2022,6,6,-2,4,Inventory consideration
SC-ENG-0015,2022,7,3,0,3,
SC-ENG-0015,2022,8,9,-3,6,Inventory consideration
SC-ENG-0015,2022,9,4,0,4,No adjustment
SC-ENG-0015,2022,10,4,1,5,Customer demand expectation
SC-ENG-0015,2022,11,1,0,1,Inventory consideration
SC-ENG-0015,2022,12,3,0,3,
SC-ENG-0015,2023,1,0,0,0,Inventory consideration
SC-ENG-0015,2023,2,7,0,7,
SC-ENG-0015,2023,3,6,-2,4,Inventory consideration
SC-ENG-0015,2023,4,5,0,5,No adjustment
SC-ENG-0015,2023,5,10,-2,8,Inventory consideration
SC-ENG-0015,2023,6,5,-2,3,Customer demand expectation
SC-ENG-0015,2023,7,4,-1,3,Inventory consideration
SC-ENG-0015,2023,8,1,0,1,No adjustment
SC-ENG-0015,2023,9,5,0,5,
SC-ENG-0015,2023,10,6,-2,4,Inventory consideration
SC-ENG-0015,2023,11,5,-2,3,Inventory consideration
SC-ENG-0015,2023,12,1,0,1,Inventory consideration
SC-ENG-0015,2024,1,8,-1,7,Inventory consideration
SC-ENG-0015,2024,2,4,0,4,
SC-ENG-0015,2024,3,6,-1,5,Customer demand expectation
SC-ENG-0015,2024,4,0,0,0,Customer demand expectation
SC-ENG-0015,2024,5,4,-1,3,Customer demand expectation
SC-ENG-0015,2024,6,2,0,2,Inventory consideration
SC-ENG-0015,2024,7,2,0,2,Inventory consideration
SC-ENG-0015,2024,8,7,-2,5,Customer demand expectation
SC-ENG-0015,2024,9,9,-4,5,Inventory consideration
SC-ENG-0015,2024,10,0,0,0,
SC-ENG-0015,2024,11,5,0,5,No adjustment
SC-ENG-0015,2024,12,6,0,6,
SC-FLT-0012,2020,1,45,-19,26,Inventory consideration
SC-FLT-0012,2020,2,70,-17,53,Customer demand expectation
SC-FLT-0012,2020,3,58,0,58,No adjustment
SC-FLT-0012,2020,4,59,0,59,
SC-FLT-0012,2020,5,34,0,34,
SC-FLT-0012,2020,6,86,-28,58,Inventory consideration
SC-FLT-0012,2020,7,85,0,85,No adjustment
SC-FLT-0012,2020,8,43,-15,28,Inventory consideration
SC-FLT-0012,2020,9,76,0,76,No adjustment
SC-FLT-0012,2020,10,90,-12,78,Inventory consideration
SC-FLT-0012,2020,11,106,-19,87,Customer demand expectation
SC-FLT-0012,2020,12,92,-30,62,Inventory consideration
SC-FLT-0012,2021,1,60,-11,49,Customer demand expectation
SC-FLT-0012,2021,2,7,-1,6,Inventory consideration
SC-FLT-0012,2021,3,20,-8,12,Inventory consideration
SC-FLT-0012,2021,4,185,-44,141,Customer demand expectation
SC-FLT-0012,2021,5,94,-20,74,Inventory consideration
SC-FLT-0012,2021,6,118,-26,92,Customer demand expectation
SC-FLT-0012,2021,7,46,-19,27,Inventory consideration
SC-FLT-0012,2021,8,120,-14,106,Inventory consideration
SC-FLT-0012,2021,9,232,-27,205,Inventory consideration
SC-FLT-0012,2021,10,277,34,311,Critical part requirement
SC-FLT-0012,2021,11,98,-41,57,Customer demand expectation
SC-FLT-0012,2021,12,125,21,146,Customer demand expectation
SC-FLT-0012,2022,1,177,0,177,
SC-FLT-0012,2022,2,106,-14,92,Inventory consideration
SC-FLT-0012,2022,3,0,0,0,Customer demand expectation
SC-FLT-0012,2022,4,105,-27,78,Customer demand expectation
SC-FLT-0012,2022,5,75,-16,59,Inventory consideration
SC-FLT-0012,2022,6,178,0,178,
SC-FLT-0012,2022,7,111,47,158,
SC-FLT-0012,2022,8,257,-79,178,Customer demand expectation
SC-FLT-0012,2022,9,119,-47,72,Customer demand expectation
SC-FLT-0012,2022,10,123,-33,90,Customer demand expectation
SC-FLT-0012,2022,11,0,0,0,Customer demand expectation
SC-FLT-0012,2022,12,146,32,178,Lead time consideration
SC-FLT-0012,2023,1,93,-11,82,
SC-FLT-0012,2023,2,0,0,0,Critical part requirement
SC-FLT-0012,2023,3,131,0,131,
SC-FLT-0012,2023,4,177,-48,129,Inventory consideration
SC-FLT-0012,2023,5,18,-6,12,Inventory consideration
SC-FLT-0012,2023,6,118,-24,94,Customer demand expectation
SC-FLT-0012,2023,7,69,-20,49,Inventory consideration
SC-FLT-0012,2023,8,140,-31,109,Customer demand expectation
SC-FLT-0012,2023,9,26,0,26,No adjustment
SC-FLT-0012,2023,10,74,-12,62,Inventory consideration
SC-FLT-0012,2023,11,163,-72,91,Inventory consideration
SC-FLT-0012,2023,12,96,-23,73,Inventory consideration
SC-FLT-0012,2024,1,63,-22,41,Customer demand expectation
SC-FLT-0012,2024,2,200,0,200,
SC-FLT-0012,2024,3,64,22,86,Customer demand expectation
SC-FLT-0012,2024,4,33,-7,26,Customer demand expectation
SC-FLT-0012,2024,5,100,-26,74,Inventory consideration
SC-FLT-0012,2024,6,68,-16,52,Customer demand expectation
SC-FLT-0012,2024,7,138,-31,107,Inventory consideration
SC-FLT-0012,2024,8,193,-33,160,Inventory consideration
SC-FLT-0012,2024,9,229,-28,201,Customer demand expectation
SC-FLT-0012,2024,10,201,-81,120,Customer demand expectation
SC-FLT-0012,2024,11,214,0,214,
SC-FLT-0012,2024,12,379,159,538,Lead time consideration
SC-ELC-0011,2020,1,1747,-306,1441,Customer demand expectation
SC-ELC-0011,2020,2,1109,438,1547,Critical part requirement
SC-ELC-0011,2020,3,1430,382,1812,Lead time consideration
SC-ELC-0011,2020,4,1857,0,1857,
SC-ELC-0011,2020,5,1723,0,1723,
SC-ELC-0011,2020,6,1670,661,2331,Critical part requirement
SC-ELC-0011,2020,7,1928,-405,1523,Inventory consideration
SC-ELC-0011,2020,8,2080,-762,1318,Inventory consideration
SC-ELC-0011,2020,9,2059,0,2059,No adjustment
SC-ELC-0011,2020,10,1681,421,2102,Critical part requirement
SC-ELC-0011,2020,11,1950,-725,1225,Inventory consideration
SC-ELC-0011,2020,12,1774,537,2311,Critical part requirement
SC-ELC-0011,2021,1,2116,275,2391,Customer demand expectation
SC-ELC-0011,2021,2,2139,516,2655,Critical part requirement
SC-ELC-0011,2021,3,1817,576,2393,Lead time consideration
SC-ELC-0011,2021,4,2110,0,2110,No adjustment
SC-ELC-0011,2021,5,2055,0,2055,No adjustment
SC-ELC-0011,2021,6,1859,0,1859,
SC-ELC-0011,2021,7,2599,1025,3624,Customer demand expectation
SC-ELC-0011,2021,8,2010,638,2648,Critical part requirement
SC-ELC-0011,2021,9,2760,-373,2387,
SC-ELC-0011,2021,10,2043,0,2043,
SC-ELC-0011,2021,11,1819,-627,1192,
SC-ELC-0011,2021,12,2104,-616,1488,Inventory consideration
SC-ELC-0011,2022,1,3306,0,3306,
SC-ELC-0011,2022,2,2620,0,2620,
SC-ELC-0011,2022,3,1965,0,1965,
SC-ELC-0011,2022,4,3401,1444,4845,Lead time consideration
SC-ELC-0011,2022,5,2315,850,3165,Critical part requirement
SC-ELC-0011,2022,6,2335,0,2335,No adjustment
SC-ELC-0011,2022,7,2359,-832,1527,Customer demand expectation
SC-ELC-0011,2022,8,1903,0,1903,No adjustment
SC-ELC-0011,2022,9,1697,737,2434,Lead time consideration
SC-ELC-0011,2022,10,2251,0,2251,No adjustment
SC-ELC-0011,2022,11,2192,0,2192,No adjustment
SC-ELC-0011,2022,12,2338,730,3068,Lead time consideration
SC-ELC-0011,2023,1,2705,799,3504,Customer demand expectation
SC-ELC-0011,2023,2,2586,662,3248,Lead time consideration
SC-ELC-0011,2023,3,2625,0,2625,
SC-ELC-0011,2023,4,3233,853,4086,Critical part requirement
SC-ELC-0011,2023,5,2540,0,2540,No adjustment
SC-ELC-0011,2023,6,1792,601,2393,Critical part requirement
SC-ELC-0011,2023,7,2734,1078,3812,Lead time consideration
SC-ELC-0011,2023,8,2663,0,2663,
SC-ELC-0011,2023,9,2355,1004,3359,Lead time consideration
SC-ELC-0011,2023,10,2641,963,3604,Lead time consideration
SC-ELC-0011,2023,11,1903,682,2585,Customer demand expectation
SC-ELC-0011,2023,12,2812,731,3543,
SC-ELC-0011,2024,1,2146,0,2146,No adjustment
SC-ELC-0011,2024,2,2155,946,3101,Customer demand expectation
SC-ELC-0011,2024,3,2616,838,3454,
SC-ELC-0011,2024,4,2313,834,3147,Critical part requirement
SC-ELC-0011,2024,5,3019,1059,4078,Customer demand expectation
SC-ELC-0011,2024,6,2865,-489,2376,Customer demand expectation
SC-ELC-0011,2024,7,1846,-332,1514,Customer demand expectation
SC-ELC-0011,2024,8,1955,-765,1190,Customer demand expectation
SC-ELC-0011,2024,9,2620,-544,2076,Inventory consideration
SC-ELC-0011,2024,10,2645,749,3394,Critical part requirement
SC-ELC-0011,2024,11,2330,487,2817,Customer demand expectation
SC-ELC-0011,2024,12,2115,744,2859,Customer demand expectation
SC-SUS-0021,2020,1,281,123,404,Critical part requirement
SC-SUS-0021,2020,2,380,-121,259,
SC-SUS-0021,2020,3,388,159,547,
SC-SUS-0021,2020,4,774,281,1055,
SC-SUS-0021,2020,5,443,95,538,Critical part requirement
SC-SUS-0021,2020,6,574,140,714,Lead time consideration
SC-SUS-0021,2020,7,588,199,787,Customer demand expectation
SC-SUS-0021,2020,8,555,65,620,Lead time consideration
SC-SUS-0021,2020,9,354,0,354,No adjustment
SC-SUS-0021,2020,10,657,211,868,Lead time consideration
SC-SUS-0021,2020,11,738,-300,438,Customer demand expectation
SC-SUS-0021,2020,12,387,-89,298,Customer demand expectation
SC-SUS-0021,2021,1,531,178,709,
SC-SUS-0021,2021,2,662,0,662,
SC-SUS-0021,2021,3,576,-88,488,Customer demand expectation
SC-SUS-0021,2021,4,459,0,459,
SC-SUS-0021,2021,5,627,259,886,Critical part requirement
SC-SUS-0021,2021,6,684,0,684,
SC-SUS-0021,2021,7,625,232,857,
SC-SUS-0021,2021,8,843,0,843,
SC-SUS-0021,2021,9,581,258,839,Customer demand expectation
SC-SUS-0021,2021,10,294,0,294,
SC-SUS-0021,2021,11,958,-324,634,Customer demand expectation
SC-SUS-0021,2021,12,1076,-386,690,Customer demand expectation
SC-SUS-0021,2022,1,1235,377,1612,Critical part requirement
SC-SUS-0021,2022,2,573,122,695,Critical part requirement
SC-SUS-0021,2022,3,608,263,871,Customer demand expectation
SC-SUS-0021,2022,4,683,-248,435,Inventory consideration
SC-SUS-0021,2022,5,479,67,546,Customer demand expectation
SC-SUS-0021,2022,6,560,216,776,Lead time consideration
SC-SUS-0021,2022,7,537,85,622,Customer demand expectation
SC-SUS-0021,2022,8,512,-158,354,Inventory consideration
SC-SUS-0021,2022,9,574,0,574,No adjustment
SC-SUS-0021,2022,10,575,74,649,Customer demand expectation
SC-SUS-0021,2022,11,295,0,295,
SC-SUS-0021,2022,12,438,176,614,Customer demand expectation
SC-SUS-0021,2023,1,825,0,825,
SC-SUS-0021,2023,2,345,-70,275,Inventory consideration
SC-SUS-0021,2023,3,609,159,768,Critical part requirement
SC-SUS-0021,2023,4,727,-285,442,Customer demand expectation
SC-SUS-0021,2023,5,655,295,950,Customer demand expectation
SC-SUS-0021,2023,6,997,0,997,No adjustment
SC-SUS-0021,2023,7,653,138,791,Lead time consideration
SC-SUS-0021,2023,8,454,0,454,
SC-SUS-0021,2023,9,497,71,568,Critical part requirement
SC-SUS-0021,2023,10,570,0,570,No adjustment
SC-SUS-0021,2023,11,832,0,832,
SC-SUS-0021,2023,12,616,0,616,No adjustment
SC-SUS-0021,2024,1,1458,0,1458,
SC-SUS-0021,2024,2,1512,0,1512,No adjustment
SC-SUS-0021,2024,3,660,83,743,Lead time consideration
SC-SUS-0021,2024,4,710,-150,560,Customer demand expectation
SC-SUS-0021,2024,5,583,0,583,
SC-SUS-0021,2024,6,410,-68,342,Inventory consideration
SC-SUS-0021,2024,7,691,196,887,Customer demand expectation
SC-SUS-0021,2024,8,422,0,422,
SC-SUS-0021,2024,9,331,121,452,Lead time consideration
SC-SUS-0021,2024,10,959,-391,568,Customer demand expectation
SC-SUS-0021,2024,11,624,-141,483,Customer demand expectation
SC-SUS-0021,2024,12,599,-70,529,Customer demand expectation
SC-TWA-0011,2020,1,31,9,40,Lead time consideration
SC-TWA-0011,2020,2,76,0,76,
SC-TWA-0011,2020,3,54,-14,40,Inventory consideration
SC-TWA-0011,2020,4,27,0,27,
SC-TWA-0011,2020,5,112,0,112,No adjustment
SC-TWA-0011,2020,6,85,0,85,No adjustment
SC-TWA-0011,2020,7,123,0,123,
SC-TWA-0011,2020,8,121,15,136,Lead time consideration
SC-TWA-0011,2020,9,152,-67,85,Inventory consideration
SC-TWA-0011,2020,10,133,-45,88,Inventory consideration
SC-TWA-0011,2020,11,114,-41,73,Inventory consideration
SC-TWA-0011,2020,12,46,0,46,
SC-TWA-0011,2021,1,112,41,153,Customer demand expectation
SC-TWA-0011,2021,2,122,-45,77,Customer demand expectation
SC-TWA-0011,2021,3,111,0,111,
SC-TWA-0011,2021,4,119,-39,80,Inventory consideration
SC-TWA-0011,2021,5,143,-43,100,Inventory consideration
SC-TWA-0011,2021,6,266,-111,155,Inventory consideration
SC-TWA-0011,2021,7,89,-38,51,Inventory consideration
SC-TWA-0011,2021,8,153,-26,127,Inventory consideration
SC-TWA-0011,2021,9,108,-24,84,Customer demand expectation
SC-TWA-0011,2021,10,82,0,82,No adjustment
SC-TWA-0011,2021,11,61,-16,45,Customer demand expectation
SC-TWA-0011,2021,12,113,0,113,
SC-TWA-0011,2022,1,95,-28,67,Inventory consideration
SC-TWA-0011,2022,2,129,-16,113,Inventory consideration
SC-TWA-0011,2022,3,111,22,133,Customer demand expectation
SC-TWA-0011,2022,4,36,-8,28,Inventory consideration
SC-TWA-0011,2022,5,45,-12,33,Inventory consideration
SC-TWA-0011,2022,6,39,9,48,Critical part requirement
SC-TWA-0011,2022,7,46,0,46,
SC-TWA-0011,2022,8,136,-50,86,Customer demand expectation
SC-TWA-0011,2022,9,147,45,192,Critical part requirement
SC-TWA-0011,2022,10,42,0,42,No adjustment
SC-TWA-0011,2022,11,39,0,39,
SC-TWA-0011,2022,12,56,0,56,No adjustment
SC-TWA-0011,2023,1,121,-41,80,Inventory consideration
SC-TWA-0011,2023,2,51,-13,38,
SC-TWA-0011,2023,3,108,0,108,No adjustment
SC-TWA-0011,2023,4,95,0,95,
SC-TWA-0011,2023,5,96,-22,74,Inventory consideration
SC-TWA-0011,2023,6,136,0,136,
SC-TWA-0011,2023,7,120,-27,93,Customer demand expectation
SC-TWA-0011,2023,8,0,0,0,
SC-TWA-0011,2023,9,67,-12,55,Inventory consideration
SC-TWA-0011,2023,10,110,-23,87,Customer demand expectation
SC-TWA-0011,2023,11,80,-25,55,Inventory consideration
SC-TWA-0011,2023,12,84,27,111,Lead time consideration
SC-TWA-0011,2024,1,72,9,81,Lead time consideration
SC-TWA-0011,2024,2,99,37,136,Lead time consideration
SC-TWA-0011,2024,3,0,0,0,
SC-TWA-0011,2024,4,126,-40,86,Customer demand expectation
SC-TWA-0011,2024,5,37,-14,23,Customer demand expectation
SC-TWA-0011,2024,6,64,7,71,Customer demand expectation
SC-TWA-0011,2024,7,155,-53,102,
SC-TWA-0011,2024,8,64,0,64,No adjustment
SC-TWA-0011,2024,9,81,-36,45,Customer demand expectation
SC-TWA-0011,2024,10,134,-17,117,Customer demand expectation
SC-TWA-0011,2024,11,205,-58,147,
SC-TWA-0011,2024,12,153,0,153,
SC-TRN-0015,2020,1,1,0,1,
SC-TRN-0015,2020,2,0,0,0,Inventory consideration
SC-TRN-0015,2020,3,4,-1,3,Inventory consideration
SC-TRN-0015,2020,4,6,-2,4,Inventory consideration
SC-TRN-0015,2020,5,0,0,0,Critical part requirement
SC-TRN-0015,2020,6,2,-1,1,Customer demand expectation
SC-TRN-0015,2020,7,10,0,10,
SC-TRN-0015,2020,8,1,0,1,Customer demand expectation
SC-TRN-0015,2020,9,24,0,24,
SC-TRN-0015,2020,10,0,0,0,Inventory consideration
SC-TRN-0015,2020,11,20,-7,13,Customer demand expectation
SC-TRN-0015,2020,12,9,4,13,Lead time consideration
SC-TRN-0015,2021,1,9,-1,8,Inventory consideration
SC-TRN-0015,2021,2,12,-3,9,Customer demand expectation
SC-TRN-0015,2021,3,23,-3,20,Inventory consideration
SC-TRN-0015,2021,4,8,0,8,
SC-TRN-0015,2021,5,16,5,21,Lead time consideration
SC-TRN-0015,2021,6,11,-3,8,Customer demand expectation
SC-TRN-0015,2021,7,16,-2,14,Inventory consideration
SC-TRN-0015,2021,8,32,-6,26,Customer demand expectation
SC-TRN-0015,2021,9,5,-1,4,
SC-TRN-0015,2021,10,35,-13,22,Customer demand expectation
SC-TRN-0015,2021,11,27,11,38,Critical part requirement
SC-TRN-0015,2021,12,22,-3,19,
SC-TRN-0015,2022,1,6,-1,5,Customer demand expectation
SC-TRN-0015,2022,2,1,0,1,
SC-TRN-0015,2022,3,5,-1,4,Inventory consideration
SC-TRN-0015,2022,4,6,-1,5,Customer demand expectation
SC-TRN-0015,2022,5,11,-3,8,Customer demand expectation
SC-TRN-0015,2022,6,19,-3,16,Customer demand expectation
SC-TRN-0015,2022,7,25,6,31,Lead time consideration
SC-TRN-0015,2022,8,12,-1,11,Inventory consideration
SC-TRN-0015,2022,9,11,0,11,No adjustment
SC-TRN-0015,2022,10,7,0,7,
SC-TRN-0015,2022,11,7,-2,5,Inventory consideration
SC-TRN-0015,2022,12,19,-2,17,Inventory consideration
SC-TRN-0015,2023,1,11,-2,9,Inventory consideration
SC-TRN-0015,2023,2,16,0,16,No adjustment
SC-TRN-0015,2023,3,28,-7,21,Customer demand expectation
SC-TRN-0015,2023,4,0,0,0,Customer demand expectation
SC-TRN-0015,2023,5,23,-8,15,Customer demand expectation
SC-TRN-0015,2023,6,25,0,25,
SC-TRN-0015,2023,7,22,-9,13,Inventory consideration
SC-TRN-0015,2023,8,24,-8,16,Customer demand expectation
SC-TRN-0015,2023,9,16,2,18,Lead time consideration
SC-TRN-0015,2023,10,0,0,0,
SC-TRN-0015,2023,11,4,2,6,Critical part requirement
SC-TRN-0015,2023,12,34,-15,19,Inventory consideration
SC-TRN-0015,2024,1,15,0,15,
SC-TRN-0015,2024,2,28,-9,19,Customer demand expectation
SC-TRN-0015,2024,3,22,-7,15,Customer demand expectation
SC-TRN-0015,2024,4,21,5,26,
SC-TRN-0015,2024,5,16,-5,11,Inventory consideration
SC-TRN-0015,2024,6,8,0,8,
SC-TRN-0015,2024,7,12,0,12,No adjustment
SC-TRN-0015,2024,8,16,0,16,
SC-TRN-0015,2024,9,16,-5,11,Customer demand expectation
SC-TRN-0015,2024,10,0,0,0,Customer demand expectation
SC-TRN-0015,2024,11,23,5,28,Lead time consideration
SC-TRN-0015,2024,12,5,0,5,No adjustment
SC-BRK-0012,2020,1,442,146,588,Customer demand expectation
SC-BRK-0012,2020,2,404,-62,342,Inventory consideration
SC-BRK-0012,2020,3,525,72,597,Customer demand expectation
SC-BRK-0012,2020,4,636,204,840,Customer demand expectation
SC-BRK-0012,2020,5,833,97,930,Critical part requirement
SC-BRK-0012,2020,6,718,244,962,Lead time consideration
SC-BRK-0012,2020,7,1037,377,1414,Customer demand expectation
SC-BRK-0012,2020,8,246,-42,204,Customer demand expectation
SC-BRK-0012,2020,9,639,-89,550,Customer demand expectation
SC-BRK-0012,2020,10,503,214,717,Critical part requirement
SC-BRK-0012,2020,11,708,-225,483,Inventory consideration
SC-BRK-0012,2020,12,1382,-164,1218,Inventory consideration
SC-BRK-0012,2021,1,736,101,837,Customer demand expectation
SC-BRK-0012,2021,2,469,204,673,Lead time consideration
SC-BRK-0012,2021,3,818,196,1014,Lead time consideration
SC-BRK-0012,2021,4,434,-140,294,Inventory consideration
SC-BRK-0012,2021,5,283,0,283,No adjustment
SC-BRK-0012,2021,6,600,63,663,Customer demand expectation
SC-BRK-0012,2021,7,630,0,630,No adjustment
SC-BRK-0012,2021,8,403,124,527,Critical part requirement
SC-BRK-0012,2021,9,659,0,659,No adjustment
SC-BRK-0012,2021,10,578,-89,489,Customer demand expectation
SC-BRK-0012,2021,11,716,124,840,
SC-BRK-0012,2021,12,649,-158,491,Customer demand expectation
SC-BRK-0012,2022,1,347,147,494,Customer demand expectation
SC-BRK-0012,2022,2,300,97,397,Lead time consideration
SC-BRK-0012,2022,3,520,190,710,Lead time consideration
SC-BRK-0012,2022,4,480,191,671,Critical part requirement
SC-BRK-0012,2022,5,630,-174,456,Inventory consideration
SC-BRK-0012,2022,6,604,134,738,Customer demand expectation
SC-BRK-0012,2022,7,632,-143,489,Inventory consideration
SC-BRK-0012,2022,8,490,0,490,
SC-BRK-0012,2022,9,511,152,663,Lead time consideration
SC-BRK-0012,2022,10,740,99,839,Lead time consideration
SC-BRK-0012,2022,11,659,200,859,Customer demand expectation
SC-BRK-0012,2022,12,994,397,1391,Customer demand expectation
SC-BRK-0012,2023,1,450,188,638,
SC-BRK-0012,2023,2,505,0,505,No adjustment
SC-BRK-0012,2023,3,442,0,442,
SC-BRK-0012,2023,4,757,76,833,Customer demand expectation
SC-BRK-0012,2023,5,658,131,789,Lead time consideration
SC-BRK-0012,2023,6,495,-158,337,Customer demand expectation
SC-BRK-0012,2023,7,428,0,428,No adjustment
SC-BRK-0012,2023,8,733,191,924,Lead time consideration
SC-BRK-0012,2023,9,740,0,740,No adjustment
SC-BRK-0012,2023,10,845,0,845,
SC-BRK-0012,2023,11,497,0,497,No adjustment
SC-BRK-0012,2023,12,727,95,822,Customer demand expectation
SC-BRK-0012,2024,1,874,0,874,
SC-BRK-0012,2024,2,603,262,865,Customer demand expectation
SC-BRK-0012,2024,3,255,-37,218,Customer demand expectation
SC-BRK-0012,2024,4,717,-106,611,Inventory consideration
SC-BRK-0012,2024,5,512,90,602,Lead time consideration
SC-BRK-0012,2024,6,695,87,782,Lead time consideration
SC-BRK-0012,2024,7,704,0,704,No adjustment
SC-BRK-0012,2024,8,774,258,1032,Customer demand expectation
SC-BRK-0012,2024,9,1080,126,1206,Lead time consideration
SC-BRK-0012,2024,10,1276,0,1276,
SC-BRK-0012,2024,11,758,0,758,No adjustment
SC-BRK-0012,2024,12,486,0,486,No adjustment
SC-HYD-0014,2020,1,1155,0,1155,
SC-HYD-0014,2020,2,1724,0,1724,
SC-HYD-0014,2020,3,1759,788,2547,Customer demand expectation
SC-HYD-0014,2020,4,2524,846,3370,Lead time consideration
SC-HYD-0014,2020,5,2087,0,2087,
SC-HYD-0014,2020,6,2515,1109,3624,Customer demand expectation
SC-HYD-0014,2020,7,2267,-677,1590,Inventory consideration
SC-HYD-0014,2020,8,1920,0,1920,No adjustment
SC-HYD-0014,2020,9,1905,-383,1522,Customer demand expectation
SC-HYD-0014,2020,10,1550,-673,877,Customer demand expectation
SC-HYD-0014,2020,11,2533,0,2533,No adjustment
SC-HYD-0014,2020,12,2695,-416,2279,Customer demand expectation
SC-HYD-0014,2021,1,2553,-783,1770,Customer demand expectation
SC-HYD-0014,2021,2,2875,1066,3941,Customer demand expectation
SC-HYD-0014,2021,3,2564,431,2995,Customer demand expectation
SC-HYD-0014,2021,4,2102,0,2102,No adjustment
SC-HYD-0014,2021,5,3415,-1260,2155,Customer demand expectation
SC-HYD-0014,2021,6,2098,428,2526,Customer demand expectation
SC-HYD-0014,2021,7,2628,0,2628,No adjustment
SC-HYD-0014,2021,8,1886,0,1886,No adjustment
SC-HYD-0014,2021,9,2746,1192,3938,Customer demand expectation
SC-HYD-0014,2021,10,2420,633,3053,Customer demand expectation
SC-HYD-0014,2021,11,2265,714,2979,Critical part requirement
SC-HYD-0014,2021,12,2215,354,2569,Customer demand expectation
SC-HYD-0014,2022,1,2376,0,2376,
SC-HYD-0014,2022,2,2513,493,3006,Customer demand expectation
SC-HYD-0014,2022,3,2161,0,2161,
SC-HYD-0014,2022,4,2103,0,2103,No adjustment
SC-HYD-0014,2022,5,2079,0,2079,
SC-HYD-0014,2022,6,2019,242,2261,Critical part requirement
SC-HYD-0014,2022,7,3059,0,3059,
SC-HYD-0014,2022,8,3499,780,4279,Critical part requirement
SC-HYD-0014,2022,9,3191,660,3851,Critical part requirement
SC-HYD-0014,2022,10,1999,0,1999,No adjustment
SC-HYD-0014,2022,11,3252,0,3252,
SC-HYD-0014,2022,12,4606,2065,6671,Customer demand expectation
SC-HYD-0014,2023,1,3137,-482,2655,Customer demand expectation
SC-HYD-0014,2023,2,2786,879,3665,Critical part requirement
SC-HYD-0014,2023,3,2514,0,2514,
SC-HYD-0014,2023,4,2339,-375,1964,Customer demand expectation
SC-HYD-0014,2023,5,2823,-460,2363,Inventory consideration
SC-HYD-0014,2023,6,4405,-1471,2934,Customer demand expectation
SC-HYD-0014,2023,7,4057,1377,5434,
SC-HYD-0014,2023,8,3705,-794,2911,Inventory consideration
SC-HYD-0014,2023,9,3479,732,4211,Customer demand expectation
SC-HYD-0014,2023,10,2989,-855,2134,Customer demand expectation
SC-HYD-0014,2023,11,2549,-670,1879,Customer demand expectation
SC-HYD-0014,2023,12,2667,-453,2214,Inventory consideration
SC-HYD-0014,2024,1,3310,0,3310,
SC-HYD-0014,2024,2,2422,698,3120,Critical part requirement
SC-HYD-0014,2024,3,3359,0,3359,No adjustment
SC-HYD-0014,2024,4,2322,543,2865,Customer demand expectation
SC-HYD-0014,2024,5,3583,0,3583,No adjustment
SC-HYD-0014,2024,6,3386,-649,2737,Customer demand expectation
SC-HYD-0014,2024,7,3235,-1207,2028,Customer demand expectation
SC-HYD-0014,2024,8,3395,0,3395,
SC-HYD-0014,2024,9,2907,337,3244,Customer demand expectation
SC-HYD-0014,2024,10,3137,0,3137,
SC-HYD-0014,2024,11,2531,0,2531,No adjustment
SC-HYD-0014,2024,12,2022,0,2022,No adjustment
SC-TWA-0012,2020,1,1,0,1,
SC-TWA-0012,2020,2,9,0,9,
SC-TWA-0012,2020,3,8,1,9,Customer demand expectation
SC-TWA-0012,2020,4,18,0,18,
SC-TWA-0012,2020,5,0,0,0,Lead time consideration
SC-TWA-0012,2020,6,5,-1,4,Inventory consideration
SC-TWA-0012,2020,7,9,4,13,Customer demand expectation
SC-TWA-0012,2020,8,0,0,0,Critical part requirement
SC-TWA-0012,2020,9,8,0,8,
SC-TWA-0012,2020,10,22,8,30,Critical part requirement
SC-TWA-0012,2020,11,21,2,23,Critical part requirement
SC-TWA-0012,2020,12,13,0,13,
SC-TWA-0012,2021,1,9,3,12,Lead time consideration
SC-TWA-0012,2021,2,5,2,7,Customer demand expectation
SC-TWA-0012,2021,3,12,3,15,Critical part requirement
SC-TWA-0012,2021,4,30,10,40,Critical part requirement
SC-TWA-0012,2021,5,16,6,22,Lead time consideration
SC-TWA-0012,2021,6,19,-7,12,Customer demand expectation
SC-TWA-0012,2021,7,16,-4,12,Customer demand expectation
SC-TWA-0012,2021,8,13,0,13,No adjustment
SC-TWA-0012,2021,9,12,0,12,
SC-TWA-0012,2021,10,17,5,22,Critical part requirement
SC-TWA-0012,2021,11,26,-4,22,Customer demand expectation
SC-TWA-0012,2021,12,15,4,19,Lead time consideration
SC-TWA-0012,2022,1,0,0,0,Critical part requirement
SC-TWA-0012,2022,2,10,2,12,Lead time consideration
SC-TWA-0012,2022,3,14,4,18,Critical part requirement
SC-TWA-0012,2022,4,14,-5,9,Inventory consideration
SC-TWA-0012,2022,5,0,0,0,No adjustment
SC-TWA-0012,2022,6,14,-5,9,Inventory consideration
SC-TWA-0012,2022,7,45,0,45,No adjustment
SC-TWA-0012,2022,8,51,-18,33,Customer demand expectation
SC-TWA-0012,2022,9,0,0,0,Critical part requirement
SC-TWA-0012,2022,10,55,14,69,Lead time consideration
SC-TWA-0012,2022,11,32,0,32,No adjustment
SC-TWA-0012,2022,12,63,19,82,Critical part requirement
SC-TWA-0012,2023,1,59,14,73,Critical part requirement
SC-TWA-0012,2023,2,49,0,49,
SC-TWA-0012,2023,3,56,7,63,Customer demand expectation
SC-TWA-0012,2023,4,21,5,26,Customer demand expectation
SC-TWA-0012,2023,5,13,2,15,Lead time consideration
SC-TWA-0012,2023,6,13,2,15,Critical part requirement
SC-TWA-0012,2023,7,18,0,18,
SC-TWA-0012,2023,8,17,2,19,Lead time consideration
SC-TWA-0012,2023,9,31,4,35,Lead time consideration
SC-TWA-0012,2023,10,15,2,17,Critical part requirement
SC-TWA-0012,2023,11,30,-4,26,Inventory consideration
SC-TWA-0012,2023,12,35,11,46,Critical part requirement
SC-TWA-0012,2024,1,15,0,15,No adjustment
SC-TWA-0012,2024,2,14,3,17,Lead time consideration
SC-TWA-0012,2024,3,27,9,36,Critical part requirement
SC-TWA-0012,2024,4,26,0,26,
SC-TWA-0012,2024,5,44,0,44,
SC-TWA-0012,2024,6,34,0,34,No adjustment
SC-TWA-0012,2024,7,26,5,31,Customer demand expectation
SC-TWA-0012,2024,8,35,0,35,No adjustment
SC-TWA-0012,2024,9,41,0,41,No adjustment
SC-TWA-0012,2024,10,7,0,7,
SC-TWA-0012,2024,11,57,24,81,Customer demand expectation
SC-TWA-0012,2024,12,27,12,39,Customer demand expectation
SC-TRN-0016,2020,1,110,0,110,
SC-TRN-0016,2020,2,108,-16,92,
SC-TRN-0016,2020,3,27,9,36,Lead time consideration
SC-TRN-0016,2020,4,87,-14,73,Customer demand expectation
SC-TRN-0016,2020,5,104,29,133,Lead time consideration
SC-TRN-0016,2020,6,82,-9,73,Customer demand expectation
SC-TRN-0016,2020,7,98,36,134,
SC-TRN-0016,2020,8,236,103,339,Lead time consideration
SC-TRN-0016,2020,9,135,24,159,Customer demand expectation
SC-TRN-0016,2020,10,230,0,230,
SC-TRN-0016,2020,11,214,0,214,No adjustment
SC-TRN-0016,2020,12,199,87,286,Customer demand expectation
SC-TRN-0016,2021,1,220,0,220,No adjustment
SC-TRN-0016,2021,2,109,44,153,Lead time consideration
SC-TRN-0016,2021,3,157,28,185,Lead time consideration
SC-TRN-0016,2021,4,269,0,269,No adjustment
SC-TRN-0016,2021,5,246,0,246,No adjustment
SC-TRN-0016,2021,6,271,51,322,Critical part requirement
SC-TRN-0016,2021,7,264,114,378,Critical part requirement
SC-TRN-0016,2021,8,179,-21,158,Customer demand expectation
SC-TRN-0016,2021,9,63,0,63,No adjustment
SC-TRN-0016,2021,10,142,34,176,Critical part requirement
SC-TRN-0016,2021,11,188,60,248,Lead time consideration
SC-TRN-0016,2021,12,127,41,168,Customer demand expectation
SC-TRN-0016,2022,1,226,71,297,Customer demand expectation
SC-TRN-0016,2022,2,230,0,230,No adjustment
SC-TRN-0016,2022,3,199,42,241,Critical part requirement
SC-TRN-0016,2022,4,224,59,283,Lead time consideration
SC-TRN-0016,2022,5,143,44,187,Lead time consideration
SC-TRN-0016,2022,6,165,74,239,Customer demand expectation
SC-TRN-0016,2022,7,243,40,283,Customer demand expectation
SC-TRN-0016,2022,8,240,0,240,
SC-TRN-0016,2022,9,165,-60,105,Inventory consideration
SC-TRN-0016,2022,10,152,41,193,Customer demand expectation
SC-TRN-0016,2022,11,179,59,238,Customer demand expectation
SC-TRN-0016,2022,12,256,38,294,Lead time consideration
SC-TRN-0016,2023,1,48,0,48,
SC-TRN-0016,2023,2,178,-79,99,Customer demand expectation
SC-TRN-0016,2023,3,192,32,224,Customer demand expectation
SC-TRN-0016,2023,4,99,0,99,
SC-TRN-0016,2023,5,141,16,157,Lead time consideration
SC-TRN-0016,2023,6,173,-47,126,Customer demand expectation
SC-TRN-0016,2023,7,152,0,152,
SC-TRN-0016,2023,8,160,-45,115,Inventory consideration
SC-TRN-0016,2023,9,239,32,271,Lead time consideration
SC-TRN-0016,2023,10,104,23,127,
SC-TRN-0016,2023,11,149,61,210,Critical part requirement
SC-TRN-0016,2023,12,112,17,129,Critical part requirement
SC-TRN-0016,2024,1,158,25,183,Customer demand expectation
SC-TRN-0016,2024,2,320,65,385,Critical part requirement
SC-TRN-0016,2024,3,123,50,173,Critical part requirement
SC-TRN-0016,2024,4,212,70,282,Customer demand expectation
SC-TRN-0016,2024,5,171,0,171,
SC-TRN-0016,2024,6,178,18,196,Lead time consideration
SC-TRN-0016,2024,7,175,-78,97,Customer demand expectation
SC-TRN-0016,2024,8,147,-36,111,Inventory consideration
SC-TRN-0016,2024,9,230,-74,156,Inventory consideration
SC-TRN-0016,2024,10,307,102,409,Critical part requirement
SC-TRN-0016,2024,11,165,-54,111,Inventory consideration
SC-TRN-0016,2024,12,266,108,374,Lead time consideration
SC-FUE-0015,2020,1,1590,-426,1164,Inventory consideration
SC-FUE-0015,2020,2,1361,0,1361,
SC-FUE-0015,2020,3,1140,380,1520,Customer demand expectation
SC-FUE-0015,2020,4,1761,776,2537,Lead time consideration
SC-FUE-0015,2020,5,2164,750,2914,Customer demand expectation
SC-FUE-0015,2020,6,1632,0,1632,
SC-FUE-0015,2020,7,1513,287,1800,Customer demand expectation
SC-FUE-0015,2020,8,1638,-665,973,
SC-FUE-0015,2020,9,1715,668,2383,Critical part requirement
SC-FUE-0015,2020,10,1792,0,1792,
SC-FUE-0015,2020,11,1615,0,1615,
SC-FUE-0015,2020,12,1648,-432,1216,Inventory consideration
SC-FUE-0015,2021,1,1758,0,1758,No adjustment
SC-FUE-0015,2021,2,2285,769,3054,Customer demand expectation
SC-FUE-0015,2021,3,1911,598,2509,Lead time consideration
SC-FUE-0015,2021,4,1749,679,2428,Customer demand expectation
SC-FUE-0015,2021,5,1678,753,2431,Critical part requirement
SC-FUE-0015,2021,6,2457,964,3421,Customer demand expectation
SC-FUE-0015,2021,7,2551,1118,3669,Customer demand expectation
SC-FUE-0015,2021,8,2105,740,2845,Customer demand expectation
SC-FUE-0015,2021,9,2390,0,2390,
SC-FUE-0015,2021,10,1401,389,1790,
SC-FUE-0015,2021,11,1787,0,1787,
SC-FUE-0015,2021,12,2019,0,2019,
SC-FUE-0015,2022,1,2006,0,2006,
SC-FUE-0015,2022,2,2947,955,3902,Customer demand expectation
SC-FUE-0015,2022,3,2543,0,2543,No adjustment
SC-FUE-0015,2022,4,2179,-890,1289,Inventory consideration
SC-FUE-0015,2022,5,2170,343,2513,Customer demand expectation
SC-FUE-0015,2022,6,2194,-908,1286,Customer demand expectation
SC-FUE-0015,2022,7,2527,780,3307,Lead time consideration
SC-FUE-0015,2022,8,2048,339,2387,Customer demand expectation
SC-FUE-0015,2022,9,2110,296,2406,Critical part requirement
SC-FUE-0015,2022,10,1867,-592,1275,Customer demand expectation
SC-FUE-0015,2022,11,1883,779,2662,Critical part requirement
SC-FUE-0015,2022,12,1675,0,1675,No adjustment
SC-FUE-0015,2023,1,3006,449,3455,Customer demand expectation
SC-FUE-0015,2023,2,2483,972,3455,Critical part requirement
SC-FUE-0015,2023,3,2400,756,3156,Lead time consideration
SC-FUE-0015,2023,4,2432,0,2432,No adjustment
SC-FUE-0015,2023,5,3175,0,3175,
SC-FUE-0015,2023,6,3282,0,3282,
SC-FUE-0015,2023,7,2316,0,2316,
SC-FUE-0015,2023,8,3648,495,4143,Customer demand expectation
SC-FUE-0015,2023,9,3999,650,4649,Critical part requirement
SC-FUE-0015,2023,10,2224,-835,1389,Customer demand expectation
SC-FUE-0015,2023,11,2002,-364,1638,Customer demand expectation
SC-FUE-0015,2023,12,3615,1482,5097,Critical part requirement
SC-FUE-0015,2024,1,3712,429,4141,
SC-FUE-0015,2024,2,2539,-821,1718,Customer demand expectation
SC-FUE-0015,2024,3,2648,0,2648,No adjustment
SC-FUE-0015,2024,4,3912,0,3912,No adjustment
SC-FUE-0015,2024,5,4427,1160,5587,Critical part requirement
SC-FUE-0015,2024,6,2698,468,3166,Lead time consideration
SC-FUE-0015,2024,7,2782,685,3467,Critical part requirement
SC-FUE-0015,2024,8,2721,882,3603,Critical part requirement
SC-FUE-0015,2024,9,3346,0,3346,No adjustment
SC-FUE-0015,2024,10,3126,0,3126,
SC-FUE-0015,2024,11,2855,480,3335,Customer demand expectation
SC-FUE-0015,2024,12,2660,0,2660,
SC-BRK-0013,2020,1,201,59,260,Customer demand expectation
SC-BRK-0013,2020,2,303,74,377,Customer demand expectation
SC-BRK-0013,2020,3,323,40,363,Critical part requirement
SC-BRK-0013,2020,4,415,-179,236,Customer demand expectation
SC-BRK-0013,2020,5,665,0,665,
SC-BRK-0013,2020,6,791,0,791,No adjustment
SC-BRK-0013,2020,7,848,-92,756,Inventory consideration
SC-BRK-0013,2020,8,889,102,991,Customer demand expectation
SC-BRK-0013,2020,9,1120,0,1120,
SC-BRK-0013,2020,10,755,0,755,
SC-BRK-0013,2020,11,1116,-213,903,Customer demand expectation
SC-BRK-0013,2020,12,1146,0,1146,No adjustment
SC-BRK-0013,2021,1,1421,515,1936,Critical part requirement
SC-BRK-0013,2021,2,909,260,1169,Customer demand expectation
SC-BRK-0013,2021,3,730,160,890,Customer demand expectation
SC-BRK-0013,2021,4,787,97,884,Lead time consideration
SC-BRK-0013,2021,5,1223,0,1223,No adjustment
SC-BRK-0013,2021,6,1215,0,1215,No adjustment
SC-BRK-0013,2021,7,882,297,1179,Lead time consideration
SC-BRK-0013,2021,8,1770,348,2118,Customer demand expectation
SC-BRK-0013,2021,9,1192,0,1192,
SC-BRK-0013,2021,10,1101,-216,885,Customer demand expectation
SC-BRK-0013,2021,11,1885,0,1885,
SC-BRK-0013,2021,12,1722,574,2296,Lead time consideration
SC-BRK-0013,2022,1,1040,0,1040,
SC-BRK-0013,2022,2,938,252,1190,Critical part requirement
SC-BRK-0013,2022,3,799,-279,520,Customer demand expectation
SC-BRK-0013,2022,4,1241,0,1241,
SC-BRK-0013,2022,5,1399,0,1399,No adjustment
SC-BRK-0013,2022,6,1706,0,1706,
SC-BRK-0013,2022,7,1838,-417,1421,Customer demand expectation
SC-BRK-0013,2022,8,1346,-194,1152,Customer demand expectation
SC-BRK-0013,2022,9,960,-421,539,Inventory consideration
SC-BRK-0013,2022,10,857,335,1192,Critical part requirement
SC-BRK-0013,2022,11,862,0,862,
SC-BRK-0013,2022,12,1171,-135,1036,Customer demand expectation
SC-BRK-0013,2023,1,1119,-133,986,Inventory consideration
SC-BRK-0013,2023,2,732,-245,487,Customer demand expectation
SC-BRK-0013,2023,3,977,-377,600,Inventory consideration
SC-BRK-0013,2023,4,1280,-523,757,Customer demand expectation
SC-BRK-0013,2023,5,1220,0,1220,
SC-BRK-0013,2023,6,1408,0,1408,
SC-BRK-0013,2023,7,1203,0,1203,No adjustment
SC-BRK-0013,2023,8,756,-104,652,Inventory consideration
SC-BRK-0013,2023,9,858,0,858,
SC-BRK-0013,2023,10,832,109,941,Customer demand expectation
SC-BRK-0013,2023,11,786,-343,443,Customer demand expectation
SC-BRK-0013,2023,12,1315,0,1315,No adjustment
SC-BRK-0013,2024,1,1068,-371,697,Customer demand expectation
SC-BRK-0013,2024,2,798,0,798,
SC-BRK-0013,2024,3,943,-258,685,Inventory consideration
SC-BRK-0013,2024,4,1224,-485,739,Inventory consideration
SC-BRK-0013,2024,5,1161,-251,910,Customer demand expectation
SC-BRK-0013,2024,6,1399,-336,1063,Inventory consideration
SC-BRK-0013,2024,7,1385,0,1385,
SC-BRK-0013,2024,8,1900,-496,1404,Customer demand expectation
SC-BRK-0013,2024,9,1499,625,2124,Lead time consideration
SC-BRK-0013,2024,10,1097,0,1097,No adjustment
SC-BRK-0013,2024,11,886,0,886,No adjustment
SC-BRK-0013,2024,12,1027,0,1027,No adjustment
SC-TRN-0017,2020,1,8,0,8,No adjustment
SC-TRN-0017,2020,2,8,-2,6,Inventory consideration
SC-TRN-0017,2020,3,34,9,43,Critical part requirement
SC-TRN-0017,2020,4,41,0,41,No adjustment
SC-TRN-0017,2020,5,76,-14,62,Inventory consideration
SC-TRN-0017,2020,6,27,-8,19,Inventory consideration
SC-TRN-0017,2020,7,45,0,45,
SC-TRN-0017,2020,8,33,-7,26,Inventory consideration
SC-TRN-0017,2020,9,92,-16,76,Inventory consideration
SC-TRN-0017,2020,10,34,0,34,
SC-TRN-0017,2020,11,73,19,92,Critical part requirement
SC-TRN-0017,2020,12,32,-7,25,Customer demand expectation
SC-TRN-0017,2021,1,44,0,44,No adjustment
SC-TRN-0017,2021,2,25,9,34,Lead time consideration
SC-TRN-0017,2021,3,23,-10,13,Inventory consideration
SC-TRN-0017,2021,4,38,11,49,Lead time consideration
SC-TRN-0017,2021,5,136,-26,110,
SC-TRN-0017,2021,6,9,2,11,Critical part requirement
SC-TRN-0017,2021,7,49,0,49,No adjustment
SC-TRN-0017,2021,8,95,-30,65,Inventory consideration
SC-TRN-0017,2021,9,133,-46,87,Inventory consideration
SC-TRN-0017,2021,10,29,0,29,
SC-TRN-0017,2021,11,110,-42,68,Customer demand expectation
SC-TRN-0017,2021,12,0,0,0,Customer demand expectation
SC-TRN-0017,2022,1,72,0,72,
SC-TRN-0017,2022,2,38,0,38,No adjustment
SC-TRN-0017,2022,3,58,-16,42,Inventory consideration
SC-TRN-0017,2022,4,26,0,26,
SC-TRN-0017,2022,5,26,8,34,Critical part requirement
SC-TRN-0017,2022,6,34,-5,29,Customer demand expectation
SC-TRN-0017,2022,7,51,17,68,Customer demand expectation
SC-TRN-0017,2022,8,41,0,41,No adjustment
SC-TRN-0017,2022,9,110,0,110,
SC-TRN-0017,2022,10,37,-14,23,Inventory consideration
SC-TRN-0017,2022,11,54,0,54,No adjustment
SC-TRN-0017,2022,12,59,0,59,No adjustment
SC-TRN-0017,2023,1,86,-30,56,Customer demand expectation
SC-TRN-0017,2023,2,55,0,55,
SC-TRN-0017,2023,3,102,0,102,No adjustment
SC-TRN-0017,2023,4,0,0,0,Inventory consideration
SC-TRN-0017,2023,5,73,23,96,Critical part requirement
SC-TRN-0017,2023,6,20,0,20,
SC-TRN-0017,2023,7,104,-28,76,Inventory consideration
SC-TRN-0017,2023,8,121,-43,78,Inventory consideration
SC-TRN-0017,2023,9,80,-23,57,
SC-TRN-0017,2023,10,121,-35,86,Customer demand expectation
SC-TRN-0017,2023,11,150,-29,121,Inventory consideration
SC-TRN-0017,2023,12,245,-67,178,Inventory consideration
SC-TRN-0017,2024,1,49,0,49,
SC-TRN-0017,2024,2,107,-15,92,
SC-TRN-0017,2024,3,75,0,75,No adjustment
SC-TRN-0017,2024,4,115,-36,79,Customer demand expectation
SC-TRN-0017,2024,5,178,-33,145,Inventory consideration
SC-TRN-0017,2024,6,17,0,17,
SC-TRN-0017,2024,7,82,-32,50,Customer demand expectation
SC-TRN-0017,2024,8,147,0,147,
SC-TRN-0017,2024,9,62,0,62,No adjustment
SC-TRN-0017,2024,10,57,-12,45,Inventory consideration
SC-TRN-0017,2024,11,211,39,250,Critical part requirement
SC-TRN-0017,2024,12,43,0,43,No adjustment
SC-SUS-0022,2020,1,340,0,340,
SC-SUS-0022,2020,2,753,175,928,Critical part requirement
SC-SUS-0022,2020,3,487,0,487,
SC-SUS-0022,2020,4,365,45,410,Customer demand expectation
SC-SUS-0022,2020,5,419,0,419,No adjustment
SC-SUS-0022,2020,6,186,40,226,Customer demand expectation
SC-SUS-0022,2020,7,394,172,566,Critical part requirement
SC-SUS-0022,2020,8,538,-158,380,Customer demand expectation
SC-SUS-0022,2020,9,456,-87,369,Customer demand expectation
SC-SUS-0022,2020,10,513,-194,319,Customer demand expectation
SC-SUS-0022,2020,11,761,0,761,
SC-SUS-0022,2020,12,863,-236,627,Customer demand expectation
SC-SUS-0022,2021,1,663,0,663,No adjustment
SC-SUS-0022,2021,2,726,131,857,Lead time consideration
SC-SUS-0022,2021,3,609,-74,535,Customer demand expectation
SC-SUS-0022,2021,4,542,-183,359,Inventory consideration
SC-SUS-0022,2021,5,421,-118,303,Customer demand expectation
SC-SUS-0022,2021,6,960,-278,682,Inventory consideration
SC-SUS-0022,2021,7,618,0,618,
SC-SUS-0022,2021,8,556,-236,320,Inventory consideration
SC-SUS-0022,2021,9,804,0,804,
SC-SUS-0022,2021,10,709,-158,551,Customer demand expectation
SC-SUS-0022,2021,11,458,0,458,
SC-SUS-0022,2021,12,480,153,633,Customer demand expectation
SC-SUS-0022,2022,1,582,-155,427,Inventory consideration
SC-SUS-0022,2022,2,331,0,331,
SC-SUS-0022,2022,3,482,0,482,No adjustment
SC-SUS-0022,2022,4,337,-53,284,Customer demand expectation
SC-SUS-0022,2022,5,376,-139,237,Customer demand expectation
SC-SUS-0022,2022,6,387,0,387,
SC-SUS-0022,2022,7,778,-281,497,Customer demand expectation
SC-SUS-0022,2022,8,444,0,444,
SC-SUS-0022,2022,9,415,-114,301,
SC-SUS-0022,2022,10,801,85,886,Lead time consideration
SC-SUS-0022,2022,11,675,0,675,
SC-SUS-0022,2022,12,814,0,814,No adjustment
SC-SUS-0022,2023,1,662,-133,529,Inventory consideration
SC-SUS-0022,2023,2,584,-111,473,Customer demand expectation
SC-SUS-0022,2023,3,482,102,584,Lead time consideration
SC-SUS-0022,2023,4,420,111,531,Lead time consideration
SC-SUS-0022,2023,5,490,0,490,
SC-SUS-0022,2023,6,471,0,471,No adjustment
SC-SUS-0022,2023,7,549,0,549,
SC-SUS-0022,2023,8,481,-215,266,Inventory consideration
SC-SUS-0022,2023,9,357,107,464,Critical part requirement
SC-SUS-0022,2023,10,690,-87,603,Customer demand expectation
SC-SUS-0022,2023,11,891,0,891,No adjustment
SC-SUS-0022,2023,12,865,-94,771,Inventory consideration
SC-SUS-0022,2024,1,458,-131,327,Customer demand expectation
SC-SUS-0022,2024,2,538,-109,429,Inventory consideration
SC-SUS-0022,2024,3,337,36,373,Customer demand expectation
SC-SUS-0022,2024,4,541,-115,426,Inventory consideration
SC-SUS-0022,2024,5,1050,-133,917,Customer demand expectation
SC-SUS-0022,2024,6,528,223,751,Critical part requirement
SC-SUS-0022,2024,7,441,-161,280,Inventory consideration
SC-SUS-0022,2024,8,932,-136,796,Customer demand expectation
SC-SUS-0022,2024,9,622,0,622,
SC-SUS-0022,2024,10,696,0,696,
SC-SUS-0022,2024,11,500,-145,355,Inventory consideration
SC-SUS-0022,2024,12,488,0,488,
SC-SUS-0023,2020,1,27,0,27,No adjustment
SC-SUS-0023,2020,2,58,-10,48,Customer demand expectation
SC-SUS-0023,2020,3,67,-25,42,Customer demand expectation
SC-SUS-0023,2020,4,32,0,32,
SC-SUS-0023,2020,5,37,9,46,Lead time consideration
SC-SUS-0023,2020,6,30,-12,18,Inventory consideration
SC-SUS-0023,2020,7,129,29,158,Lead time consideration
SC-SUS-0023,2020,8,87,-14,73,Inventory consideration
SC-SUS-0023,2020,9,86,-18,68,Customer demand expectation
SC-SUS-0023,2020,10,70,14,84,Critical part requirement
SC-SUS-0023,2020,11,86,0,86,
SC-SUS-0023,2020,12,29,-12,17,Customer demand expectation
SC-SUS-0023,2021,1,37,0,37,
SC-SUS-0023,2021,2,8,-3,5,Inventory consideration
SC-SUS-0023,2021,3,125,-31,94,Inventory consideration
SC-SUS-0023,2021,4,48,-6,42,Customer demand expectation
SC-SUS-0023,2021,5,54,-15,39,Customer demand expectation
SC-SUS-0023,2021,6,8,0,8,No adjustment
SC-SUS-0023,2021,7,61,-22,39,Inventory consideration
SC-SUS-0023,2021,8,46,-15,31,Customer demand expectation
SC-SUS-0023,2021,9,46,-6,40,
SC-SUS-0023,2021,10,35,-9,26,Inventory consideration
SC-SUS-0023,2021,11,67,0,67,No adjustment
SC-SUS-0023,2021,12,51,6,57,Critical part requirement
SC-SUS-0023,2022,1,74,-9,65,Inventory consideration
SC-SUS-0023,2022,2,21,4,25,Lead time consideration
SC-SUS-0023,2022,3,30,10,40,
SC-SUS-0023,2022,4,60,-24,36,Inventory consideration
SC-SUS-0023,2022,5,74,-16,58,Inventory consideration
SC-SUS-0023,2022,6,52,-12,40,Customer demand expectation
SC-SUS-0023,2022,7,49,-10,39,Customer demand expectation
SC-SUS-0023,2022,8,33,0,33,No adjustment
SC-SUS-0023,2022,9,29,7,36,Lead time consideration
SC-SUS-0023,2022,10,31,0,31,No adjustment
SC-SUS-0023,2022,11,34,-13,21,Inventory consideration
SC-SUS-0023,2022,12,30,-10,20,Inventory consideration
SC-SUS-0023,2023,1,71,-11,60,Inventory consideration
SC-SUS-0023,2023,2,65,26,91,Lead time consideration
SC-SUS-0023,2023,3,59,-12,47,Inventory consideration
SC-SUS-0023,2023,4,36,-7,29,Inventory consideration
SC-SUS-0023,2023,5,14,0,14,No adjustment
SC-SUS-0023,2023,6,60,-9,51,Customer demand expectation
SC-SUS-0023,2023,7,75,-31,44,Customer demand expectation
SC-SUS-0023,2023,8,39,-5,34,Customer demand expectation
SC-SUS-0023,2023,9,43,-11,32,Customer demand expectation
SC-SUS-0023,2023,10,6,0,6,
SC-SUS-0023,2023,11,18,0,18,
SC-SUS-0023,2023,12,41,14,55,Customer demand expectation
SC-SUS-0023,2024,1,76,-13,63,Customer demand expectation
SC-SUS-0023,2024,2,35,11,46,Lead time consideration
SC-SUS-0023,2024,3,69,0,69,No adjustment
SC-SUS-0023,2024,4,24,-3,21,Inventory consideration
SC-SUS-0023,2024,5,46,-17,29,Customer demand expectation
SC-SUS-0023,2024,6,26,0,26,
SC-SUS-0023,2024,7,0,0,0,Customer demand expectation
SC-SUS-0023,2024,8,18,-5,13,Inventory consideration
SC-SUS-0023,2024,9,89,-9,80,Customer demand expectation
SC-SUS-0023,2024,10,27,12,39,Lead time consideration
SC-SUS-0023,2024,11,0,0,0,Inventory consideration
SC-SUS-0023,2024,12,42,14,56,Critical part requirement
SC-HYD-0015,2020,1,1176,251,1427,Lead time consideration
SC-HYD-0015,2020,2,1156,0,1156,
SC-HYD-0015,2020,3,785,-341,444,Customer demand expectation
SC-HYD-0015,2020,4,536,154,690,Critical part requirement
SC-HYD-0015,2020,5,719,-150,569,Customer demand expectation
SC-HYD-0015,2020,6,442,180,622,Customer demand expectation
SC-HYD-0015,2020,7,760,139,899,Lead time consideration
SC-HYD-0015,2020,8,534,0,534,
SC-HYD-0015,2020,9,708,253,961,Critical part requirement
SC-HYD-0015,2020,10,552,-121,431,Inventory consideration
SC-HYD-0015,2020,11,573,223,796,Customer demand expectation
SC-HYD-0015,2020,12,518,112,630,Critical part requirement
SC-HYD-0015,2021,1,1041,385,1426,Lead time consideration
SC-HYD-0015,2021,2,1141,-292,849,Inventory consideration
SC-HYD-0015,2021,3,378,0,378,
SC-HYD-0015,2021,4,716,202,918,Lead time consideration
SC-HYD-0015,2021,5,548,111,659,Customer demand expectation
SC-HYD-0015,2021,6,880,123,1003,Critical part requirement
SC-HYD-0015,2021,7,282,0,282,
SC-HYD-0015,2021,8,439,0,439,
SC-HYD-0015,2021,9,947,144,1091,
SC-HYD-0015,2021,10,882,329,1211,Customer demand expectation
SC-HYD-0015,2021,11,994,0,994,
SC-HYD-0015,2021,12,948,346,1294,Critical part requirement
SC-HYD-0015,2022,1,1226,543,1769,Lead time consideration
SC-HYD-0015,2022,2,886,168,1054,Critical part requirement
SC-HYD-0015,2022,3,777,152,929,Lead time consideration
SC-HYD-0015,2022,4,312,-102,210,Inventory consideration
SC-HYD-0015,2022,5,567,0,567,No adjustment
SC-HYD-0015,2022,6,520,-84,436,Customer demand expectation
SC-HYD-0015,2022,7,583,151,734,Critical part requirement
SC-HYD-0015,2022,8,950,0,950,No adjustment
SC-HYD-0015,2022,9,958,305,1263,Critical part requirement
SC-HYD-0015,2022,10,667,292,959,
SC-HYD-0015,2022,11,406,0,406,
SC-HYD-0015,2022,12,815,0,815,No adjustment
SC-HYD-0015,2023,1,890,215,1105,Critical part requirement
SC-HYD-0015,2023,2,806,177,983,Lead time consideration
SC-HYD-0015,2023,3,614,69,683,Customer demand expectation
SC-HYD-0015,2023,4,841,149,990,Critical part requirement
SC-HYD-0015,2023,5,604,188,792,Lead time consideration
SC-HYD-0015,2023,6,616,-267,349,Customer demand expectation
SC-HYD-0015,2023,7,647,145,792,Lead time consideration
SC-HYD-0015,2023,8,701,218,919,Customer demand expectation
SC-HYD-0015,2023,9,775,-260,515,
SC-HYD-0015,2023,10,954,269,1223,Lead time consideration
SC-HYD-0015,2023,11,560,211,771,Lead time consideration
SC-HYD-0015,2023,12,574,252,826,Customer demand expectation
SC-HYD-0015,2024,1,722,87,809,Critical part requirement
SC-HYD-0015,2024,2,756,0,756,
SC-HYD-0015,2024,3,543,-92,451,Inventory consideration
SC-HYD-0015,2024,4,755,0,755,No adjustment
SC-HYD-0015,2024,5,622,0,622,
SC-HYD-0015,2024,6,806,212,1018,Customer demand expectation
SC-HYD-0015,2024,7,650,-244,406,Customer demand expectation
SC-HYD-0015,2024,8,487,184,671,Customer demand expectation
SC-HYD-0015,2024,9,614,0,614,No adjustment
SC-HYD-0015,2024,10,713,207,920,Customer demand expectation
SC-HYD-0015,2024,11,911,0,911,
SC-HYD-0015,2024,12,674,-115,559,
SC-CLG-0007,2020,1,158,0,158,No adjustment
SC-CLG-0007,2020,2,29,7,36,Customer demand expectation
SC-CLG-0007,2020,3,525,0,525,No adjustment
SC-CLG-0007,2020,4,443,-63,380,Customer demand expectation
SC-CLG-0007,2020,5,636,111,747,Lead time consideration
SC-CLG-0007,2020,6,555,242,797,Customer demand expectation
SC-CLG-0007,2020,7,350,148,498,Lead time consideration
SC-CLG-0007,2020,8,728,0,728,
SC-CLG-0007,2020,9,1220,0,1220,
SC-CLG-0007,2020,10,1682,0,1682,
SC-CLG-0007,2020,11,859,-174,685,Inventory consideration
SC-CLG-0007,2020,12,717,-137,580,Customer demand expectation
SC-CLG-0007,2021,1,772,132,904,Critical part requirement
SC-CLG-0007,2021,2,1024,399,1423,Lead time consideration
SC-CLG-0007,2021,3,714,0,714,
SC-CLG-0007,2021,4,352,-117,235,Inventory consideration
SC-CLG-0007,2021,5,1060,0,1060,No adjustment
SC-CLG-0007,2021,6,744,0,744,No adjustment
SC-CLG-0007,2021,7,509,-180,329,Customer demand expectation
SC-CLG-0007,2021,8,683,-265,418,Inventory consideration
SC-CLG-0007,2021,9,845,0,845,
SC-CLG-0007,2021,10,950,-245,705,Inventory consideration
SC-CLG-0007,2021,11,752,0,752,
SC-CLG-0007,2021,12,850,0,850,No adjustment
SC-CLG-0007,2022,1,307,125,432,Critical part requirement
SC-CLG-0007,2022,2,762,0,762,
SC-CLG-0007,2022,3,956,0,956,
SC-CLG-0007,2022,4,966,278,1244,Lead time consideration
SC-CLG-0007,2022,5,572,58,630,Lead time consideration
SC-CLG-0007,2022,6,869,-337,532,
SC-CLG-0007,2022,7,548,166,714,Customer demand expectation
SC-CLG-0007,2022,8,479,-134,345,Inventory consideration
SC-CLG-0007,2022,9,1190,0,1190,
SC-CLG-0007,2022,10,1626,-621,1005,Inventory consideration
SC-CLG-0007,2022,11,663,215,878,Critical part requirement
SC-CLG-0007,2022,12,1071,230,1301,Critical part requirement
SC-CLG-0007,2023,1,872,-210,662,Inventory consideration
SC-CLG-0007,2023,2,591,128,719,Critical part requirement
SC-CLG-0007,2023,3,517,0,517,No adjustment
SC-CLG-0007,2023,4,723,0,723,
SC-CLG-0007,2023,5,692,0,692,
SC-CLG-0007,2023,6,701,-265,436,Inventory consideration
SC-CLG-0007,2023,7,881,0,881,
SC-CLG-0007,2023,8,641,0,641,No adjustment
SC-CLG-0007,2023,9,1150,325,1475,Lead time consideration
SC-CLG-0007,2023,10,1034,0,1034,
SC-CLG-0007,2023,11,607,0,607,
SC-CLG-0007,2023,12,819,-212,607,Customer demand expectation
SC-CLG-0007,2024,1,829,-98,731,Inventory consideration
SC-CLG-0007,2024,2,1229,146,1375,Customer demand expectation
SC-CLG-0007,2024,3,724,0,724,No adjustment
SC-CLG-0007,2024,4,1179,367,1546,Customer demand expectation
SC-CLG-0007,2024,5,1283,548,1831,Critical part requirement
SC-CLG-0007,2024,6,604,80,684,Customer demand expectation
SC-CLG-0007,2024,7,1018,0,1018,No adjustment
SC-CLG-0007,2024,8,732,133,865,Lead time consideration
SC-CLG-0007,2024,9,1346,-203,1143,Inventory consideration
SC-CLG-0007,2024,10,901,191,1092,Critical part requirement
SC-CLG-0007,2024,11,387,0,387,No adjustment
SC-CLG-0007,2024,12,753,-312,441,Inventory consideration
SC-TRN-0018,2020,1,480,0,480,
SC-TRN-0018,2020,2,386,83,469,Customer demand expectation
SC-TRN-0018,2020,3,496,-93,403,Customer demand expectation
SC-TRN-0018,2020,4,679,81,760,Customer demand expectation
SC-TRN-0018,2020,5,730,-99,631,Inventory consideration
SC-TRN-0018,2020,6,863,-128,735,Inventory consideration
SC-TRN-0018,2020,7,837,166,1003,Critical part requirement
SC-TRN-0018,2020,8,669,-217,452,Inventory consideration
SC-TRN-0018,2020,9,570,0,570,No adjustment
SC-TRN-0018,2020,10,434,0,434,
SC-TRN-0018,2020,11,550,97,647,
SC-TRN-0018,2020,12,676,-204,472,Customer demand expectation
SC-TRN-0018,2021,1,868,0,868,
SC-TRN-0018,2021,2,549,-91,458,Inventory consideration
SC-TRN-0018,2021,3,590,261,851,
SC-TRN-0018,2021,4,946,195,1141,Customer demand expectation
SC-TRN-0018,2021,5,689,219,908,Lead time consideration
SC-TRN-0018,2021,6,669,0,669,No adjustment
SC-TRN-0018,2021,7,709,-179,530,Inventory consideration
SC-TRN-0018,2021,8,675,268,943,Lead time consideration
SC-TRN-0018,2021,9,788,-213,575,Inventory consideration
SC-TRN-0018,2021,10,676,152,828,
SC-TRN-0018,2021,11,539,0,539,No adjustment
SC-TRN-0018,2021,12,830,0,830,
SC-TRN-0018,2022,1,678,0,678,No adjustment
SC-TRN-0018,2022,2,727,0,727,No adjustment
SC-TRN-0018,2022,3,986,-420,566,Customer demand expectation
SC-TRN-0018,2022,4,748,-238,510,Inventory consideration
SC-TRN-0018,2022,5,1132,-212,920,Customer demand expectation
SC-TRN-0018,2022,6,767,-114,653,Inventory consideration
SC-TRN-0018,2022,7,671,-288,383,Customer demand expectation
SC-TRN-0018,2022,8,717,295,1012,Lead time consideration
SC-TRN-0018,2022,9,697,-229,468,Inventory consideration
SC-TRN-0018,2022,10,655,0,655,
SC-TRN-0018,2022,11,673,0,673,No adjustment
SC-TRN-0018,2022,12,869,0,869,No adjustment
SC-TRN-0018,2023,1,1128,-285,843,Customer demand expectation
SC-TRN-0018,2023,2,1246,0,1246,
SC-TRN-0018,2023,3,726,0,726,No adjustment
SC-TRN-0018,2023,4,705,0,705,No adjustment
SC-TRN-0018,2023,5,929,351,1280,
SC-TRN-0018,2023,6,1112,339,1451,Lead time consideration
SC-TRN-0018,2023,7,1014,-165,849,Inventory consideration
SC-TRN-0018,2023,8,623,-215,408,Customer demand expectation
SC-TRN-0018,2023,9,791,0,791,
SC-TRN-0018,2023,10,879,-323,556,Inventory consideration
SC-TRN-0018,2023,11,734,0,734,No adjustment
SC-TRN-0018,2023,12,916,-159,757,Customer demand expectation
SC-TRN-0018,2024,1,821,0,821,No adjustment
SC-TRN-0018,2024,2,680,-87,593,Customer demand expectation
SC-TRN-0018,2024,3,785,277,1062,Lead time consideration
SC-TRN-0018,2024,4,1062,-388,674,Inventory consideration
SC-TRN-0018,2024,5,978,-263,715,Customer demand expectation
SC-TRN-0018,2024,6,1113,0,1113,No adjustment
SC-TRN-0018,2024,7,1073,440,1513,Critical part requirement
SC-TRN-0018,2024,8,1139,0,1139,No adjustment
SC-TRN-0018,2024,9,706,106,812,Lead time consideration
SC-TRN-0018,2024,10,653,104,757,Critical part requirement
SC-TRN-0018,2024,11,963,0,963,No adjustment
SC-TRN-0018,2024,12,1074,0,1074,
SC-CLG-0008,2020,1,614,-257,357,Inventory consideration
SC-CLG-0008,2020,2,796,-126,670,Inventory consideration
SC-CLG-0008,2020,3,715,0,715,
SC-CLG-0008,2020,4,809,141,950,Customer demand expectation
SC-CLG-0008,2020,5,650,0,650,
SC-CLG-0008,2020,6,730,106,836,Customer demand expectation
SC-CLG-0008,2020,7,722,0,722,
SC-CLG-0008,2020,8,987,0,987,No adjustment
SC-CLG-0008,2020,9,1022,0,1022,
SC-CLG-0008,2020,10,871,0,871,No adjustment
SC-CLG-0008,2020,11,1058,0,1058,
SC-CLG-0008,2020,12,896,0,896,No adjustment
SC-CLG-0008,2021,1,865,336,1201,Customer demand expectation
SC-CLG-0008,2021,2,961,183,1144,Critical part requirement
SC-CLG-0008,2021,3,466,47,513,Customer demand expectation
SC-CLG-0008,2021,4,1066,-232,834,Inventory consideration
SC-CLG-0008,2021,5,1007,155,1162,Critical part requirement
SC-CLG-0008,2021,6,832,0,832,
SC-CLG-0008,2021,7,1324,-149,1175,Inventory consideration
SC-CLG-0008,2021,8,1662,-386,1276,Inventory consideration
SC-CLG-0008,2021,9,1026,0,1026,No adjustment
SC-CLG-0008,2021,10,1215,0,1215,No adjustment
SC-CLG-0008,2021,11,1054,-398,656,Customer demand expectation
SC-CLG-0008,2021,12,870,-279,591,Inventory consideration
SC-CLG-0008,2022,1,1123,0,1123,No adjustment
SC-CLG-0008,2022,2,838,0,838,
SC-CLG-0008,2022,3,990,-177,813,Inventory consideration
SC-CLG-0008,2022,4,1269,552,1821,
SC-CLG-0008,2022,5,705,257,962,Critical part requirement
SC-CLG-0008,2022,6,837,-134,703,Customer demand expectation
SC-CLG-0008,2022,7,1377,-326,1051,Inventory consideration
SC-CLG-0008,2022,8,1168,-136,1032,Inventory consideration
SC-CLG-0008,2022,9,1287,221,1508,
SC-CLG-0008,2022,10,1521,-562,959,Inventory consideration
SC-CLG-0008,2022,11,1088,467,1555,Critical part requirement
SC-CLG-0008,2022,12,1172,0,1172,
SC-CLG-0008,2023,1,1274,0,1274,No adjustment
SC-CLG-0008,2023,2,1867,-802,1065,Inventory consideration
SC-CLG-0008,2023,3,1204,344,1548,Lead time consideration
SC-CLG-0008,2023,4,1380,-471,909,
SC-CLG-0008,2023,5,1088,-296,792,Customer demand expectation
SC-CLG-0008,2023,6,1360,197,1557,Critical part requirement
SC-CLG-0008,2023,7,1544,-688,856,Customer demand expectation
SC-CLG-0008,2023,8,1492,-222,1270,Inventory consideration
SC-CLG-0008,2023,9,1078,-316,762,Inventory consideration
SC-CLG-0008,2023,10,1127,0,1127,
SC-CLG-0008,2023,11,974,-111,863,Inventory consideration
SC-CLG-0008,2023,12,1293,581,1874,Lead time consideration
SC-CLG-0008,2024,1,1580,0,1580,
SC-CLG-0008,2024,2,1187,0,1187,No adjustment
SC-CLG-0008,2024,3,1369,0,1369,No adjustment
SC-CLG-0008,2024,4,1447,0,1447,
SC-CLG-0008,2024,5,1421,-266,1155,Inventory consideration
SC-CLG-0008,2024,6,1410,-169,1241,
SC-CLG-0008,2024,7,1635,0,1635,
SC-CLG-0008,2024,8,1798,477,2275,Lead time consideration
SC-CLG-0008,2024,9,2265,0,2265,
SC-CLG-0008,2024,10,1611,0,1611,
SC-CLG-0008,2024,11,1754,-550,1204,
SC-CLG-0008,2024,12,1625,0,1625,
SC-HYD-0016,2020,1,219,0,219,
SC-HYD-0016,2020,2,137,18,155,Lead time consideration
SC-HYD-0016,2020,3,117,20,137,Critical part requirement
SC-HYD-0016,2020,4,328,0,328,
SC-HYD-0016,2020,5,229,23,252,Critical part requirement
SC-HYD-0016,2020,6,229,0,229,No adjustment
SC-HYD-0016,2020,7,275,-82,193,Customer demand expectation
SC-HYD-0016,2020,8,252,0,252,
SC-HYD-0016,2020,9,286,0,286,No adjustment
SC-HYD-0016,2020,10,210,-64,146,Inventory consideration
SC-HYD-0016,2020,11,221,-47,174,Inventory consideration
SC-HYD-0016,2020,12,241,0,241,No adjustment
SC-HYD-0016,2021,1,191,79,270,Critical part requirement
SC-HYD-0016,2021,2,222,63,285,Critical part requirement
SC-HYD-0016,2021,3,112,0,112,
SC-HYD-0016,2021,4,257,0,257,No adjustment
SC-HYD-0016,2021,5,264,0,264,No adjustment
SC-HYD-0016,2021,6,381,-53,328,Inventory consideration
SC-HYD-0016,2021,7,407,-120,287,
SC-HYD-0016,2021,8,386,0,386,No adjustment
SC-HYD-0016,2021,9,421,-180,241,Customer demand expectation
SC-HYD-0016,2021,10,115,-12,103,Customer demand expectation
SC-HYD-0016,2021,11,273,115,388,Lead time consideration
SC-HYD-0016,2021,12,244,-44,200,Inventory consideration
SC-HYD-0016,2022,1,358,-156,202,Inventory consideration
SC-HYD-0016,2022,2,397,122,519,Lead time consideration
SC-HYD-0016,2022,3,495,-116,379,Inventory consideration
SC-HYD-0016,2022,4,485,168,653,Critical part requirement
SC-HYD-0016,2022,5,253,0,253,
SC-HYD-0016,2022,6,437,110,547,Critical part requirement
SC-HYD-0016,2022,7,436,96,532,Customer demand expectation
SC-HYD-0016,2022,8,340,102,442,Lead time consideration
SC-HYD-0016,2022,9,368,0,368,
SC-HYD-0016,2022,10,480,81,561,Customer demand expectation
SC-HYD-0016,2022,11,328,61,389,Critical part requirement
SC-HYD-0016,2022,12,210,87,297,Lead time consideration
SC-HYD-0016,2023,1,411,-115,296,Inventory consideration
SC-HYD-0016,2023,2,315,-64,251,Inventory consideration
SC-HYD-0016,2023,3,368,-38,330,Customer demand expectation
SC-HYD-0016,2023,4,353,89,442,Critical part requirement
SC-HYD-0016,2023,5,196,-69,127,Inventory consideration
SC-HYD-0016,2023,6,376,0,376,No adjustment
SC-HYD-0016,2023,7,531,207,738,Customer demand expectation
SC-HYD-0016,2023,8,444,84,528,Critical part requirement
SC-HYD-0016,2023,9,326,119,445,Lead time consideration
SC-HYD-0016,2023,10,319,-67,252,Customer demand expectation
SC-HYD-0016,2023,11,345,-72,273,Customer demand expectation
SC-HYD-0016,2023,12,67,13,80,Customer demand expectation
SC-HYD-0016,2024,1,187,-53,134,Inventory consideration
SC-HYD-0016,2024,2,248,45,293,Critical part requirement
SC-HYD-0016,2024,3,103,0,103,No adjustment
SC-HYD-0016,2024,4,219,0,219,
SC-HYD-0016,2024,5,291,-115,176,Customer demand expectation
SC-HYD-0016,2024,6,386,-69,317,Inventory consideration
SC-HYD-0016,2024,7,260,-51,209,Customer demand expectation
SC-HYD-0016,2024,8,465,140,605,Lead time consideration
SC-HYD-0016,2024,9,179,-80,99,Customer demand expectation
SC-HYD-0016,2024,10,680,-155,525,Customer demand expectation
SC-HYD-0016,2024,11,300,0,300,
SC-HYD-0016,2024,12,344,0,344,
SC-FLT-0013,2020,1,175,-27,148,Customer demand expectation
SC-FLT-0013,2020,2,144,0,144,No adjustment
SC-FLT-0013,2020,3,196,-67,129,Customer demand expectation
SC-FLT-0013,2020,4,201,66,267,Critical part requirement
SC-FLT-0013,2020,5,114,0,114,No adjustment
SC-FLT-0013,2020,6,237,-94,143,Inventory consideration
SC-FLT-0013,2020,7,252,0,252,
SC-FLT-0013,2020,8,103,0,103,
SC-FLT-0013,2020,9,359,0,359,
SC-FLT-0013,2020,10,128,-41,87,Customer demand expectation
SC-FLT-0013,2020,11,180,0,180,
SC-FLT-0013,2020,12,191,-81,110,Inventory consideration
SC-FLT-0013,2021,1,257,103,360,Customer demand expectation
SC-FLT-0013,2021,2,187,0,187,
SC-FLT-0013,2021,3,213,0,213,No adjustment
SC-FLT-0013,2021,4,226,-96,130,Inventory consideration
SC-FLT-0013,2021,5,212,51,263,Lead time consideration
SC-FLT-0013,2021,6,172,64,236,Critical part requirement
SC-FLT-0013,2021,7,104,0,104,
SC-FLT-0013,2021,8,321,-56,265,Customer demand expectation
SC-FLT-0013,2021,9,446,0,446,No adjustment
SC-FLT-0013,2021,10,166,-69,97,Inventory consideration
SC-FLT-0013,2021,11,277,-86,191,Customer demand expectation
SC-FLT-0013,2021,12,362,0,362,
SC-FLT-0013,2022,1,265,0,265,No adjustment
SC-FLT-0013,2022,2,363,117,480,
SC-FLT-0013,2022,3,280,0,280,No adjustment
SC-FLT-0013,2022,4,338,40,378,Lead time consideration
SC-FLT-0013,2022,5,283,95,378,Critical part requirement
SC-FLT-0013,2022,6,272,-34,238,Inventory consideration
SC-FLT-0013,2022,7,350,-132,218,Inventory consideration
SC-FLT-0013,2022,8,308,-135,173,Inventory consideration
SC-FLT-0013,2022,9,364,118,482,Customer demand expectation
SC-FLT-0013,2022,10,352,68,420,
SC-FLT-0013,2022,11,235,0,235,No adjustment
SC-FLT-0013,2022,12,277,-86,191,Inventory consideration
SC-FLT-0013,2023,1,359,-102,257,Customer demand expectation
SC-FLT-0013,2023,2,291,-72,219,Customer demand expectation
SC-FLT-0013,2023,3,295,117,412,Lead time consideration
SC-FLT-0013,2023,4,321,0,321,No adjustment
SC-FLT-0013,2023,5,386,0,386,
SC-FLT-0013,2023,6,364,-96,268,Customer demand expectation
SC-FLT-0013,2023,7,262,46,308,Customer demand expectation
SC-FLT-0013,2023,8,201,65,266,Critical part requirement
SC-FLT-0013,2023,9,445,0,445,No adjustment
SC-FLT-0013,2023,10,303,-42,261,Inventory consideration
SC-FLT-0013,2023,11,274,-55,219,Inventory consideration
SC-FLT-0013,2023,12,353,148,501,Critical part requirement
SC-FLT-0013,2024,1,250,-70,180,Inventory consideration
SC-FLT-0013,2024,2,308,-32,276,Customer demand expectation
SC-FLT-0013,2024,3,387,49,436,Lead time consideration
SC-FLT-0013,2024,4,373,-120,253,Inventory consideration
SC-FLT-0013,2024,5,284,94,378,Critical part requirement
SC-FLT-0013,2024,6,263,46,309,Critical part requirement
SC-FLT-0013,2024,7,314,-115,199,Customer demand expectation
SC-FLT-0013,2024,8,190,0,190,
SC-FLT-0013,2024,9,629,-159,470,Inventory consideration
SC-FLT-0013,2024,10,602,-61,541,Customer demand expectation
SC-FLT-0013,2024,11,462,-203,259,Inventory consideration
SC-FLT-0013,2024,12,613,0,613,No adjustment
SC-FLT-0014,2020,1,0,0,0,Inventory consideration
SC-FLT-0014,2020,2,2,0,2,No adjustment
SC-FLT-0014,2020,3,2,0,2,
SC-FLT-0014,2020,4,1,0,1,Customer demand expectation
SC-FLT-0014,2020,5,2,-1,1,Customer demand expectation
SC-FLT-0014,2020,6,5,-2,3,Inventory consideration
SC-FLT-0014,2020,7,2,0,2,Critical part requirement
SC-FLT-0014,2020,8,2,-1,1,Customer demand expectation
SC-FLT-0014,2020,9,2,1,3,Critical part requirement
SC-FLT-0014,2020,10,1,0,1,
SC-FLT-0014,2020,11,1,0,1,Inventory consideration
SC-FLT-0014,2020,12,3,0,3,
SC-FLT-0014,2021,1,3,0,3,No adjustment
SC-FLT-0014,2021,2,8,0,8,
SC-FLT-0014,2021,3,0,0,0,Inventory consideration
SC-FLT-0014,2021,4,8,0,8,No adjustment
SC-FLT-0014,2021,5,0,0,0,Inventory consideration
SC-FLT-0014,2021,6,1,0,1,
SC-FLT-0014,2021,7,6,0,6,
SC-FLT-0014,2021,8,5,0,5,No adjustment
SC-FLT-0014,2021,9,0,0,0,Critical part requirement
SC-FLT-0014,2021,10,5,0,5,No adjustment
SC-FLT-0014,2021,11,4,-1,3,Customer demand expectation
SC-FLT-0014,2021,12,0,0,0,
SC-FLT-0014,2022,1,6,-2,4,Inventory consideration
SC-FLT-0014,2022,2,4,-2,2,Customer demand expectation
SC-FLT-0014,2022,3,2,0,2,Inventory consideration
SC-FLT-0014,2022,4,5,-2,3,
SC-FLT-0014,2022,5,11,0,11,No adjustment
SC-FLT-0014,2022,6,5,1,6,Lead time consideration
SC-FLT-0014,2022,7,9,3,12,Lead time consideration
SC-FLT-0014,2022,8,4,-1,3,Customer demand expectation
SC-FLT-0014,2022,9,12,-5,7,Inventory consideration
SC-FLT-0014,2022,10,20,-5,15,Customer demand expectation
SC-FLT-0014,2022,11,11,1,12,Critical part requirement
SC-FLT-0014,2022,12,5,-2,3,Inventory consideration
SC-FLT-0014,2023,1,3,-1,2,Inventory consideration
SC-FLT-0014,2023,2,5,0,5,No adjustment
SC-FLT-0014,2023,3,12,0,12,No adjustment
SC-FLT-0014,2023,4,19,0,19,No adjustment
SC-FLT-0014,2023,5,9,-2,7,Inventory consideration
SC-FLT-0014,2023,6,1,0,1,Inventory consideration
SC-FLT-0014,2023,7,8,-2,6,Inventory consideration
SC-FLT-0014,2023,8,8,-3,5,Customer demand expectation
SC-FLT-0014,2023,9,5,0,5,No adjustment
SC-FLT-0014,2023,10,14,-2,12,Inventory consideration
SC-FLT-0014,2023,11,4,-1,3,
SC-FLT-0014,2023,12,15,-5,10,Customer demand expectation
SC-FLT-0014,2024,1,5,0,5,No adjustment
SC-FLT-0014,2024,2,1,0,1,
SC-FLT-0014,2024,3,11,0,11,
SC-FLT-0014,2024,4,4,0,4,No adjustment
SC-FLT-0014,2024,5,7,-3,4,Inventory consideration
SC-FLT-0014,2024,6,6,-2,4,Inventory consideration
SC-FLT-0014,2024,7,7,-2,5,Inventory consideration
SC-FLT-0014,2024,8,5,0,5,
SC-FLT-0014,2024,9,6,0,6,
SC-FLT-0014,2024,10,6,3,9,
SC-FLT-0014,2024,11,12,-2,10,Inventory consideration
SC-FLT-0014,2024,12,17,-2,15,Customer demand expectation
SC-TWA-0013,2020,1,42,0,42,
SC-TWA-0013,2020,2,33,0,33,
SC-TWA-0013,2020,3,62,-18,44,Customer demand expectation
SC-TWA-0013,2020,4,37,-6,31,Inventory consideration
SC-TWA-0013,2020,5,189,-50,139,Inventory consideration
SC-TWA-0013,2020,6,100,0,100,No adjustment
SC-TWA-0013,2020,7,199,-67,132,Inventory consideration
SC-TWA-0013,2020,8,244,0,244,
SC-TWA-0013,2020,9,43,-7,36,Customer demand expectation
SC-TWA-0013,2020,10,155,25,180,Critical part requirement
SC-TWA-0013,2020,11,184,-63,121,Inventory consideration
SC-TWA-0013,2020,12,100,13,113,
SC-TWA-0013,2021,1,156,35,191,Critical part requirement
SC-TWA-0013,2021,2,145,-39,106,Customer demand expectation
SC-TWA-0013,2021,3,80,-31,49,
SC-TWA-0013,2021,4,99,-37,62,Customer demand expectation
SC-TWA-0013,2021,5,123,-45,78,Inventory consideration
SC-TWA-0013,2021,6,141,0,141,No adjustment
SC-TWA-0013,2021,7,146,35,181,Critical part requirement
SC-TWA-0013,2021,8,79,-24,55,Inventory consideration
SC-TWA-0013,2021,9,170,-43,127,Customer demand expectation
SC-TWA-0013,2021,10,161,-62,99,Customer demand expectation
SC-TWA-0013,2021,11,154,0,154,
SC-TWA-0013,2021,12,12,-4,8,Customer demand expectation
SC-TWA-0013,2022,1,126,-17,109,Inventory consideration
SC-TWA-0013,2022,2,153,-47,106,Customer demand expectation
SC-TWA-0013,2022,3,125,-29,96,Customer demand expectation
SC-TWA-0013,2022,4,118,0,118,
SC-TWA-0013,2022,5,126,-37,89,Customer demand expectation
SC-TWA-0013,2022,6,186,24,210,Critical part requirement
SC-TWA-0013,2022,7,112,-32,80,Inventory consideration
SC-TWA-0013,2022,8,252,-26,226,Inventory consideration
SC-TWA-0013,2022,9,221,27,248,Customer demand expectation
SC-TWA-0013,2022,10,37,-9,28,Inventory consideration
SC-TWA-0013,2022,11,125,0,125,
SC-TWA-0013,2022,12,0,0,0,No adjustment
SC-TWA-0013,2023,1,193,34,227,Customer demand expectation
SC-TWA-0013,2023,2,241,-38,203,Customer demand expectation
SC-TWA-0013,2023,3,96,-20,76,Customer demand expectation
SC-TWA-0013,2023,4,129,0,129,No adjustment
SC-TWA-0013,2023,5,213,-91,122,Customer demand expectation
SC-TWA-0013,2023,6,37,0,37,No adjustment
SC-TWA-0013,2023,7,36,-5,31,Customer demand expectation
SC-TWA-0013,2023,8,18,0,18,No adjustment
SC-TWA-0013,2023,9,212,0,212,No adjustment
SC-TWA-0013,2023,10,88,-12,76,
SC-TWA-0013,2023,11,21,0,21,
SC-TWA-0013,2023,12,85,-34,51,Inventory consideration
SC-TWA-0013,2024,1,139,-30,109,Customer demand expectation
SC-TWA-0013,2024,2,8,-1,7,Inventory consideration
SC-TWA-0013,2024,3,62,0,62,
SC-TWA-0013,2024,4,100,0,100,No adjustment
SC-TWA-0013,2024,5,196,-21,175,Customer demand expectation
SC-TWA-0013,2024,6,217,0,217,
SC-TWA-0013,2024,7,61,-6,55,Inventory consideration
SC-TWA-0013,2024,8,110,0,110,
SC-TWA-0013,2024,9,129,20,149,Customer demand expectation
SC-TWA-0013,2024,10,128,0,128,No adjustment
SC-TWA-0013,2024,11,35,0,35,
SC-TWA-0013,2024,12,215,0,215,No adjustment
SC-ENG-0016,2020,1,416,0,416,
SC-ENG-0016,2020,2,435,-176,259,Customer demand expectation
SC-ENG-0016,2020,3,501,188,689,Customer demand expectation
SC-ENG-0016,2020,4,206,34,240,Critical part requirement
SC-ENG-0016,2020,5,954,0,954,
SC-ENG-0016,2020,6,332,113,445,Customer demand expectation
SC-ENG-0016,2020,7,1295,0,1295,
SC-ENG-0016,2020,8,548,228,776,Customer demand expectation
SC-ENG-0016,2020,9,968,383,1351,Customer demand expectation
SC-ENG-0016,2020,10,851,0,851,
SC-ENG-0016,2020,11,856,-194,662,Inventory consideration
SC-ENG-0016,2020,12,744,265,1009,Lead time consideration
SC-ENG-0016,2021,1,1262,-489,773,Inventory consideration
SC-ENG-0016,2021,2,1040,225,1265,Critical part requirement
SC-ENG-0016,2021,3,852,88,940,Lead time consideration
SC-ENG-0016,2021,4,964,0,964,No adjustment
SC-ENG-0016,2021,5,522,72,594,Critical part requirement
SC-ENG-0016,2021,6,791,-352,439,
SC-ENG-0016,2021,7,771,-194,577,Customer demand expectation
SC-ENG-0016,2021,8,552,190,742,Lead time consideration
SC-ENG-0016,2021,9,948,99,1047,Lead time consideration
SC-ENG-0016,2021,10,449,155,604,Customer demand expectation
SC-ENG-0016,2021,11,672,0,672,
SC-ENG-0016,2021,12,489,0,489,No adjustment
SC-ENG-0016,2022,1,624,232,856,Critical part requirement
SC-ENG-0016,2022,2,349,47,396,Lead time consideration
SC-ENG-0016,2022,3,532,188,720,Lead time consideration
SC-ENG-0016,2022,4,846,146,992,Lead time consideration
SC-ENG-0016,2022,5,734,194,928,Lead time consideration
SC-ENG-0016,2022,6,679,-222,457,Inventory consideration
SC-ENG-0016,2022,7,539,239,778,
SC-ENG-0016,2022,8,368,0,368,
SC-ENG-0016,2022,9,686,94,780,Critical part requirement
SC-ENG-0016,2022,10,731,236,967,Lead time consideration
SC-ENG-0016,2022,11,782,0,782,
SC-ENG-0016,2022,12,858,-156,702,
SC-ENG-0016,2023,1,967,400,1367,Lead time consideration
SC-ENG-0016,2023,2,750,-172,578,Customer demand expectation
SC-ENG-0016,2023,3,1040,0,1040,
SC-ENG-0016,2023,4,842,0,842,
SC-ENG-0016,2023,5,673,0,673,
SC-ENG-0016,2023,6,444,152,596,Lead time consideration
SC-ENG-0016,2023,7,656,254,910,
SC-ENG-0016,2023,8,454,86,540,Critical part requirement
SC-ENG-0016,2023,9,462,161,623,Lead time consideration
SC-ENG-0016,2023,10,1117,-213,904,Customer demand expectation
SC-ENG-0016,2023,11,1094,239,1333,Critical part requirement
SC-ENG-0016,2023,12,1043,357,1400,Customer demand expectation
SC-ENG-0016,2024,1,699,-83,616,Inventory consideration
SC-ENG-0016,2024,2,849,0,849,
SC-ENG-0016,2024,3,765,244,1009,Lead time consideration
SC-ENG-0016,2024,4,379,77,456,Critical part requirement
SC-ENG-0016,2024,5,717,0,717,No adjustment
SC-ENG-0016,2024,6,252,42,294,Customer demand expectation
SC-ENG-0016,2024,7,781,0,781,
SC-ENG-0016,2024,8,575,125,700,Critical part requirement
SC-ENG-0016,2024,9,840,131,971,Critical part requirement
SC-ENG-0016,2024,10,1037,-420,617,Inventory consideration
SC-ENG-0016,2024,11,1345,497,1842,Critical part requirement
SC-ENG-0016,2024,12,1180,256,1436,Customer demand expectation
SC-FUE-0016,2020,1,11,0,11,No adjustment
SC-FUE-0016,2020,2,5,-1,4,Customer demand expectation
SC-FUE-0016,2020,3,9,4,13,Customer demand expectation
SC-FUE-0016,2020,4,6,-1,5,Customer demand expectation
SC-FUE-0016,2020,5,85,18,103,Critical part requirement
SC-FUE-0016,2020,6,81,-34,47,Customer demand expectation
SC-FUE-0016,2020,7,18,0,18,No adjustment
SC-FUE-0016,2020,8,91,-39,52,Customer demand expectation
SC-FUE-0016,2020,9,24,0,24,No adjustment
SC-FUE-0016,2020,10,28,-8,20,Inventory consideration
SC-FUE-0016,2020,11,44,-6,38,Customer demand expectation
SC-FUE-0016,2020,12,72,-29,43,Inventory consideration
SC-FUE-0016,2021,1,34,0,34,
SC-FUE-0016,2021,2,16,-3,13,
SC-FUE-0016,2021,3,56,-9,47,Customer demand expectation
SC-FUE-0016,2021,4,30,-6,24,Customer demand expectation
SC-FUE-0016,2021,5,48,0,48,
SC-FUE-0016,2021,6,21,-5,16,Customer demand expectation
SC-FUE-0016,2021,7,115,-41,74,Customer demand expectation
SC-FUE-0016,2021,8,20,0,20,
SC-FUE-0016,2021,9,7,-3,4,Inventory consideration
SC-FUE-0016,2021,10,63,0,63,No adjustment
SC-FUE-0016,2021,11,37,0,37,
SC-FUE-0016,2021,12,66,27,93,Customer demand expectation
SC-FUE-0016,2022,1,69,-22,47,Customer demand expectation
SC-FUE-0016,2022,2,144,-40,104,Customer demand expectation
SC-FUE-0016,2022,3,0,0,0,Inventory consideration
SC-FUE-0016,2022,4,18,-5,13,Customer demand expectation
SC-FUE-0016,2022,5,77,8,85,Critical part requirement
SC-FUE-0016,2022,6,120,0,120,
SC-FUE-0016,2022,7,63,-11,52,Inventory consideration
SC-FUE-0016,2022,8,77,-14,63,Customer demand expectation
SC-FUE-0016,2022,9,136,-26,110,Inventory consideration
SC-FUE-0016,2022,10,54,-8,46,Inventory consideration
SC-FUE-0016,2022,11,17,-4,13,Customer demand expectation
SC-FUE-0016,2022,12,67,-20,47,Inventory consideration
SC-FUE-0016,2023,1,73,-26,47,Customer demand expectation
SC-FUE-0016,2023,2,48,13,61,Critical part requirement
SC-FUE-0016,2023,3,71,-16,55,Customer demand expectation
SC-FUE-0016,2023,4,69,0,69,No adjustment
SC-FUE-0016,2023,5,106,-36,70,
SC-FUE-0016,2023,6,22,4,26,Lead time consideration
SC-FUE-0016,2023,7,63,-9,54,Customer demand expectation
SC-FUE-0016,2023,8,65,-9,56,Customer demand expectation
SC-FUE-0016,2023,9,57,0,57,No adjustment
SC-FUE-0016,2023,10,117,0,117,
SC-FUE-0016,2023,11,84,-30,54,Customer demand expectation
SC-FUE-0016,2023,12,68,24,92,Lead time consideration
SC-FUE-0016,2024,1,148,31,179,Lead time consideration
SC-FUE-0016,2024,2,0,0,0,Inventory consideration
SC-FUE-0016,2024,3,61,0,61,
SC-FUE-0016,2024,4,27,11,38,Lead time consideration
SC-FUE-0016,2024,5,70,9,79,Customer demand expectation
SC-FUE-0016,2024,6,76,-28,48,
SC-FUE-0016,2024,7,80,-12,68,Customer demand expectation
SC-FUE-0016,2024,8,35,-12,23,Inventory consideration
SC-FUE-0016,2024,9,81,0,81,No adjustment
SC-FUE-0016,2024,10,82,-15,67,Customer demand expectation
SC-FUE-0016,2024,11,79,-30,49,Inventory consideration
SC-FUE-0016,2024,12,103,24,127,Customer demand expectation
SC-ELC-0012,2020,1,605,0,605,
SC-ELC-0012,2020,2,499,-221,278,Inventory consideration
SC-ELC-0012,2020,3,656,-177,479,Customer demand expectation
SC-ELC-0012,2020,4,447,157,604,
SC-ELC-0012,2020,5,505,90,595,Critical part requirement
SC-ELC-0012,2020,6,531,-109,422,Inventory consideration
SC-ELC-0012,2020,7,645,-179,466,Customer demand expectation
SC-ELC-0012,2020,8,637,0,637,
SC-ELC-0012,2020,9,476,0,476,
SC-ELC-0012,2020,10,599,0,599,No adjustment
SC-ELC-0012,2020,11,873,183,1056,Customer demand expectation
SC-ELC-0012,2020,12,823,0,823,
SC-ELC-0012,2021,1,776,-250,526,Inventory consideration
SC-ELC-0012,2021,2,446,-152,294,Customer demand expectation
SC-ELC-0012,2021,3,441,0,441,
SC-ELC-0012,2021,4,448,61,509,Critical part requirement
SC-ELC-0012,2021,5,676,-199,477,Customer demand expectation
SC-ELC-0012,2021,6,756,-266,490,Inventory consideration
SC-ELC-0012,2021,7,553,-195,358,Inventory consideration
SC-ELC-0012,2021,8,637,156,793,Customer demand expectation
SC-ELC-0012,2021,9,790,-338,452,Customer demand expectation
SC-ELC-0012,2021,10,375,0,375,No adjustment
SC-ELC-0012,2021,11,647,-282,365,Customer demand expectation
SC-ELC-0012,2021,12,601,0,601,
SC-ELC-0012,2022,1,448,75,523,Lead time consideration
SC-ELC-0012,2022,2,548,-64,484,Inventory consideration
SC-ELC-0012,2022,3,537,0,537,
SC-ELC-0012,2022,4,642,-225,417,Customer demand expectation
SC-ELC-0012,2022,5,598,-92,506,Inventory consideration
SC-ELC-0012,2022,6,658,0,658,No adjustment
SC-ELC-0012,2022,7,589,248,837,Lead time consideration
SC-ELC-0012,2022,8,462,116,578,Lead time consideration
SC-ELC-0012,2022,9,549,-73,476,Customer demand expectation
SC-ELC-0012,2022,10,670,-230,440,
SC-ELC-0012,2022,11,695,222,917,
SC-ELC-0012,2022,12,515,0,515,No adjustment
SC-ELC-0012,2023,1,723,-239,484,Customer demand expectation
SC-ELC-0012,2023,2,583,253,836,Lead time consideration
SC-ELC-0012,2023,3,448,-172,276,Inventory consideration
SC-ELC-0012,2023,4,465,-207,258,Customer demand expectation
SC-ELC-0012,2023,5,723,0,723,No adjustment
SC-ELC-0012,2023,6,486,0,486,
SC-ELC-0012,2023,7,820,328,1148,
SC-ELC-0012,2023,8,716,0,716,No adjustment
SC-ELC-0012,2023,9,517,0,517,No adjustment
SC-ELC-0012,2023,10,592,252,844,Lead time consideration
SC-ELC-0012,2023,11,678,-177,501,Customer demand expectation
SC-ELC-0012,2023,12,390,117,507,Critical part requirement
SC-ELC-0012,2024,1,598,-125,473,Inventory consideration
SC-ELC-0012,2024,2,807,0,807,No adjustment
SC-ELC-0012,2024,3,571,0,571,No adjustment
SC-ELC-0012,2024,4,773,0,773,
SC-ELC-0012,2024,5,504,0,504,
SC-ELC-0012,2024,6,827,185,1012,Critical part requirement
SC-ELC-0012,2024,7,545,-153,392,Customer demand expectation
SC-ELC-0012,2024,8,747,202,949,Customer demand expectation
SC-ELC-0012,2024,9,725,0,725,No adjustment
SC-ELC-0012,2024,10,671,72,743,Customer demand expectation
SC-ELC-0012,2024,11,623,0,623,No adjustment
SC-ELC-0012,2024,12,433,-118,315,
SC-SUS-0024,2020,1,1684,0,1684,
SC-SUS-0024,2020,2,1789,0,1789,
SC-SUS-0024,2020,3,1472,572,2044,Critical part requirement
SC-SUS-0024,2020,4,1501,343,1844,Critical part requirement
SC-SUS-0024,2020,5,1440,0,1440,No adjustment
SC-SUS-0024,2020,6,2055,0,2055,No adjustment
SC-SUS-0024,2020,7,1355,504,1859,Customer demand expectation
SC-SUS-0024,2020,8,1492,-294,1198,Inventory consideration
SC-SUS-0024,2020,9,2305,-411,1894,Customer demand expectation
SC-SUS-0024,2020,10,1271,-483,788,Customer demand expectation
SC-SUS-0024,2020,11,2617,0,2617,No adjustment
SC-SUS-0024,2020,12,2645,0,2645,No adjustment
SC-SUS-0024,2021,1,1919,200,2119,Critical part requirement
SC-SUS-0024,2021,2,1585,0,1585,No adjustment
SC-SUS-0024,2021,3,816,-259,557,Customer demand expectation
SC-SUS-0024,2021,4,1373,0,1373,No adjustment
SC-SUS-0024,2021,5,1263,0,1263,No adjustment
SC-SUS-0024,2021,6,1554,0,1554,No adjustment
SC-SUS-0024,2021,7,1914,0,1914,
SC-SUS-0024,2021,8,2218,524,2742,
SC-SUS-0024,2021,9,2244,0,2244,No adjustment
SC-SUS-0024,2021,10,1921,0,1921,No adjustment
SC-SUS-0024,2021,11,2162,-324,1838,Customer demand expectation
SC-SUS-0024,2021,12,1523,0,1523,
SC-SUS-0024,2022,1,2372,679,3051,Customer demand expectation
SC-SUS-0024,2022,2,2692,1032,3724,Customer demand expectation
SC-SUS-0024,2022,3,1747,248,1995,Critical part requirement
SC-SUS-0024,2022,4,1427,-237,1190,Inventory consideration
SC-SUS-0024,2022,5,1546,-316,1230,Inventory consideration
SC-SUS-0024,2022,6,1869,-272,1597,Inventory consideration
SC-SUS-0024,2022,7,2034,-431,1603,
SC-SUS-0024,2022,8,1823,-444,1379,Customer demand expectation
SC-SUS-0024,2022,9,3007,0,3007,No adjustment
SC-SUS-0024,2022,10,2269,-674,1595,Inventory consideration
SC-SUS-0024,2022,11,1961,0,1961,No adjustment
SC-SUS-0024,2022,12,2514,0,2514,No adjustment
SC-SUS-0024,2023,1,1808,-688,1120,Customer demand expectation
SC-SUS-0024,2023,2,2096,-222,1874,
SC-SUS-0024,2023,3,1420,-476,944,Inventory consideration
SC-SUS-0024,2023,4,1994,-370,1624,Inventory consideration
SC-SUS-0024,2023,5,1961,-380,1581,Customer demand expectation
SC-SUS-0024,2023,6,1912,0,1912,
SC-SUS-0024,2023,7,1749,0,1749,
SC-SUS-0024,2023,8,1849,822,2671,Customer demand expectation
SC-SUS-0024,2023,9,2485,-429,2056,Inventory consideration
SC-SUS-0024,2023,10,1401,0,1401,No adjustment
SC-SUS-0024,2023,11,1838,-631,1207,Inventory consideration
SC-SUS-0024,2023,12,2505,-1034,1471,Inventory consideration
SC-SUS-0024,2024,1,2181,285,2466,Lead time consideration
SC-SUS-0024,2024,2,1734,0,1734,No adjustment
SC-SUS-0024,2024,3,1317,0,1317,No adjustment
SC-SUS-0024,2024,4,1632,0,1632,
SC-SUS-0024,2024,5,1811,-612,1199,Inventory consideration
SC-SUS-0024,2024,6,1869,570,2439,Critical part requirement
SC-SUS-0024,2024,7,1337,0,1337,No adjustment
SC-SUS-0024,2024,8,2197,742,2939,Critical part requirement
SC-SUS-0024,2024,9,2263,-922,1341,Inventory consideration
SC-SUS-0024,2024,10,1576,383,1959,Customer demand expectation
SC-SUS-0024,2024,11,1628,358,1986,Critical part requirement
SC-SUS-0024,2024,12,2394,0,2394,
