Part_Number,Year,Month,Raw_Forecast_Demand
SC-FUE-0001,2020,1,237
SC-FUE-0001,2020,2,299
SC-FUE-0001,2020,3,509
SC-FUE-0001,2020,4,568
SC-FUE-0001,2020,5,859
SC-FUE-0001,2020,6,846
SC-FUE-0001,2020,7,1117
SC-FUE-0001,2020,8,895
SC-FUE-0001,2020,9,1165
SC-FUE-0001,2020,10,928
SC-FUE-0001,2020,11,1215
SC-FUE-0001,2020,12,1122
SC-FUE-0001,2021,1,1451
SC-FUE-0001,2021,2,1290
SC-FUE-0001,2021,3,893
SC-FUE-0001,2021,4,910
SC-FUE-0001,2021,5,874
SC-FUE-0001,2021,6,1015
SC-FUE-0001,2021,7,1092
SC-FUE-0001,2021,8,1261
SC-FUE-0001,2021,9,1097
SC-FUE-0001,2021,10,1061
SC-FUE-0001,2021,11,811
SC-FUE-0001,2021,12,1093
SC-FUE-0001,2022,1,1240
SC-FUE-0001,2022,2,893
SC-FUE-0001,2022,3,411
SC-FUE-0001,2022,4,656
SC-FUE-0001,2022,5,802
SC-FUE-0001,2022,6,1049
SC-FUE-0001,2022,7,1221
SC-FUE-0001,2022,8,2070
SC-FUE-0001,2022,9,1624
SC-FUE-0001,2022,10,1424
SC-FUE-0001,2022,11,1080
SC-FUE-0001,2022,12,743
SC-FUE-0001,2023,1,1136
SC-FUE-0001,2023,2,874
SC-FUE-0001,2023,3,969
SC-FUE-0001,2023,4,852
SC-FUE-0001,2023,5,1224
SC-FUE-0001,2023,6,1101
SC-FUE-0001,2023,7,1134
SC-FUE-0001,2023,8,1298
SC-FUE-0001,2023,9,1033
SC-FUE-0001,2023,10,760
SC-FUE-0001,2023,11,982
SC-FUE-0001,2023,12,1376
SC-FUE-0001,2024,1,1211
SC-FUE-0001,2024,2,1126
SC-FUE-0001,2024,3,1057
SC-FUE-0001,2024,4,1013
SC-FUE-0001,2024,5,1023
SC-FUE-0001,2024,6,1231
SC-FUE-0001,2024,7,1394
SC-FUE-0001,2024,8,828
SC-FUE-0001,2024,9,977
SC-FUE-0001,2024,10,985
SC-FUE-0001,2024,11,1061
SC-FUE-0001,2024,12,936
SC-FLT-0001,2020,1,509
SC-FLT-0001,2020,2,533
SC-FLT-0001,2020,3,425
SC-FLT-0001,2020,4,476
SC-FLT-0001,2020,5,225
SC-FLT-0001,2020,6,478
SC-FLT-0001,2020,7,633
SC-FLT-0001,2020,8,408
SC-FLT-0001,2020,9,578
SC-FLT-0001,2020,10,366
SC-FLT-0001,2020,11,119
SC-FLT-0001,2020,12,390
SC-FLT-0001,2021,1,472
SC-FLT-0001,2021,2,576
SC-FLT-0001,2021,3,365
SC-FLT-0001,2021,4,281
SC-FLT-0001,2021,5,113
SC-FLT-0001,2021,6,368
SC-FLT-0001,2021,7,421
SC-FLT-0001,2021,8,363
SC-FLT-0001,2021,9,645
SC-FLT-0001,2021,10,595
SC-FLT-0001,2021,11,674
SC-FLT-0001,2021,12,592
SC-FLT-0001,2022,1,393
SC-FLT-0001,2022,2,718
SC-FLT-0001,2022,3,535
SC-FLT-0001,2022,4,316
SC-FLT-0001,2022,5,598
SC-FLT-0001,2022,6,313
SC-FLT-0001,2022,7,577
SC-FLT-0001,2022,8,267
SC-FLT-0001,2022,9,384
SC-FLT-0001,2022,10,358
SC-FLT-0001,2022,11,250
SC-FLT-0001,2022,12,368
SC-FLT-0001,2023,1,1034
SC-FLT-0001,2023,2,700
SC-FLT-0001,2023,3,678
SC-FLT-0001,2023,4,581
SC-FLT-0001,2023,5,319
SC-FLT-0001,2023,6,283
SC-FLT-0001,2023,7,379
SC-FLT-0001,2023,8,259
SC-FLT-0001,2023,9,518
SC-FLT-0001,2023,10,455
SC-FLT-0001,2023,11,521
SC-FLT-0001,2023,12,416
SC-FLT-0001,2024,1,261
SC-FLT-0001,2024,2,451
SC-FLT-0001,2024,3,703
SC-FLT-0001,2024,4,616
SC-FLT-0001,2024,5,541
SC-FLT-0001,2024,6,377
SC-FLT-0001,2024,7,463
SC-FLT-0001,2024,8,568
SC-FLT-0001,2024,9,523
SC-FLT-0001,2024,10,363
SC-FLT-0001,2024,11,455
SC-FLT-0001,2024,12,336
SC-HYD-0001,2020,1,615
SC-HYD-0001,2020,2,651
SC-HYD-0001,2020,3,698
SC-HYD-0001,2020,4,401
SC-HYD-0001,2020,5,557
SC-HYD-0001,2020,6,489
SC-HYD-0001,2020,7,706
SC-HYD-0001,2020,8,803
SC-HYD-0001,2020,9,430
SC-HYD-0001,2020,10,644
SC-HYD-0001,2020,11,607
SC-HYD-0001,2020,12,996
SC-HYD-0001,2021,1,637
SC-HYD-0001,2021,2,1017
SC-HYD-0001,2021,3,401
SC-HYD-0001,2021,4,572
SC-HYD-0001,2021,5,514
SC-HYD-0001,2021,6,556
SC-HYD-0001,2021,7,919
SC-HYD-0001,2021,8,554
SC-HYD-0001,2021,9,494
SC-HYD-0001,2021,10,564
SC-HYD-0001,2021,11,821
SC-HYD-0001,2021,12,604
SC-HYD-0001,2022,1,380
SC-HYD-0001,2022,2,483
SC-HYD-0001,2022,3,962
SC-HYD-0001,2022,4,631
SC-HYD-0001,2022,5,925
SC-HYD-0001,2022,6,889
SC-HYD-0001,2022,7,767
SC-HYD-0001,2022,8,767
SC-HYD-0001,2022,9,578
SC-HYD-0001,2022,10,670
SC-HYD-0001,2022,11,725
SC-HYD-0001,2022,12,924
SC-HYD-0001,2023,1,662
SC-HYD-0001,2023,2,647
SC-HYD-0001,2023,3,922
SC-HYD-0001,2023,4,1169
SC-HYD-0001,2023,5,1069
SC-HYD-0001,2023,6,863
SC-HYD-0001,2023,7,1132
SC-HYD-0001,2023,8,733
SC-HYD-0001,2023,9,896
SC-HYD-0001,2023,10,890
SC-HYD-0001,2023,11,795
SC-HYD-0001,2023,12,437
SC-HYD-0001,2024,1,427
SC-HYD-0001,2024,2,844
SC-HYD-0001,2024,3,1054
SC-HYD-0001,2024,4,882
SC-HYD-0001,2024,5,699
SC-HYD-0001,2024,6,1201
SC-HYD-0001,2024,7,873
SC-HYD-0001,2024,8,774
SC-HYD-0001,2024,9,965
SC-HYD-0001,2024,10,703
SC-HYD-0001,2024,11,746
SC-HYD-0001,2024,12,1033
SC-CLG-0001,2020,1,15
SC-CLG-0001,2020,2,50
SC-CLG-0001,2020,3,13
SC-CLG-0001,2020,4,11
SC-CLG-0001,2020,5,65
SC-CLG-0001,2020,6,55
SC-CLG-0001,2020,7,76
SC-CLG-0001,2020,8,24
SC-CLG-0001,2020,9,22
SC-CLG-0001,2020,10,30
SC-CLG-0001,2020,11,96
SC-CLG-0001,2020,12,33
SC-CLG-0001,2021,1,38
SC-CLG-0001,2021,2,35
SC-CLG-0001,2021,3,75
SC-CLG-0001,2021,4,35
SC-CLG-0001,2021,5,7
SC-CLG-0001,2021,6,0
SC-CLG-0001,2021,7,30
SC-CLG-0001,2021,8,25
SC-CLG-0001,2021,9,48
SC-CLG-0001,2021,10,93
SC-CLG-0001,2021,11,22
SC-CLG-0001,2021,12,0
SC-CLG-0001,2022,1,58
SC-CLG-0001,2022,2,28
SC-CLG-0001,2022,3,51
SC-CLG-0001,2022,4,29
SC-CLG-0001,2022,5,40
SC-CLG-0001,2022,6,59
SC-CLG-0001,2022,7,25
SC-CLG-0001,2022,8,22
SC-CLG-0001,2022,9,65
SC-CLG-0001,2022,10,41
SC-CLG-0001,2022,11,28
SC-CLG-0001,2022,12,58
SC-CLG-0001,2023,1,63
SC-CLG-0001,2023,2,21
SC-CLG-0001,2023,3,42
SC-CLG-0001,2023,4,32
SC-CLG-0001,2023,5,38
SC-CLG-0001,2023,6,0
SC-CLG-0001,2023,7,71
SC-CLG-0001,2023,8,32
SC-CLG-0001,2023,9,43
SC-CLG-0001,2023,10,13
SC-CLG-0001,2023,11,0
SC-CLG-0001,2023,12,47
SC-CLG-0001,2024,1,85
SC-CLG-0001,2024,2,21
SC-CLG-0001,2024,3,40
SC-CLG-0001,2024,4,2
SC-CLG-0001,2024,5,12
SC-CLG-0001,2024,6,33
SC-CLG-0001,2024,7,73
SC-CLG-0001,2024,8,46
SC-CLG-0001,2024,9,50
SC-CLG-0001,2024,10,79
SC-CLG-0001,2024,11,33
SC-CLG-0001,2024,12,59
SC-TRN-0001,2020,1,279
SC-TRN-0001,2020,2,183
SC-TRN-0001,2020,3,47
SC-TRN-0001,2020,4,313
SC-TRN-0001,2020,5,244
SC-TRN-0001,2020,6,189
SC-TRN-0001,2020,7,112
SC-TRN-0001,2020,8,112
SC-TRN-0001,2020,9,382
SC-TRN-0001,2020,10,211
SC-TRN-0001,2020,11,105
SC-TRN-0001,2020,12,228
SC-TRN-0001,2021,1,228
SC-TRN-0001,2021,2,261
SC-TRN-0001,2021,3,212
SC-TRN-0001,2021,4,208
SC-TRN-0001,2021,5,240
SC-TRN-0001,2021,6,92
SC-TRN-0001,2021,7,187
SC-TRN-0001,2021,8,180
SC-TRN-0001,2021,9,176
SC-TRN-0001,2021,10,311
SC-TRN-0001,2021,11,252
SC-TRN-0001,2021,12,88
SC-TRN-0001,2022,1,350
SC-TRN-0001,2022,2,231
SC-TRN-0001,2022,3,221
SC-TRN-0001,2022,4,256
SC-TRN-0001,2022,5,196
SC-TRN-0001,2022,6,257
SC-TRN-0001,2022,7,350
SC-TRN-0001,2022,8,388
SC-TRN-0001,2022,9,275
SC-TRN-0001,2022,10,352
SC-TRN-0001,2022,11,322
SC-TRN-0001,2022,12,464
SC-TRN-0001,2023,1,160
SC-TRN-0001,2023,2,409
SC-TRN-0001,2023,3,348
SC-TRN-0001,2023,4,250
SC-TRN-0001,2023,5,222
SC-TRN-0001,2023,6,94
SC-TRN-0001,2023,7,420
SC-TRN-0001,2023,8,310
SC-TRN-0001,2023,9,139
SC-TRN-0001,2023,10,333
SC-TRN-0001,2023,11,247
SC-TRN-0001,2023,12,174
SC-TRN-0001,2024,1,380
SC-TRN-0001,2024,2,163
SC-TRN-0001,2024,3,260
SC-TRN-0001,2024,4,452
SC-TRN-0001,2024,5,300
SC-TRN-0001,2024,6,199
SC-TRN-0001,2024,7,248
SC-TRN-0001,2024,8,301
SC-TRN-0001,2024,9,281
SC-TRN-0001,2024,10,235
SC-TRN-0001,2024,11,429
SC-TRN-0001,2024,12,412
SC-SUS-0001,2020,1,81
SC-SUS-0001,2020,2,59
SC-SUS-0001,2020,3,84
SC-SUS-0001,2020,4,102
SC-SUS-0001,2020,5,38
SC-SUS-0001,2020,6,118
SC-SUS-0001,2020,7,188
SC-SUS-0001,2020,8,245
SC-SUS-0001,2020,9,101
SC-SUS-0001,2020,10,179
SC-SUS-0001,2020,11,215
SC-SUS-0001,2020,12,214
SC-SUS-0001,2021,1,125
SC-SUS-0001,2021,2,196
SC-SUS-0001,2021,3,171
SC-SUS-0001,2021,4,168
SC-SUS-0001,2021,5,220
SC-SUS-0001,2021,6,178
SC-SUS-0001,2021,7,192
SC-SUS-0001,2021,8,152
SC-SUS-0001,2021,9,149
SC-SUS-0001,2021,10,198
SC-SUS-0001,2021,11,252
SC-SUS-0001,2021,12,93
SC-SUS-0001,2022,1,193
SC-SUS-0001,2022,2,155
SC-SUS-0001,2022,3,221
SC-SUS-0001,2022,4,126
SC-SUS-0001,2022,5,122
SC-SUS-0001,2022,6,197
SC-SUS-0001,2022,7,344
SC-SUS-0001,2022,8,169
SC-SUS-0001,2022,9,177
SC-SUS-0001,2022,10,137
SC-SUS-0001,2022,11,315
SC-SUS-0001,2022,12,99
SC-SUS-0001,2023,1,235
SC-SUS-0001,2023,2,182
SC-SUS-0001,2023,3,218
SC-SUS-0001,2023,4,268
SC-SUS-0001,2023,5,145
SC-SUS-0001,2023,6,276
SC-SUS-0001,2023,7,250
SC-SUS-0001,2023,8,188
SC-SUS-0001,2023,9,242
SC-SUS-0001,2023,10,230
SC-SUS-0001,2023,11,273
SC-SUS-0001,2023,12,245
SC-SUS-0001,2024,1,206
SC-SUS-0001,2024,2,112
SC-SUS-0001,2024,3,153
SC-SUS-0001,2024,4,336
SC-SUS-0001,2024,5,118
SC-SUS-0001,2024,6,242
SC-SUS-0001,2024,7,253
SC-SUS-0001,2024,8,326
SC-SUS-0001,2024,9,129
SC-SUS-0001,2024,10,185
SC-SUS-0001,2024,11,262
SC-SUS-0001,2024,12,338
SC-ENG-0001,2020,1,150
SC-ENG-0001,2020,2,63
SC-ENG-0001,2020,3,113
SC-ENG-0001,2020,4,153
SC-ENG-0001,2020,5,31
SC-ENG-0001,2020,6,118
SC-ENG-0001,2020,7,54
SC-ENG-0001,2020,8,81
SC-ENG-0001,2020,9,16
SC-ENG-0001,2020,10,77
SC-ENG-0001,2020,11,61
SC-ENG-0001,2020,12,25
SC-ENG-0001,2021,1,23
SC-ENG-0001,2021,2,6
SC-ENG-0001,2021,3,27
SC-ENG-0001,2021,4,33
SC-ENG-0001,2021,5,117
SC-ENG-0001,2021,6,47
SC-ENG-0001,2021,7,22
SC-ENG-0001,2021,8,82
SC-ENG-0001,2021,9,182
SC-ENG-0001,2021,10,71
SC-ENG-0001,2021,11,109
SC-ENG-0001,2021,12,39
SC-ENG-0001,2022,1,27
SC-ENG-0001,2022,2,70
SC-ENG-0001,2022,3,34
SC-ENG-0001,2022,4,71
SC-ENG-0001,2022,5,41
SC-ENG-0001,2022,6,177
SC-ENG-0001,2022,7,73
SC-ENG-0001,2022,8,149
SC-ENG-0001,2022,9,150
SC-ENG-0001,2022,10,128
SC-ENG-0001,2022,11,61
SC-ENG-0001,2022,12,25
SC-ENG-0001,2023,1,0
SC-ENG-0001,2023,2,76
SC-ENG-0001,2023,3,217
SC-ENG-0001,2023,4,58
SC-ENG-0001,2023,5,180
SC-ENG-0001,2023,6,102
SC-ENG-0001,2023,7,75
SC-ENG-0001,2023,8,253
SC-ENG-0001,2023,9,44
SC-ENG-0001,2023,10,144
SC-ENG-0001,2023,11,54
SC-ENG-0001,2023,12,132
SC-ENG-0001,2024,1,246
SC-ENG-0001,2024,2,408
SC-ENG-0001,2024,3,291
SC-ENG-0001,2024,4,445
SC-ENG-0001,2024,5,194
SC-ENG-0001,2024,6,389
SC-ENG-0001,2024,7,231
SC-ENG-0001,2024,8,108
SC-ENG-0001,2024,9,432
SC-ENG-0001,2024,10,76
SC-ENG-0001,2024,11,37
SC-ENG-0001,2024,12,33
SC-ENG-0002,2020,1,1415
SC-ENG-0002,2020,2,1568
SC-ENG-0002,2020,3,1043
SC-ENG-0002,2020,4,1728
SC-ENG-0002,2020,5,1687
SC-ENG-0002,2020,6,1603
SC-ENG-0002,2020,7,1342
SC-ENG-0002,2020,8,1784
SC-ENG-0002,2020,9,1020
SC-ENG-0002,2020,10,1265
SC-ENG-0002,2020,11,1695
SC-ENG-0002,2020,12,1356
SC-ENG-0002,2021,1,1128
SC-ENG-0002,2021,2,1517
SC-ENG-0002,2021,3,1416
SC-ENG-0002,2021,4,1082
SC-ENG-0002,2021,5,1453
SC-ENG-0002,2021,6,1536
SC-ENG-0002,2021,7,1403
SC-ENG-0002,2021,8,1350
SC-ENG-0002,2021,9,1486
SC-ENG-0002,2021,10,1629
SC-ENG-0002,2021,11,1288
SC-ENG-0002,2021,12,1764
SC-ENG-0002,2022,1,1816
SC-ENG-0002,2022,2,1564
SC-ENG-0002,2022,3,1459
SC-ENG-0002,2022,4,1377
SC-ENG-0002,2022,5,1475
SC-ENG-0002,2022,6,1328
SC-ENG-0002,2022,7,1434
SC-ENG-0002,2022,8,1453
SC-ENG-0002,2022,9,1157
SC-ENG-0002,2022,10,982
SC-ENG-0002,2022,11,1359
SC-ENG-0002,2022,12,1601
SC-ENG-0002,2023,1,1698
SC-ENG-0002,2023,2,1845
SC-ENG-0002,2023,3,1966
SC-ENG-0002,2023,4,2214
SC-ENG-0002,2023,5,1724
SC-ENG-0002,2023,6,1634
SC-ENG-0002,2023,7,1985
SC-ENG-0002,2023,8,1958
SC-ENG-0002,2023,9,1577
SC-ENG-0002,2023,10,1456
SC-ENG-0002,2023,11,2044
SC-ENG-0002,2023,12,1493
SC-ENG-0002,2024,1,1489
SC-ENG-0002,2024,2,1838
SC-ENG-0002,2024,3,1878
SC-ENG-0002,2024,4,1289
SC-ENG-0002,2024,5,1927
SC-ENG-0002,2024,6,2040
SC-ENG-0002,2024,7,1557
SC-ENG-0002,2024,8,1269
SC-ENG-0002,2024,9,918
SC-ENG-0002,2024,10,2223
SC-ENG-0002,2024,11,2339
SC-ENG-0002,2024,12,1959
SC-HYD-0002,2020,1,38
SC-HYD-0002,2020,2,33
SC-HYD-0002,2020,3,30
SC-HYD-0002,2020,4,48
SC-HYD-0002,2020,5,24
SC-HYD-0002,2020,6,6
SC-HYD-0002,2020,7,50
SC-HYD-0002,2020,8,21
SC-HYD-0002,2020,9,40
SC-HYD-0002,2020,10,59
SC-HYD-0002,2020,11,46
SC-HYD-0002,2020,12,48
SC-HYD-0002,2021,1,43
SC-HYD-0002,2021,2,27
SC-HYD-0002,2021,3,0
SC-HYD-0002,2021,4,20
SC-HYD-0002,2021,5,22
SC-HYD-0002,2021,6,54
SC-HYD-0002,2021,7,87
SC-HYD-0002,2021,8,1
SC-HYD-0002,2021,9,28
SC-HYD-0002,2021,10,27
SC-HYD-0002,2021,11,27
SC-HYD-0002,2021,12,22
SC-HYD-0002,2022,1,16
SC-HYD-0002,2022,2,49
SC-HYD-0002,2022,3,46
SC-HYD-0002,2022,4,53
SC-HYD-0002,2022,5,34
SC-HYD-0002,2022,6,46
SC-HYD-0002,2022,7,24
SC-HYD-0002,2022,8,39
SC-HYD-0002,2022,9,45
SC-HYD-0002,2022,10,60
SC-HYD-0002,2022,11,39
SC-HYD-0002,2022,12,133
SC-HYD-0002,2023,1,98
SC-HYD-0002,2023,2,50
SC-HYD-0002,2023,3,67
SC-HYD-0002,2023,4,59
SC-HYD-0002,2023,5,33
SC-HYD-0002,2023,6,49
SC-HYD-0002,2023,7,74
SC-HYD-0002,2023,8,47
SC-HYD-0002,2023,9,62
SC-HYD-0002,2023,10,88
SC-HYD-0002,2023,11,62
SC-HYD-0002,2023,12,70
SC-HYD-0002,2024,1,122
SC-HYD-0002,2024,2,77
SC-HYD-0002,2024,3,73
SC-HYD-0002,2024,4,44
SC-HYD-0002,2024,5,26
SC-HYD-0002,2024,6,38
SC-HYD-0002,2024,7,8
SC-HYD-0002,2024,8,79
SC-HYD-0002,2024,9,24
SC-HYD-0002,2024,10,0
SC-HYD-0002,2024,11,98
SC-HYD-0002,2024,12,73
SC-SUS-0002,2020,1,602
SC-SUS-0002,2020,2,500
SC-SUS-0002,2020,3,586
SC-SUS-0002,2020,4,776
SC-SUS-0002,2020,5,839
SC-SUS-0002,2020,6,654
SC-SUS-0002,2020,7,714
SC-SUS-0002,2020,8,1124
SC-SUS-0002,2020,9,963
SC-SUS-0002,2020,10,1108
SC-SUS-0002,2020,11,903
SC-SUS-0002,2020,12,875
SC-SUS-0002,2021,1,894
SC-SUS-0002,2021,2,1000
SC-SUS-0002,2021,3,816
SC-SUS-0002,2021,4,735
SC-SUS-0002,2021,5,1053
SC-SUS-0002,2021,6,793
SC-SUS-0002,2021,7,804
SC-SUS-0002,2021,8,789
SC-SUS-0002,2021,9,983
SC-SUS-0002,2021,10,573
SC-SUS-0002,2021,11,984
SC-SUS-0002,2021,12,1175
SC-SUS-0002,2022,1,1004
SC-SUS-0002,2022,2,1326
SC-SUS-0002,2022,3,856
SC-SUS-0002,2022,4,1062
SC-SUS-0002,2022,5,886
SC-SUS-0002,2022,6,1233
SC-SUS-0002,2022,7,1005
SC-SUS-0002,2022,8,1161
SC-SUS-0002,2022,9,675
SC-SUS-0002,2022,10,851
SC-SUS-0002,2022,11,715
SC-SUS-0002,2022,12,924
SC-SUS-0002,2023,1,1115
SC-SUS-0002,2023,2,963
SC-SUS-0002,2023,3,911
SC-SUS-0002,2023,4,1206
SC-SUS-0002,2023,5,1168
SC-SUS-0002,2023,6,895
SC-SUS-0002,2023,7,952
SC-SUS-0002,2023,8,916
SC-SUS-0002,2023,9,948
SC-SUS-0002,2023,10,976
SC-SUS-0002,2023,11,1010
SC-SUS-0002,2023,12,980
SC-SUS-0002,2024,1,1132
SC-SUS-0002,2024,2,1118
SC-SUS-0002,2024,3,1425
SC-SUS-0002,2024,4,1602
SC-SUS-0002,2024,5,748
SC-SUS-0002,2024,6,938
SC-SUS-0002,2024,7,957
SC-SUS-0002,2024,8,1024
SC-SUS-0002,2024,9,918
SC-SUS-0002,2024,10,1021
SC-SUS-0002,2024,11,1150
SC-SUS-0002,2024,12,1201
SC-HYD-0003,2020,1,274
SC-HYD-0003,2020,2,535
SC-HYD-0003,2020,3,477
SC-HYD-0003,2020,4,566
SC-HYD-0003,2020,5,563
SC-HYD-0003,2020,6,619
SC-HYD-0003,2020,7,451
SC-HYD-0003,2020,8,763
SC-HYD-0003,2020,9,465
SC-HYD-0003,2020,10,752
SC-HYD-0003,2020,11,692
SC-HYD-0003,2020,12,523
SC-HYD-0003,2021,1,774
SC-HYD-0003,2021,2,995
SC-HYD-0003,2021,3,548
SC-HYD-0003,2021,4,476
SC-HYD-0003,2021,5,830
SC-HYD-0003,2021,6,618
SC-HYD-0003,2021,7,682
SC-HYD-0003,2021,8,827
SC-HYD-0003,2021,9,1023
SC-HYD-0003,2021,10,1078
SC-HYD-0003,2021,11,788
SC-HYD-0003,2021,12,529
SC-HYD-0003,2022,1,948
SC-HYD-0003,2022,2,283
SC-HYD-0003,2022,3,927
SC-HYD-0003,2022,4,714
SC-HYD-0003,2022,5,538
SC-HYD-0003,2022,6,206
SC-HYD-0003,2022,7,517
SC-HYD-0003,2022,8,730
SC-HYD-0003,2022,9,297
SC-HYD-0003,2022,10,619
SC-HYD-0003,2022,11,587
SC-HYD-0003,2022,12,796
SC-HYD-0003,2023,1,553
SC-HYD-0003,2023,2,1085
SC-HYD-0003,2023,3,905
SC-HYD-0003,2023,4,580
SC-HYD-0003,2023,5,483
SC-HYD-0003,2023,6,857
SC-HYD-0003,2023,7,536
SC-HYD-0003,2023,8,1048
SC-HYD-0003,2023,9,680
SC-HYD-0003,2023,10,669
SC-HYD-0003,2023,11,452
SC-HYD-0003,2023,12,540
SC-HYD-0003,2024,1,448
SC-HYD-0003,2024,2,487
SC-HYD-0003,2024,3,469
SC-HYD-0003,2024,4,824
SC-HYD-0003,2024,5,731
SC-HYD-0003,2024,6,1022
SC-HYD-0003,2024,7,948
SC-HYD-0003,2024,8,746
SC-HYD-0003,2024,9,991
SC-HYD-0003,2024,10,1016
SC-HYD-0003,2024,11,912
SC-HYD-0003,2024,12,823
SC-FUE-0002,2020,1,93
SC-FUE-0002,2020,2,78
SC-FUE-0002,2020,3,158
SC-FUE-0002,2020,4,228
SC-FUE-0002,2020,5,198
SC-FUE-0002,2020,6,345
SC-FUE-0002,2020,7,418
SC-FUE-0002,2020,8,301
SC-FUE-0002,2020,9,354
SC-FUE-0002,2020,10,307
SC-FUE-0002,2020,11,137
SC-FUE-0002,2020,12,643
SC-FUE-0002,2021,1,238
SC-FUE-0002,2021,2,345
SC-FUE-0002,2021,3,249
SC-FUE-0002,2021,4,191
SC-FUE-0002,2021,5,414
SC-FUE-0002,2021,6,650
SC-FUE-0002,2021,7,563
SC-FUE-0002,2021,8,611
SC-FUE-0002,2021,9,343
SC-FUE-0002,2021,10,174
SC-FUE-0002,2021,11,403
SC-FUE-0002,2021,12,218
SC-FUE-0002,2022,1,521
SC-FUE-0002,2022,2,240
SC-FUE-0002,2022,3,330
SC-FUE-0002,2022,4,247
SC-FUE-0002,2022,5,301
SC-FUE-0002,2022,6,338
SC-FUE-0002,2022,7,372
SC-FUE-0002,2022,8,327
SC-FUE-0002,2022,9,391
SC-FUE-0002,2022,10,412
SC-FUE-0002,2022,11,323
SC-FUE-0002,2022,12,403
SC-FUE-0002,2023,1,547
SC-FUE-0002,2023,2,472
SC-FUE-0002,2023,3,582
SC-FUE-0002,2023,4,568
SC-FUE-0002,2023,5,365
SC-FUE-0002,2023,6,421
SC-FUE-0002,2023,7,440
SC-FUE-0002,2023,8,329
SC-FUE-0002,2023,9,413
SC-FUE-0002,2023,10,447
SC-FUE-0002,2023,11,232
SC-FUE-0002,2023,12,474
SC-FUE-0002,2024,1,370
SC-FUE-0002,2024,2,380
SC-FUE-0002,2024,3,564
SC-FUE-0002,2024,4,421
SC-FUE-0002,2024,5,524
SC-FUE-0002,2024,6,577
SC-FUE-0002,2024,7,201
SC-FUE-0002,2024,8,353
SC-FUE-0002,2024,9,823
SC-FUE-0002,2024,10,416
SC-FUE-0002,2024,11,463
SC-FUE-0002,2024,12,372
SC-FLT-0002,2020,1,83
SC-FLT-0002,2020,2,192
SC-FLT-0002,2020,3,309
SC-FLT-0002,2020,4,202
SC-FLT-0002,2020,5,118
SC-FLT-0002,2020,6,499
SC-FLT-0002,2020,7,385
SC-FLT-0002,2020,8,877
SC-FLT-0002,2020,9,819
SC-FLT-0002,2020,10,909
SC-FLT-0002,2020,11,745
SC-FLT-0002,2020,12,532
SC-FLT-0002,2021,1,273
SC-FLT-0002,2021,2,745
SC-FLT-0002,2021,3,418
SC-FLT-0002,2021,4,603
SC-FLT-0002,2021,5,406
SC-FLT-0002,2021,6,679
SC-FLT-0002,2021,7,514
SC-FLT-0002,2021,8,720
SC-FLT-0002,2021,9,623
SC-FLT-0002,2021,10,988
SC-FLT-0002,2021,11,903
SC-FLT-0002,2021,12,781
SC-FLT-0002,2022,1,1077
SC-FLT-0002,2022,2,691
SC-FLT-0002,2022,3,693
SC-FLT-0002,2022,4,701
SC-FLT-0002,2022,5,493
SC-FLT-0002,2022,6,468
SC-FLT-0002,2022,7,585
SC-FLT-0002,2022,8,406
SC-FLT-0002,2022,9,916
SC-FLT-0002,2022,10,639
SC-FLT-0002,2022,11,824
SC-FLT-0002,2022,12,639
SC-FLT-0002,2023,1,844
SC-FLT-0002,2023,2,980
SC-FLT-0002,2023,3,365
SC-FLT-0002,2023,4,828
SC-FLT-0002,2023,5,472
SC-FLT-0002,2023,6,794
SC-FLT-0002,2023,7,1106
SC-FLT-0002,2023,8,1037
SC-FLT-0002,2023,9,705
SC-FLT-0002,2023,10,818
SC-FLT-0002,2023,11,411
SC-FLT-0002,2023,12,647
SC-FLT-0002,2024,1,800
SC-FLT-0002,2024,2,1298
SC-FLT-0002,2024,3,460
SC-FLT-0002,2024,4,884
SC-FLT-0002,2024,5,546
SC-FLT-0002,2024,6,1111
SC-FLT-0002,2024,7,1217
SC-FLT-0002,2024,8,1628
SC-FLT-0002,2024,9,1253
SC-FLT-0002,2024,10,1176
SC-FLT-0002,2024,11,889
SC-FLT-0002,2024,12,775
SC-SUS-0003,2020,1,53
SC-SUS-0003,2020,2,51
SC-SUS-0003,2020,3,18
SC-SUS-0003,2020,4,38
SC-SUS-0003,2020,5,11
SC-SUS-0003,2020,6,29
SC-SUS-0003,2020,7,22
SC-SUS-0003,2020,8,39
SC-SUS-0003,2020,9,54
SC-SUS-0003,2020,10,71
SC-SUS-0003,2020,11,64
SC-SUS-0003,2020,12,29
SC-SUS-0003,2021,1,36
SC-SUS-0003,2021,2,97
SC-SUS-0003,2021,3,64
SC-SUS-0003,2021,4,27
SC-SUS-0003,2021,5,21
SC-SUS-0003,2021,6,80
SC-SUS-0003,2021,7,103
SC-SUS-0003,2021,8,34
SC-SUS-0003,2021,9,96
SC-SUS-0003,2021,10,53
SC-SUS-0003,2021,11,63
SC-SUS-0003,2021,12,62
SC-SUS-0003,2022,1,70
SC-SUS-0003,2022,2,71
SC-SUS-0003,2022,3,97
SC-SUS-0003,2022,4,106
SC-SUS-0003,2022,5,113
SC-SUS-0003,2022,6,61
SC-SUS-0003,2022,7,152
SC-SUS-0003,2022,8,74
SC-SUS-0003,2022,9,40
SC-SUS-0003,2022,10,53
SC-SUS-0003,2022,11,83
SC-SUS-0003,2022,12,70
SC-SUS-0003,2023,1,58
SC-SUS-0003,2023,2,66
SC-SUS-0003,2023,3,32
SC-SUS-0003,2023,4,24
SC-SUS-0003,2023,5,84
SC-SUS-0003,2023,6,59
SC-SUS-0003,2023,7,51
SC-SUS-0003,2023,8,83
SC-SUS-0003,2023,9,57
SC-SUS-0003,2023,10,40
SC-SUS-0003,2023,11,75
SC-SUS-0003,2023,12,87
SC-SUS-0003,2024,1,77
SC-SUS-0003,2024,2,80
SC-SUS-0003,2024,3,27
SC-SUS-0003,2024,4,0
SC-SUS-0003,2024,5,148
SC-SUS-0003,2024,6,50
SC-SUS-0003,2024,7,126
SC-SUS-0003,2024,8,33
SC-SUS-0003,2024,9,62
SC-SUS-0003,2024,10,84
SC-SUS-0003,2024,11,68
SC-SUS-0003,2024,12,76
SC-TWA-0001,2020,1,341
SC-TWA-0001,2020,2,348
SC-TWA-0001,2020,3,236
SC-TWA-0001,2020,4,423
SC-TWA-0001,2020,5,304
SC-TWA-0001,2020,6,412
SC-TWA-0001,2020,7,264
SC-TWA-0001,2020,8,726
SC-TWA-0001,2020,9,439
SC-TWA-0001,2020,10,500
SC-TWA-0001,2020,11,534
SC-TWA-0001,2020,12,962
SC-TWA-0001,2021,1,463
SC-TWA-0001,2021,2,477
SC-TWA-0001,2021,3,446
SC-TWA-0001,2021,4,184
SC-TWA-0001,2021,5,486
SC-TWA-0001,2021,6,348
SC-TWA-0001,2021,7,384
SC-TWA-0001,2021,8,427
SC-TWA-0001,2021,9,671
SC-TWA-0001,2021,10,246
SC-TWA-0001,2021,11,461
SC-TWA-0001,2021,12,618
SC-TWA-0001,2022,1,517
SC-TWA-0001,2022,2,627
SC-TWA-0001,2022,3,259
SC-TWA-0001,2022,4,676
SC-TWA-0001,2022,5,394
SC-TWA-0001,2022,6,567
SC-TWA-0001,2022,7,487
SC-TWA-0001,2022,8,666
SC-TWA-0001,2022,9,489
SC-TWA-0001,2022,10,200
SC-TWA-0001,2022,11,602
SC-TWA-0001,2022,12,332
SC-TWA-0001,2023,1,619
SC-TWA-0001,2023,2,364
SC-TWA-0001,2023,3,405
SC-TWA-0001,2023,4,403
SC-TWA-0001,2023,5,526
SC-TWA-0001,2023,6,386
SC-TWA-0001,2023,7,485
SC-TWA-0001,2023,8,637
SC-TWA-0001,2023,9,647
SC-TWA-0001,2023,10,568
SC-TWA-0001,2023,11,658
SC-TWA-0001,2023,12,533
SC-TWA-0001,2024,1,593
SC-TWA-0001,2024,2,459
SC-TWA-0001,2024,3,692
SC-TWA-0001,2024,4,585
SC-TWA-0001,2024,5,413
SC-TWA-0001,2024,6,453
SC-TWA-0001,2024,7,539
SC-TWA-0001,2024,8,812
SC-TWA-0001,2024,9,545
SC-TWA-0001,2024,10,482
SC-TWA-0001,2024,11,489
SC-TWA-0001,2024,12,552
SC-FLT-0003,2020,1,86
SC-FLT-0003,2020,2,86
SC-FLT-0003,2020,3,358
SC-FLT-0003,2020,4,177
SC-FLT-0003,2020,5,230
SC-FLT-0003,2020,6,166
SC-FLT-0003,2020,7,314
SC-FLT-0003,2020,8,595
SC-FLT-0003,2020,9,664
SC-FLT-0003,2020,10,631
SC-FLT-0003,2020,11,340
SC-FLT-0003,2020,12,358
SC-FLT-0003,2021,1,331
SC-FLT-0003,2021,2,489
SC-FLT-0003,2021,3,299
SC-FLT-0003,2021,4,331
SC-FLT-0003,2021,5,485
SC-FLT-0003,2021,6,401
SC-FLT-0003,2021,7,574
SC-FLT-0003,2021,8,56
SC-FLT-0003,2021,9,378
SC-FLT-0003,2021,10,285
SC-FLT-0003,2021,11,394
SC-FLT-0003,2021,12,377
SC-FLT-0003,2022,1,416
SC-FLT-0003,2022,2,613
SC-FLT-0003,2022,3,392
SC-FLT-0003,2022,4,231
SC-FLT-0003,2022,5,602
SC-FLT-0003,2022,6,296
SC-FLT-0003,2022,7,413
SC-FLT-0003,2022,8,613
SC-FLT-0003,2022,9,764
SC-FLT-0003,2022,10,625
SC-FLT-0003,2022,11,522
SC-FLT-0003,2022,12,500
SC-FLT-0003,2023,1,386
SC-FLT-0003,2023,2,336
SC-FLT-0003,2023,3,519
SC-FLT-0003,2023,4,804
SC-FLT-0003,2023,5,335
SC-FLT-0003,2023,6,484
SC-FLT-0003,2023,7,808
SC-FLT-0003,2023,8,536
SC-FLT-0003,2023,9,560
SC-FLT-0003,2023,10,324
SC-FLT-0003,2023,11,303
SC-FLT-0003,2023,12,560
SC-FLT-0003,2024,1,166
SC-FLT-0003,2024,2,504
SC-FLT-0003,2024,3,597
SC-FLT-0003,2024,4,330
SC-FLT-0003,2024,5,546
SC-FLT-0003,2024,6,473
SC-FLT-0003,2024,7,684
SC-FLT-0003,2024,8,967
SC-FLT-0003,2024,9,529
SC-FLT-0003,2024,10,398
SC-FLT-0003,2024,11,594
SC-FLT-0003,2024,12,698
SC-ENG-0003,2020,1,8
SC-ENG-0003,2020,2,6
SC-ENG-0003,2020,3,3
SC-ENG-0003,2020,4,5
SC-ENG-0003,2020,5,12
SC-ENG-0003,2020,6,17
SC-ENG-0003,2020,7,22
SC-ENG-0003,2020,8,4
SC-ENG-0003,2020,9,7
SC-ENG-0003,2020,10,12
SC-ENG-0003,2020,11,26
SC-ENG-0003,2020,12,15
SC-ENG-0003,2021,1,13
SC-ENG-0003,2021,2,28
SC-ENG-0003,2021,3,28
SC-ENG-0003,2021,4,18
SC-ENG-0003,2021,5,10
SC-ENG-0003,2021,6,6
SC-ENG-0003,2021,7,23
SC-ENG-0003,2021,8,18
SC-ENG-0003,2021,9,15
SC-ENG-0003,2021,10,16
SC-ENG-0003,2021,11,17
SC-ENG-0003,2021,12,0
SC-ENG-0003,2022,1,16
SC-ENG-0003,2022,2,6
SC-ENG-0003,2022,3,17
SC-ENG-0003,2022,4,5
SC-ENG-0003,2022,5,10
SC-ENG-0003,2022,6,21
SC-ENG-0003,2022,7,18
SC-ENG-0003,2022,8,21
SC-ENG-0003,2022,9,6
SC-ENG-0003,2022,10,17
SC-ENG-0003,2022,11,16
SC-ENG-0003,2022,12,10
SC-ENG-0003,2023,1,27
SC-ENG-0003,2023,2,8
SC-ENG-0003,2023,3,1
SC-ENG-0003,2023,4,15
SC-ENG-0003,2023,5,16
SC-ENG-0003,2023,6,14
SC-ENG-0003,2023,7,30
SC-ENG-0003,2023,8,28
SC-ENG-0003,2023,9,6
SC-ENG-0003,2023,10,7
SC-ENG-0003,2023,11,14
SC-ENG-0003,2023,12,21
SC-ENG-0003,2024,1,32
SC-ENG-0003,2024,2,12
SC-ENG-0003,2024,3,8
SC-ENG-0003,2024,4,23
SC-ENG-0003,2024,5,3
SC-ENG-0003,2024,6,19
SC-ENG-0003,2024,7,9
SC-ENG-0003,2024,8,19
SC-ENG-0003,2024,9,30
SC-ENG-0003,2024,10,29
SC-ENG-0003,2024,11,20
SC-ENG-0003,2024,12,5
SC-SUS-0004,2020,1,1058
SC-SUS-0004,2020,2,942
SC-SUS-0004,2020,3,976
SC-SUS-0004,2020,4,1114
SC-SUS-0004,2020,5,1068
SC-SUS-0004,2020,6,909
SC-SUS-0004,2020,7,889
SC-SUS-0004,2020,8,1249
SC-SUS-0004,2020,9,1182
SC-SUS-0004,2020,10,1225
SC-SUS-0004,2020,11,1294
SC-SUS-0004,2020,12,1347
SC-SUS-0004,2021,1,1567
SC-SUS-0004,2021,2,982
SC-SUS-0004,2021,3,811
SC-SUS-0004,2021,4,913
SC-SUS-0004,2021,5,1714
SC-SUS-0004,2021,6,944
SC-SUS-0004,2021,7,1399
SC-SUS-0004,2021,8,1304
SC-SUS-0004,2021,9,1581
SC-SUS-0004,2021,10,1748
SC-SUS-0004,2021,11,1419
SC-SUS-0004,2021,12,1241
SC-SUS-0004,2022,1,1632
SC-SUS-0004,2022,2,1729
SC-SUS-0004,2022,3,1334
SC-SUS-0004,2022,4,920
SC-SUS-0004,2022,5,2208
SC-SUS-0004,2022,6,1467
SC-SUS-0004,2022,7,958
SC-SUS-0004,2022,8,1460
SC-SUS-0004,2022,9,1411
SC-SUS-0004,2022,10,1770
SC-SUS-0004,2022,11,1410
SC-SUS-0004,2022,12,2117
SC-SUS-0004,2023,1,1453
SC-SUS-0004,2023,2,1938
SC-SUS-0004,2023,3,1510
SC-SUS-0004,2023,4,1649
SC-SUS-0004,2023,5,1415
SC-SUS-0004,2023,6,1880
SC-SUS-0004,2023,7,2746
SC-SUS-0004,2023,8,2060
SC-SUS-0004,2023,9,1516
SC-SUS-0004,2023,10,1952
SC-SUS-0004,2023,11,1479
SC-SUS-0004,2023,12,1815
SC-SUS-0004,2024,1,2196
SC-SUS-0004,2024,2,1990
SC-SUS-0004,2024,3,2010
SC-SUS-0004,2024,4,1289
SC-SUS-0004,2024,5,1207
SC-SUS-0004,2024,6,1194
SC-SUS-0004,2024,7,1514
SC-SUS-0004,2024,8,1921
SC-SUS-0004,2024,9,3184
SC-SUS-0004,2024,10,3167
SC-SUS-0004,2024,11,2186
SC-SUS-0004,2024,12,2383
SC-FLT-0004,2020,1,31
SC-FLT-0004,2020,2,15
SC-FLT-0004,2020,3,44
SC-FLT-0004,2020,4,10
SC-FLT-0004,2020,5,15
SC-FLT-0004,2020,6,24
SC-FLT-0004,2020,7,9
SC-FLT-0004,2020,8,32
SC-FLT-0004,2020,9,56
SC-FLT-0004,2020,10,17
SC-FLT-0004,2020,11,62
SC-FLT-0004,2020,12,74
SC-FLT-0004,2021,1,77
SC-FLT-0004,2021,2,77
SC-FLT-0004,2021,3,37
SC-FLT-0004,2021,4,77
SC-FLT-0004,2021,5,54
SC-FLT-0004,2021,6,21
SC-FLT-0004,2021,7,31
SC-FLT-0004,2021,8,52
SC-FLT-0004,2021,9,103
SC-FLT-0004,2021,10,20
SC-FLT-0004,2021,11,43
SC-FLT-0004,2021,12,79
SC-FLT-0004,2022,1,21
SC-FLT-0004,2022,2,44
SC-FLT-0004,2022,3,35
SC-FLT-0004,2022,4,46
SC-FLT-0004,2022,5,61
SC-FLT-0004,2022,6,37
SC-FLT-0004,2022,7,57
SC-FLT-0004,2022,8,37
SC-FLT-0004,2022,9,48
SC-FLT-0004,2022,10,67
SC-FLT-0004,2022,11,13
SC-FLT-0004,2022,12,37
SC-FLT-0004,2023,1,92
SC-FLT-0004,2023,2,40
SC-FLT-0004,2023,3,38
SC-FLT-0004,2023,4,56
SC-FLT-0004,2023,5,72
SC-FLT-0004,2023,6,82
SC-FLT-0004,2023,7,30
SC-FLT-0004,2023,8,32
SC-FLT-0004,2023,9,0
SC-FLT-0004,2023,10,0
SC-FLT-0004,2023,11,72
SC-FLT-0004,2023,12,28
SC-FLT-0004,2024,1,12
SC-FLT-0004,2024,2,68
SC-FLT-0004,2024,3,26
SC-FLT-0004,2024,4,59
SC-FLT-0004,2024,5,37
SC-FLT-0004,2024,6,26
SC-FLT-0004,2024,7,52
SC-FLT-0004,2024,8,80
SC-FLT-0004,2024,9,52
SC-FLT-0004,2024,10,46
SC-FLT-0004,2024,11,60
SC-FLT-0004,2024,12,2
SC-HYD-0004,2020,1,842
SC-HYD-0004,2020,2,759
SC-HYD-0004,2020,3,857
SC-HYD-0004,2020,4,1229
SC-HYD-0004,2020,5,1196
SC-HYD-0004,2020,6,1487
SC-HYD-0004,2020,7,1315
SC-HYD-0004,2020,8,1570
SC-HYD-0004,2020,9,1784
SC-HYD-0004,2020,10,1114
SC-HYD-0004,2020,11,1634
SC-HYD-0004,2020,12,1840
SC-HYD-0004,2021,1,1794
SC-HYD-0004,2021,2,2154
SC-HYD-0004,2021,3,1749
SC-HYD-0004,2021,4,1549
SC-HYD-0004,2021,5,2192
SC-HYD-0004,2021,6,1985
SC-HYD-0004,2021,7,1934
SC-HYD-0004,2021,8,1740
SC-HYD-0004,2021,9,2098
SC-HYD-0004,2021,10,1057
SC-HYD-0004,2021,11,1089
SC-HYD-0004,2021,12,1841
SC-HYD-0004,2022,1,2043
SC-HYD-0004,2022,2,2240
SC-HYD-0004,2022,3,1843
SC-HYD-0004,2022,4,1587
SC-HYD-0004,2022,5,1691
SC-HYD-0004,2022,6,1992
SC-HYD-0004,2022,7,2499
SC-HYD-0004,2022,8,1227
SC-HYD-0004,2022,9,1842
SC-HYD-0004,2022,10,1348
SC-HYD-0004,2022,11,1715
SC-HYD-0004,2022,12,2027
SC-HYD-0004,2023,1,2243
SC-HYD-0004,2023,2,2528
SC-HYD-0004,2023,3,3092
SC-HYD-0004,2023,4,4330
SC-HYD-0004,2023,5,2613
SC-HYD-0004,2023,6,1901
SC-HYD-0004,2023,7,2853
SC-HYD-0004,2023,8,2127
SC-HYD-0004,2023,9,2483
SC-HYD-0004,2023,10,2217
SC-HYD-0004,2023,11,2224
SC-HYD-0004,2023,12,2512
SC-HYD-0004,2024,1,2918
SC-HYD-0004,2024,2,2268
SC-HYD-0004,2024,3,1731
SC-HYD-0004,2024,4,1661
SC-HYD-0004,2024,5,2055
SC-HYD-0004,2024,6,2376
SC-HYD-0004,2024,7,2769
SC-HYD-0004,2024,8,2470
SC-HYD-0004,2024,9,2258
SC-HYD-0004,2024,10,2579
SC-HYD-0004,2024,11,2390
SC-HYD-0004,2024,12,2600
SC-FLT-0005,2020,1,968
SC-FLT-0005,2020,2,867
SC-FLT-0005,2020,3,1051
SC-FLT-0005,2020,4,1263
SC-FLT-0005,2020,5,1297
SC-FLT-0005,2020,6,1695
SC-FLT-0005,2020,7,1600
SC-FLT-0005,2020,8,1791
SC-FLT-0005,2020,9,1583
SC-FLT-0005,2020,10,1567
SC-FLT-0005,2020,11,1463
SC-FLT-0005,2020,12,1295
SC-FLT-0005,2021,1,2126
SC-FLT-0005,2021,2,1319
SC-FLT-0005,2021,3,1228
SC-FLT-0005,2021,4,1623
SC-FLT-0005,2021,5,1517
SC-FLT-0005,2021,6,2012
SC-FLT-0005,2021,7,2052
SC-FLT-0005,2021,8,1371
SC-FLT-0005,2021,9,1859
SC-FLT-0005,2021,10,1542
SC-FLT-0005,2021,11,1454
SC-FLT-0005,2021,12,2124
SC-FLT-0005,2022,1,1890
SC-FLT-0005,2022,2,1439
SC-FLT-0005,2022,3,1582
SC-FLT-0005,2022,4,1509
SC-FLT-0005,2022,5,2259
SC-FLT-0005,2022,6,2916
SC-FLT-0005,2022,7,2879
SC-FLT-0005,2022,8,2145
SC-FLT-0005,2022,9,1558
SC-FLT-0005,2022,10,1468
SC-FLT-0005,2022,11,1800
SC-FLT-0005,2022,12,1817
SC-FLT-0005,2023,1,2143
SC-FLT-0005,2023,2,2154
SC-FLT-0005,2023,3,1723
SC-FLT-0005,2023,4,1831
SC-FLT-0005,2023,5,2687
SC-FLT-0005,2023,6,2544
SC-FLT-0005,2023,7,1403
SC-FLT-0005,2023,8,2008
SC-FLT-0005,2023,9,2412
SC-FLT-0005,2023,10,1681
SC-FLT-0005,2023,11,1968
SC-FLT-0005,2023,12,1880
SC-FLT-0005,2024,1,1835
SC-FLT-0005,2024,2,1883
SC-FLT-0005,2024,3,2159
SC-FLT-0005,2024,4,2224
SC-FLT-0005,2024,5,1353
SC-FLT-0005,2024,6,2147
SC-FLT-0005,2024,7,2041
SC-FLT-0005,2024,8,1785
SC-FLT-0005,2024,9,1890
SC-FLT-0005,2024,10,2392
SC-FLT-0005,2024,11,2393
SC-FLT-0005,2024,12,1705
SC-BRK-0001,2020,1,40
SC-BRK-0001,2020,2,22
SC-BRK-0001,2020,3,1
SC-BRK-0001,2020,4,73
SC-BRK-0001,2020,5,27
SC-BRK-0001,2020,6,29
SC-BRK-0001,2020,7,48
SC-BRK-0001,2020,8,29
SC-BRK-0001,2020,9,29
SC-BRK-0001,2020,10,49
SC-BRK-0001,2020,11,48
SC-BRK-0001,2020,12,47
SC-BRK-0001,2021,1,22
SC-BRK-0001,2021,2,73
SC-BRK-0001,2021,3,0
SC-BRK-0001,2021,4,30
SC-BRK-0001,2021,5,2
SC-BRK-0001,2021,6,9
SC-BRK-0001,2021,7,45
SC-BRK-0001,2021,8,95
SC-BRK-0001,2021,9,37
SC-BRK-0001,2021,10,38
SC-BRK-0001,2021,11,21
SC-BRK-0001,2021,12,1
SC-BRK-0001,2022,1,10
SC-BRK-0001,2022,2,38
SC-BRK-0001,2022,3,63
SC-BRK-0001,2022,4,30
SC-BRK-0001,2022,5,40
SC-BRK-0001,2022,6,14
SC-BRK-0001,2022,7,53
SC-BRK-0001,2022,8,52
SC-BRK-0001,2022,9,137
SC-BRK-0001,2022,10,152
SC-BRK-0001,2022,11,0
SC-BRK-0001,2022,12,43
SC-BRK-0001,2023,1,116
SC-BRK-0001,2023,2,159
SC-BRK-0001,2023,3,110
SC-BRK-0001,2023,4,99
SC-BRK-0001,2023,5,30
SC-BRK-0001,2023,6,24
SC-BRK-0001,2023,7,50
SC-BRK-0001,2023,8,47
SC-BRK-0001,2023,9,35
SC-BRK-0001,2023,10,34
SC-BRK-0001,2023,11,52
SC-BRK-0001,2023,12,62
SC-BRK-0001,2024,1,86
SC-BRK-0001,2024,2,37
SC-BRK-0001,2024,3,41
SC-BRK-0001,2024,4,51
SC-BRK-0001,2024,5,74
SC-BRK-0001,2024,6,67
SC-BRK-0001,2024,7,33
SC-BRK-0001,2024,8,17
SC-BRK-0001,2024,9,33
SC-BRK-0001,2024,10,15
SC-BRK-0001,2024,11,0
SC-BRK-0001,2024,12,32
SC-SUS-0005,2020,1,8
SC-SUS-0005,2020,2,31
SC-SUS-0005,2020,3,56
SC-SUS-0005,2020,4,21
SC-SUS-0005,2020,5,1
SC-SUS-0005,2020,6,30
SC-SUS-0005,2020,7,73
SC-SUS-0005,2020,8,24
SC-SUS-0005,2020,9,23
SC-SUS-0005,2020,10,11
SC-SUS-0005,2020,11,32
SC-SUS-0005,2020,12,64
SC-SUS-0005,2021,1,40
SC-SUS-0005,2021,2,43
SC-SUS-0005,2021,3,10
SC-SUS-0005,2021,4,37
SC-SUS-0005,2021,5,58
SC-SUS-0005,2021,6,39
SC-SUS-0005,2021,7,19
SC-SUS-0005,2021,8,14
SC-SUS-0005,2021,9,9
SC-SUS-0005,2021,10,25
SC-SUS-0005,2021,11,7
SC-SUS-0005,2021,12,33
SC-SUS-0005,2022,1,18
SC-SUS-0005,2022,2,12
SC-SUS-0005,2022,3,32
SC-SUS-0005,2022,4,22
SC-SUS-0005,2022,5,19
SC-SUS-0005,2022,6,62
SC-SUS-0005,2022,7,0
SC-SUS-0005,2022,8,61
SC-SUS-0005,2022,9,57
SC-SUS-0005,2022,10,51
SC-SUS-0005,2022,11,46
SC-SUS-0005,2022,12,77
SC-SUS-0005,2023,1,47
SC-SUS-0005,2023,2,78
SC-SUS-0005,2023,3,24
SC-SUS-0005,2023,4,22
SC-SUS-0005,2023,5,34
SC-SUS-0005,2023,6,35
SC-SUS-0005,2023,7,7
SC-SUS-0005,2023,8,30
SC-SUS-0005,2023,9,22
SC-SUS-0005,2023,10,35
SC-SUS-0005,2023,11,54
SC-SUS-0005,2023,12,22
SC-SUS-0005,2024,1,21
SC-SUS-0005,2024,2,22
SC-SUS-0005,2024,3,34
SC-SUS-0005,2024,4,72
SC-SUS-0005,2024,5,76
SC-SUS-0005,2024,6,32
SC-SUS-0005,2024,7,65
SC-SUS-0005,2024,8,33
SC-SUS-0005,2024,9,67
SC-SUS-0005,2024,10,37
SC-SUS-0005,2024,11,89
SC-SUS-0005,2024,12,18
SC-BRK-0002,2020,1,29
SC-BRK-0002,2020,2,47
SC-BRK-0002,2020,3,122
SC-BRK-0002,2020,4,53
SC-BRK-0002,2020,5,70
SC-BRK-0002,2020,6,66
SC-BRK-0002,2020,7,69
SC-BRK-0002,2020,8,0
SC-BRK-0002,2020,9,156
SC-BRK-0002,2020,10,94
SC-BRK-0002,2020,11,24
SC-BRK-0002,2020,12,81
SC-BRK-0002,2021,1,114
SC-BRK-0002,2021,2,153
SC-BRK-0002,2021,3,58
SC-BRK-0002,2021,4,40
SC-BRK-0002,2021,5,32
SC-BRK-0002,2021,6,50
SC-BRK-0002,2021,7,60
SC-BRK-0002,2021,8,16
SC-BRK-0002,2021,9,41
SC-BRK-0002,2021,10,76
SC-BRK-0002,2021,11,70
SC-BRK-0002,2021,12,46
SC-BRK-0002,2022,1,147
SC-BRK-0002,2022,2,205
SC-BRK-0002,2022,3,191
SC-BRK-0002,2022,4,48
SC-BRK-0002,2022,5,134
SC-BRK-0002,2022,6,90
SC-BRK-0002,2022,7,72
SC-BRK-0002,2022,8,91
SC-BRK-0002,2022,9,53
SC-BRK-0002,2022,10,25
SC-BRK-0002,2022,11,64
SC-BRK-0002,2022,12,109
SC-BRK-0002,2023,1,164
SC-BRK-0002,2023,2,119
SC-BRK-0002,2023,3,91
SC-BRK-0002,2023,4,2
SC-BRK-0002,2023,5,84
SC-BRK-0002,2023,6,118
SC-BRK-0002,2023,7,31
SC-BRK-0002,2023,8,165
SC-BRK-0002,2023,9,54
SC-BRK-0002,2023,10,57
SC-BRK-0002,2023,11,0
SC-BRK-0002,2023,12,117
SC-BRK-0002,2024,1,148
SC-BRK-0002,2024,2,59
SC-BRK-0002,2024,3,12
SC-BRK-0002,2024,4,161
SC-BRK-0002,2024,5,6
SC-BRK-0002,2024,6,144
SC-BRK-0002,2024,7,50
SC-BRK-0002,2024,8,1
SC-BRK-0002,2024,9,91
SC-BRK-0002,2024,10,90
SC-BRK-0002,2024,11,70
SC-BRK-0002,2024,12,110
SC-BRK-0003,2020,1,1383
SC-BRK-0003,2020,2,1954
SC-BRK-0003,2020,3,1869
SC-BRK-0003,2020,4,1569
SC-BRK-0003,2020,5,1979
SC-BRK-0003,2020,6,2581
SC-BRK-0003,2020,7,2092
SC-BRK-0003,2020,8,2110
SC-BRK-0003,2020,9,2694
SC-BRK-0003,2020,10,2189
SC-BRK-0003,2020,11,1222
SC-BRK-0003,2020,12,1510
SC-BRK-0003,2021,1,1790
SC-BRK-0003,2021,2,2007
SC-BRK-0003,2021,3,1711
SC-BRK-0003,2021,4,2443
SC-BRK-0003,2021,5,2014
SC-BRK-0003,2021,6,2981
SC-BRK-0003,2021,7,4079
SC-BRK-0003,2021,8,2815
SC-BRK-0003,2021,9,2510
SC-BRK-0003,2021,10,2655
SC-BRK-0003,2021,11,1824
SC-BRK-0003,2021,12,2607
SC-BRK-0003,2022,1,2373
SC-BRK-0003,2022,2,3001
SC-BRK-0003,2022,3,1743
SC-BRK-0003,2022,4,2408
SC-BRK-0003,2022,5,2370
SC-BRK-0003,2022,6,2629
SC-BRK-0003,2022,7,2680
SC-BRK-0003,2022,8,3669
SC-BRK-0003,2022,9,2502
SC-BRK-0003,2022,10,3088
SC-BRK-0003,2022,11,2692
SC-BRK-0003,2022,12,2678
SC-BRK-0003,2023,1,3984
SC-BRK-0003,2023,2,4124
SC-BRK-0003,2023,3,2650
SC-BRK-0003,2023,4,2430
SC-BRK-0003,2023,5,2533
SC-BRK-0003,2023,6,2665
SC-BRK-0003,2023,7,3153
SC-BRK-0003,2023,8,3839
SC-BRK-0003,2023,9,2436
SC-BRK-0003,2023,10,2379
SC-BRK-0003,2023,11,2927
SC-BRK-0003,2023,12,2062
SC-BRK-0003,2024,1,2013
SC-BRK-0003,2024,2,3355
SC-BRK-0003,2024,3,2750
SC-BRK-0003,2024,4,2894
SC-BRK-0003,2024,5,4443
SC-BRK-0003,2024,6,5495
SC-BRK-0003,2024,7,4477
SC-BRK-0003,2024,8,3219
SC-BRK-0003,2024,9,3146
SC-BRK-0003,2024,10,2940
SC-BRK-0003,2024,11,2198
SC-BRK-0003,2024,12,3128
SC-FUE-0003,2020,1,25
SC-FUE-0003,2020,2,21
SC-FUE-0003,2020,3,68
SC-FUE-0003,2020,4,78
SC-FUE-0003,2020,5,125
SC-FUE-0003,2020,6,153
SC-FUE-0003,2020,7,172
SC-FUE-0003,2020,8,344
SC-FUE-0003,2020,9,121
SC-FUE-0003,2020,10,178
SC-FUE-0003,2020,11,248
SC-FUE-0003,2020,12,173
SC-FUE-0003,2021,1,152
SC-FUE-0003,2021,2,231
SC-FUE-0003,2021,3,179
SC-FUE-0003,2021,4,191
SC-FUE-0003,2021,5,253
SC-FUE-0003,2021,6,239
SC-FUE-0003,2021,7,275
SC-FUE-0003,2021,8,115
SC-FUE-0003,2021,9,107
SC-FUE-0003,2021,10,187
SC-FUE-0003,2021,11,190
SC-FUE-0003,2021,12,97
SC-FUE-0003,2022,1,184
SC-FUE-0003,2022,2,114
SC-FUE-0003,2022,3,156
SC-FUE-0003,2022,4,201
SC-FUE-0003,2022,5,75
SC-FUE-0003,2022,6,99
SC-FUE-0003,2022,7,186
SC-FUE-0003,2022,8,187
SC-FUE-0003,2022,9,200
SC-FUE-0003,2022,10,329
SC-FUE-0003,2022,11,242
SC-FUE-0003,2022,12,146
SC-FUE-0003,2023,1,190
SC-FUE-0003,2023,2,232
SC-FUE-0003,2023,3,183
SC-FUE-0003,2023,4,205
SC-FUE-0003,2023,5,177
SC-FUE-0003,2023,6,254
SC-FUE-0003,2023,7,143
SC-FUE-0003,2023,8,132
SC-FUE-0003,2023,9,106
SC-FUE-0003,2023,10,157
SC-FUE-0003,2023,11,237
SC-FUE-0003,2023,12,190
SC-FUE-0003,2024,1,250
SC-FUE-0003,2024,2,231
SC-FUE-0003,2024,3,135
SC-FUE-0003,2024,4,249
SC-FUE-0003,2024,5,122
SC-FUE-0003,2024,6,205
SC-FUE-0003,2024,7,264
SC-FUE-0003,2024,8,224
SC-FUE-0003,2024,9,125
SC-FUE-0003,2024,10,245
SC-FUE-0003,2024,11,192
SC-FUE-0003,2024,12,167
SC-SUS-0006,2020,1,6
SC-SUS-0006,2020,2,3
SC-SUS-0006,2020,3,9
SC-SUS-0006,2020,4,43
SC-SUS-0006,2020,5,76
SC-SUS-0006,2020,6,93
SC-SUS-0006,2020,7,74
SC-SUS-0006,2020,8,86
SC-SUS-0006,2020,9,55
SC-SUS-0006,2020,10,63
SC-SUS-0006,2020,11,0
SC-SUS-0006,2020,12,38
SC-SUS-0006,2021,1,114
SC-SUS-0006,2021,2,130
SC-SUS-0006,2021,3,3
SC-SUS-0006,2021,4,74
SC-SUS-0006,2021,5,85
SC-SUS-0006,2021,6,88
SC-SUS-0006,2021,7,134
SC-SUS-0006,2021,8,116
SC-SUS-0006,2021,9,33
SC-SUS-0006,2021,10,42
SC-SUS-0006,2021,11,174
SC-SUS-0006,2021,12,102
SC-SUS-0006,2022,1,151
SC-SUS-0006,2022,2,75
SC-SUS-0006,2022,3,6
SC-SUS-0006,2022,4,29
SC-SUS-0006,2022,5,80
SC-SUS-0006,2022,6,214
SC-SUS-0006,2022,7,184
SC-SUS-0006,2022,8,187
SC-SUS-0006,2022,9,32
SC-SUS-0006,2022,10,128
SC-SUS-0006,2022,11,187
SC-SUS-0006,2022,12,123
SC-SUS-0006,2023,1,50
SC-SUS-0006,2023,2,82
SC-SUS-0006,2023,3,56
SC-SUS-0006,2023,4,46
SC-SUS-0006,2023,5,129
SC-SUS-0006,2023,6,130
SC-SUS-0006,2023,7,184
SC-SUS-0006,2023,8,141
SC-SUS-0006,2023,9,132
SC-SUS-0006,2023,10,172
SC-SUS-0006,2023,11,48
SC-SUS-0006,2023,12,151
SC-SUS-0006,2024,1,110
SC-SUS-0006,2024,2,92
SC-SUS-0006,2024,3,289
SC-SUS-0006,2024,4,117
SC-SUS-0006,2024,5,40
SC-SUS-0006,2024,6,150
SC-SUS-0006,2024,7,270
SC-SUS-0006,2024,8,108
SC-SUS-0006,2024,9,232
SC-SUS-0006,2024,10,76
SC-SUS-0006,2024,11,130
SC-SUS-0006,2024,12,141
SC-TWA-0002,2020,1,475
SC-TWA-0002,2020,2,508
SC-TWA-0002,2020,3,646
SC-TWA-0002,2020,4,949
SC-TWA-0002,2020,5,1776
SC-TWA-0002,2020,6,2503
SC-TWA-0002,2020,7,2363
SC-TWA-0002,2020,8,2869
SC-TWA-0002,2020,9,2362
SC-TWA-0002,2020,10,2302
SC-TWA-0002,2020,11,2355
SC-TWA-0002,2020,12,2088
SC-TWA-0002,2021,1,1856
SC-TWA-0002,2021,2,2493
SC-TWA-0002,2021,3,2196
SC-TWA-0002,2021,4,1957
SC-TWA-0002,2021,5,2689
SC-TWA-0002,2021,6,2908
SC-TWA-0002,2021,7,2904
SC-TWA-0002,2021,8,2318
SC-TWA-0002,2021,9,2962
SC-TWA-0002,2021,10,2146
SC-TWA-0002,2021,11,2386
SC-TWA-0002,2021,12,1625
SC-TWA-0002,2022,1,2210
SC-TWA-0002,2022,2,2282
SC-TWA-0002,2022,3,1438
SC-TWA-0002,2022,4,2797
SC-TWA-0002,2022,5,2464
SC-TWA-0002,2022,6,2270
SC-TWA-0002,2022,7,2750
SC-TWA-0002,2022,8,3099
SC-TWA-0002,2022,9,3454
SC-TWA-0002,2022,10,1917
SC-TWA-0002,2022,11,2896
SC-TWA-0002,2022,12,2161
SC-TWA-0002,2023,1,2374
SC-TWA-0002,2023,2,3500
SC-TWA-0002,2023,3,2823
SC-TWA-0002,2023,4,1860
SC-TWA-0002,2023,5,2516
SC-TWA-0002,2023,6,2964
SC-TWA-0002,2023,7,2481
SC-TWA-0002,2023,8,2162
SC-TWA-0002,2023,9,3413
SC-TWA-0002,2023,10,3106
SC-TWA-0002,2023,11,2192
SC-TWA-0002,2023,12,2327
SC-TWA-0002,2024,1,3182
SC-TWA-0002,2024,2,2034
SC-TWA-0002,2024,3,2652
SC-TWA-0002,2024,4,2519
SC-TWA-0002,2024,5,3100
SC-TWA-0002,2024,6,4065
SC-TWA-0002,2024,7,2866
SC-TWA-0002,2024,8,2895
SC-TWA-0002,2024,9,4040
SC-TWA-0002,2024,10,1812
SC-TWA-0002,2024,11,2625
SC-TWA-0002,2024,12,2553
SC-ENG-0004,2020,1,69
SC-ENG-0004,2020,2,36
SC-ENG-0004,2020,3,68
SC-ENG-0004,2020,4,73
SC-ENG-0004,2020,5,2
SC-ENG-0004,2020,6,72
SC-ENG-0004,2020,7,63
SC-ENG-0004,2020,8,0
SC-ENG-0004,2020,9,17
SC-ENG-0004,2020,10,44
SC-ENG-0004,2020,11,126
SC-ENG-0004,2020,12,0
SC-ENG-0004,2021,1,76
SC-ENG-0004,2021,2,25
SC-ENG-0004,2021,3,0
SC-ENG-0004,2021,4,67
SC-ENG-0004,2021,5,44
SC-ENG-0004,2021,6,57
SC-ENG-0004,2021,7,113
SC-ENG-0004,2021,8,60
SC-ENG-0004,2021,9,54
SC-ENG-0004,2021,10,45
SC-ENG-0004,2021,11,72
SC-ENG-0004,2021,12,19
SC-ENG-0004,2022,1,56
SC-ENG-0004,2022,2,30
SC-ENG-0004,2022,3,63
SC-ENG-0004,2022,4,44
SC-ENG-0004,2022,5,80
SC-ENG-0004,2022,6,18
SC-ENG-0004,2022,7,43
SC-ENG-0004,2022,8,56
SC-ENG-0004,2022,9,88
SC-ENG-0004,2022,10,15
SC-ENG-0004,2022,11,98
SC-ENG-0004,2022,12,46
SC-ENG-0004,2023,1,76
SC-ENG-0004,2023,2,77
SC-ENG-0004,2023,3,105
SC-ENG-0004,2023,4,130
SC-ENG-0004,2023,5,76
SC-ENG-0004,2023,6,151
SC-ENG-0004,2023,7,82
SC-ENG-0004,2023,8,24
SC-ENG-0004,2023,9,50
SC-ENG-0004,2023,10,31
SC-ENG-0004,2023,11,73
SC-ENG-0004,2023,12,103
SC-ENG-0004,2024,1,37
SC-ENG-0004,2024,2,43
SC-ENG-0004,2024,3,99
SC-ENG-0004,2024,4,34
SC-ENG-0004,2024,5,30
SC-ENG-0004,2024,6,58
SC-ENG-0004,2024,7,112
SC-ENG-0004,2024,8,59
SC-ENG-0004,2024,9,83
SC-ENG-0004,2024,10,54
SC-ENG-0004,2024,11,41
SC-ENG-0004,2024,12,32
SC-TWA-0003,2020,1,138
SC-TWA-0003,2020,2,54
SC-TWA-0003,2020,3,179
SC-TWA-0003,2020,4,283
SC-TWA-0003,2020,5,224
SC-TWA-0003,2020,6,161
SC-TWA-0003,2020,7,256
SC-TWA-0003,2020,8,499
SC-TWA-0003,2020,9,647
SC-TWA-0003,2020,10,573
SC-TWA-0003,2020,11,439
SC-TWA-0003,2020,12,389
SC-TWA-0003,2021,1,487
SC-TWA-0003,2021,2,561
SC-TWA-0003,2021,3,489
SC-TWA-0003,2021,4,537
SC-TWA-0003,2021,5,593
SC-TWA-0003,2021,6,407
SC-TWA-0003,2021,7,1019
SC-TWA-0003,2021,8,447
SC-TWA-0003,2021,9,549
SC-TWA-0003,2021,10,947
SC-TWA-0003,2021,11,622
SC-TWA-0003,2021,12,656
SC-TWA-0003,2022,1,600
SC-TWA-0003,2022,2,507
SC-TWA-0003,2022,3,487
SC-TWA-0003,2022,4,616
SC-TWA-0003,2022,5,435
SC-TWA-0003,2022,6,907
SC-TWA-0003,2022,7,816
SC-TWA-0003,2022,8,520
SC-TWA-0003,2022,9,772
SC-TWA-0003,2022,10,549
SC-TWA-0003,2022,11,375
SC-TWA-0003,2022,12,375
SC-TWA-0003,2023,1,553
SC-TWA-0003,2023,2,482
SC-TWA-0003,2023,3,394
SC-TWA-0003,2023,4,417
SC-TWA-0003,2023,5,849
SC-TWA-0003,2023,6,668
SC-TWA-0003,2023,7,202
SC-TWA-0003,2023,8,714
SC-TWA-0003,2023,9,606
SC-TWA-0003,2023,10,624
SC-TWA-0003,2023,11,667
SC-TWA-0003,2023,12,842
SC-TWA-0003,2024,1,638
SC-TWA-0003,2024,2,545
SC-TWA-0003,2024,3,511
SC-TWA-0003,2024,4,433
SC-TWA-0003,2024,5,338
SC-TWA-0003,2024,6,970
SC-TWA-0003,2024,7,770
SC-TWA-0003,2024,8,486
SC-TWA-0003,2024,9,586
SC-TWA-0003,2024,10,143
SC-TWA-0003,2024,11,616
SC-TWA-0003,2024,12,410
SC-TRN-0002,2020,1,335
SC-TRN-0002,2020,2,329
SC-TRN-0002,2020,3,81
SC-TRN-0002,2020,4,407
SC-TRN-0002,2020,5,630
SC-TRN-0002,2020,6,396
SC-TRN-0002,2020,7,1165
SC-TRN-0002,2020,8,404
SC-TRN-0002,2020,9,834
SC-TRN-0002,2020,10,348
SC-TRN-0002,2020,11,323
SC-TRN-0002,2020,12,725
SC-TRN-0002,2021,1,637
SC-TRN-0002,2021,2,851
SC-TRN-0002,2021,3,295
SC-TRN-0002,2021,4,489
SC-TRN-0002,2021,5,909
SC-TRN-0002,2021,6,1138
SC-TRN-0002,2021,7,1010
SC-TRN-0002,2021,8,712
SC-TRN-0002,2021,9,724
SC-TRN-0002,2021,10,954
SC-TRN-0002,2021,11,351
SC-TRN-0002,2021,12,825
SC-TRN-0002,2022,1,841
SC-TRN-0002,2022,2,868
SC-TRN-0002,2022,3,769
SC-TRN-0002,2022,4,1292
SC-TRN-0002,2022,5,506
SC-TRN-0002,2022,6,803
SC-TRN-0002,2022,7,518
SC-TRN-0002,2022,8,1196
SC-TRN-0002,2022,9,927
SC-TRN-0002,2022,10,708
SC-TRN-0002,2022,11,1136
SC-TRN-0002,2022,12,920
SC-TRN-0002,2023,1,968
SC-TRN-0002,2023,2,820
SC-TRN-0002,2023,3,721
SC-TRN-0002,2023,4,1209
SC-TRN-0002,2023,5,1567
SC-TRN-0002,2023,6,835
SC-TRN-0002,2023,7,646
SC-TRN-0002,2023,8,939
SC-TRN-0002,2023,9,1524
SC-TRN-0002,2023,10,1497
SC-TRN-0002,2023,11,778
SC-TRN-0002,2023,12,598
SC-TRN-0002,2024,1,763
SC-TRN-0002,2024,2,508
SC-TRN-0002,2024,3,1666
SC-TRN-0002,2024,4,1101
SC-TRN-0002,2024,5,1059
SC-TRN-0002,2024,6,989
SC-TRN-0002,2024,7,1025
SC-TRN-0002,2024,8,1123
SC-TRN-0002,2024,9,861
SC-TRN-0002,2024,10,931
SC-TRN-0002,2024,11,742
SC-TRN-0002,2024,12,1120
SC-SUS-0007,2020,1,814
SC-SUS-0007,2020,2,769
SC-SUS-0007,2020,3,879
SC-SUS-0007,2020,4,1093
SC-SUS-0007,2020,5,740
SC-SUS-0007,2020,6,993
SC-SUS-0007,2020,7,1361
SC-SUS-0007,2020,8,1422
SC-SUS-0007,2020,9,1405
SC-SUS-0007,2020,10,1204
SC-SUS-0007,2020,11,1221
SC-SUS-0007,2020,12,1588
SC-SUS-0007,2021,1,1049
SC-SUS-0007,2021,2,1216
SC-SUS-0007,2021,3,1071
SC-SUS-0007,2021,4,1074
SC-SUS-0007,2021,5,1255
SC-SUS-0007,2021,6,1408
SC-SUS-0007,2021,7,1744
SC-SUS-0007,2021,8,1466
SC-SUS-0007,2021,9,1208
SC-SUS-0007,2021,10,1323
SC-SUS-0007,2021,11,1366
SC-SUS-0007,2021,12,906
SC-SUS-0007,2022,1,1415
SC-SUS-0007,2022,2,1172
SC-SUS-0007,2022,3,1150
SC-SUS-0007,2022,4,945
SC-SUS-0007,2022,5,1491
SC-SUS-0007,2022,6,1199
SC-SUS-0007,2022,7,1120
SC-SUS-0007,2022,8,1257
SC-SUS-0007,2022,9,825
SC-SUS-0007,2022,10,1199
SC-SUS-0007,2022,11,1212
SC-SUS-0007,2022,12,1189
SC-SUS-0007,2023,1,1261
SC-SUS-0007,2023,2,1398
SC-SUS-0007,2023,3,1104
SC-SUS-0007,2023,4,1519
SC-SUS-0007,2023,5,1314
SC-SUS-0007,2023,6,1151
SC-SUS-0007,2023,7,1339
SC-SUS-0007,2023,8,1212
SC-SUS-0007,2023,9,1147
SC-SUS-0007,2023,10,1178
SC-SUS-0007,2023,11,1232
SC-SUS-0007,2023,12,1652
SC-SUS-0007,2024,1,1567
SC-SUS-0007,2024,2,1443
SC-SUS-0007,2024,3,802
SC-SUS-0007,2024,4,1167
SC-SUS-0007,2024,5,1167
SC-SUS-0007,2024,6,938
SC-SUS-0007,2024,7,1222
SC-SUS-0007,2024,8,1084
SC-SUS-0007,2024,9,1283
SC-SUS-0007,2024,10,1216
SC-SUS-0007,2024,11,960
SC-SUS-0007,2024,12,1411
SC-FLT-0006,2020,1,380
SC-FLT-0006,2020,2,263
SC-FLT-0006,2020,3,416
SC-FLT-0006,2020,4,377
SC-FLT-0006,2020,5,626
SC-FLT-0006,2020,6,339
SC-FLT-0006,2020,7,443
SC-FLT-0006,2020,8,202
SC-FLT-0006,2020,9,672
SC-FLT-0006,2020,10,468
SC-FLT-0006,2020,11,354
SC-FLT-0006,2020,12,467
SC-FLT-0006,2021,1,647
SC-FLT-0006,2021,2,444
SC-FLT-0006,2021,3,371
SC-FLT-0006,2021,4,337
SC-FLT-0006,2021,5,288
SC-FLT-0006,2021,6,337
SC-FLT-0006,2021,7,408
SC-FLT-0006,2021,8,665
SC-FLT-0006,2021,9,399
SC-FLT-0006,2021,10,641
SC-FLT-0006,2021,11,653
SC-FLT-0006,2021,12,428
SC-FLT-0006,2022,1,434
SC-FLT-0006,2022,2,348
SC-FLT-0006,2022,3,657
SC-FLT-0006,2022,4,697
SC-FLT-0006,2022,5,570
SC-FLT-0006,2022,6,618
SC-FLT-0006,2022,7,466
SC-FLT-0006,2022,8,764
SC-FLT-0006,2022,9,978
SC-FLT-0006,2022,10,450
SC-FLT-0006,2022,11,315
SC-FLT-0006,2022,12,440
SC-FLT-0006,2023,1,565
SC-FLT-0006,2023,2,355
SC-FLT-0006,2023,3,274
SC-FLT-0006,2023,4,466
SC-FLT-0006,2023,5,471
SC-FLT-0006,2023,6,303
SC-FLT-0006,2023,7,472
SC-FLT-0006,2023,8,750
SC-FLT-0006,2023,9,845
SC-FLT-0006,2023,10,480
SC-FLT-0006,2023,11,227
SC-FLT-0006,2023,12,1148
SC-FLT-0006,2024,1,1049
SC-FLT-0006,2024,2,979
SC-FLT-0006,2024,3,1219
SC-FLT-0006,2024,4,736
SC-FLT-0006,2024,5,818
SC-FLT-0006,2024,6,709
SC-FLT-0006,2024,7,1032
SC-FLT-0006,2024,8,809
SC-FLT-0006,2024,9,733
SC-FLT-0006,2024,10,504
SC-FLT-0006,2024,11,519
SC-FLT-0006,2024,12,543
SC-SUS-0008,2020,1,911
SC-SUS-0008,2020,2,846
SC-SUS-0008,2020,3,895
SC-SUS-0008,2020,4,1509
SC-SUS-0008,2020,5,1369
SC-SUS-0008,2020,6,1356
SC-SUS-0008,2020,7,1195
SC-SUS-0008,2020,8,1338
SC-SUS-0008,2020,9,1158
SC-SUS-0008,2020,10,1300
SC-SUS-0008,2020,11,1657
SC-SUS-0008,2020,12,1316
SC-SUS-0008,2021,1,1301
SC-SUS-0008,2021,2,1303
SC-SUS-0008,2021,3,1375
SC-SUS-0008,2021,4,1370
SC-SUS-0008,2021,5,1503
SC-SUS-0008,2021,6,995
SC-SUS-0008,2021,7,1209
SC-SUS-0008,2021,8,788
SC-SUS-0008,2021,9,1311
SC-SUS-0008,2021,10,814
SC-SUS-0008,2021,11,1172
SC-SUS-0008,2021,12,1400
SC-SUS-0008,2022,1,1530
SC-SUS-0008,2022,2,1226
SC-SUS-0008,2022,3,1185
SC-SUS-0008,2022,4,2033
SC-SUS-0008,2022,5,1183
SC-SUS-0008,2022,6,1525
SC-SUS-0008,2022,7,1394
SC-SUS-0008,2022,8,1541
SC-SUS-0008,2022,9,1162
SC-SUS-0008,2022,10,1257
SC-SUS-0008,2022,11,1312
SC-SUS-0008,2022,12,1734
SC-SUS-0008,2023,1,1312
SC-SUS-0008,2023,2,1111
SC-SUS-0008,2023,3,1634
SC-SUS-0008,2023,4,1518
SC-SUS-0008,2023,5,2067
SC-SUS-0008,2023,6,1265
SC-SUS-0008,2023,7,2030
SC-SUS-0008,2023,8,1654
SC-SUS-0008,2023,9,1540
SC-SUS-0008,2023,10,1268
SC-SUS-0008,2023,11,1569
SC-SUS-0008,2023,12,1861
SC-SUS-0008,2024,1,1839
SC-SUS-0008,2024,2,1585
SC-SUS-0008,2024,3,1566
SC-SUS-0008,2024,4,1629
SC-SUS-0008,2024,5,1209
SC-SUS-0008,2024,6,1573
SC-SUS-0008,2024,7,1702
SC-SUS-0008,2024,8,1530
SC-SUS-0008,2024,9,1750
SC-SUS-0008,2024,10,1721
SC-SUS-0008,2024,11,1462
SC-SUS-0008,2024,12,1711
SC-FUE-0004,2020,1,260
SC-FUE-0004,2020,2,181
SC-FUE-0004,2020,3,180
SC-FUE-0004,2020,4,147
SC-FUE-0004,2020,5,145
SC-FUE-0004,2020,6,89
SC-FUE-0004,2020,7,301
SC-FUE-0004,2020,8,194
SC-FUE-0004,2020,9,190
SC-FUE-0004,2020,10,185
SC-FUE-0004,2020,11,324
SC-FUE-0004,2020,12,212
SC-FUE-0004,2021,1,260
SC-FUE-0004,2021,2,173
SC-FUE-0004,2021,3,213
SC-FUE-0004,2021,4,186
SC-FUE-0004,2021,5,270
SC-FUE-0004,2021,6,196
SC-FUE-0004,2021,7,224
SC-FUE-0004,2021,8,265
SC-FUE-0004,2021,9,176
SC-FUE-0004,2021,10,191
SC-FUE-0004,2021,11,193
SC-FUE-0004,2021,12,237
SC-FUE-0004,2022,1,147
SC-FUE-0004,2022,2,290
SC-FUE-0004,2022,3,178
SC-FUE-0004,2022,4,122
SC-FUE-0004,2022,5,302
SC-FUE-0004,2022,6,227
SC-FUE-0004,2022,7,299
SC-FUE-0004,2022,8,150
SC-FUE-0004,2022,9,247
SC-FUE-0004,2022,10,276
SC-FUE-0004,2022,11,239
SC-FUE-0004,2022,12,253
SC-FUE-0004,2023,1,226
SC-FUE-0004,2023,2,270
SC-FUE-0004,2023,3,244
SC-FUE-0004,2023,4,250
SC-FUE-0004,2023,5,195
SC-FUE-0004,2023,6,256
SC-FUE-0004,2023,7,207
SC-FUE-0004,2023,8,185
SC-FUE-0004,2023,9,151
SC-FUE-0004,2023,10,229
SC-FUE-0004,2023,11,242
SC-FUE-0004,2023,12,339
SC-FUE-0004,2024,1,234
SC-FUE-0004,2024,2,269
SC-FUE-0004,2024,3,325
SC-FUE-0004,2024,4,225
SC-FUE-0004,2024,5,231
SC-FUE-0004,2024,6,173
SC-FUE-0004,2024,7,108
SC-FUE-0004,2024,8,174
SC-FUE-0004,2024,9,338
SC-FUE-0004,2024,10,196
SC-FUE-0004,2024,11,276
SC-FUE-0004,2024,12,304
SC-TRN-0003,2020,1,42
SC-TRN-0003,2020,2,0
SC-TRN-0003,2020,3,25
SC-TRN-0003,2020,4,3
SC-TRN-0003,2020,5,9
SC-TRN-0003,2020,6,22
SC-TRN-0003,2020,7,21
SC-TRN-0003,2020,8,50
SC-TRN-0003,2020,9,15
SC-TRN-0003,2020,10,50
SC-TRN-0003,2020,11,31
SC-TRN-0003,2020,12,31
SC-TRN-0003,2021,1,62
SC-TRN-0003,2021,2,68
SC-TRN-0003,2021,3,39
SC-TRN-0003,2021,4,19
SC-TRN-0003,2021,5,17
SC-TRN-0003,2021,6,9
SC-TRN-0003,2021,7,48
SC-TRN-0003,2021,8,18
SC-TRN-0003,2021,9,13
SC-TRN-0003,2021,10,32
SC-TRN-0003,2021,11,38
SC-TRN-0003,2021,12,35
SC-TRN-0003,2022,1,59
SC-TRN-0003,2022,2,14
SC-TRN-0003,2022,3,44
SC-TRN-0003,2022,4,0
SC-TRN-0003,2022,5,18
SC-TRN-0003,2022,6,19
SC-TRN-0003,2022,7,44
SC-TRN-0003,2022,8,38
SC-TRN-0003,2022,9,36
SC-TRN-0003,2022,10,26
SC-TRN-0003,2022,11,0
SC-TRN-0003,2022,12,19
SC-TRN-0003,2023,1,25
SC-TRN-0003,2023,2,8
SC-TRN-0003,2023,3,16
SC-TRN-0003,2023,4,21
SC-TRN-0003,2023,5,35
SC-TRN-0003,2023,6,23
SC-TRN-0003,2023,7,38
SC-TRN-0003,2023,8,46
SC-TRN-0003,2023,9,16
SC-TRN-0003,2023,10,24
SC-TRN-0003,2023,11,20
SC-TRN-0003,2023,12,44
SC-TRN-0003,2024,1,71
SC-TRN-0003,2024,2,24
SC-TRN-0003,2024,3,34
SC-TRN-0003,2024,4,57
SC-TRN-0003,2024,5,42
SC-TRN-0003,2024,6,25
SC-TRN-0003,2024,7,32
SC-TRN-0003,2024,8,43
SC-TRN-0003,2024,9,38
SC-TRN-0003,2024,10,49
SC-TRN-0003,2024,11,31
SC-TRN-0003,2024,12,14
SC-TRN-0004,2020,1,1378
SC-TRN-0004,2020,2,829
SC-TRN-0004,2020,3,834
SC-TRN-0004,2020,4,1422
SC-TRN-0004,2020,5,1402
SC-TRN-0004,2020,6,1299
SC-TRN-0004,2020,7,1988
SC-TRN-0004,2020,8,2187
SC-TRN-0004,2020,9,1712
SC-TRN-0004,2020,10,1799
SC-TRN-0004,2020,11,1574
SC-TRN-0004,2020,12,1787
SC-TRN-0004,2021,1,1546
SC-TRN-0004,2021,2,2127
SC-TRN-0004,2021,3,1520
SC-TRN-0004,2021,4,1399
SC-TRN-0004,2021,5,1385
SC-TRN-0004,2021,6,1893
SC-TRN-0004,2021,7,1499
SC-TRN-0004,2021,8,1563
SC-TRN-0004,2021,9,2464
SC-TRN-0004,2021,10,2135
SC-TRN-0004,2021,11,2260
SC-TRN-0004,2021,12,1614
SC-TRN-0004,2022,1,1607
SC-TRN-0004,2022,2,2250
SC-TRN-0004,2022,3,1770
SC-TRN-0004,2022,4,2056
SC-TRN-0004,2022,5,2210
SC-TRN-0004,2022,6,1273
SC-TRN-0004,2022,7,1423
SC-TRN-0004,2022,8,2490
SC-TRN-0004,2022,9,2163
SC-TRN-0004,2022,10,1914
SC-TRN-0004,2022,11,1271
SC-TRN-0004,2022,12,1625
SC-TRN-0004,2023,1,1768
SC-TRN-0004,2023,2,1586
SC-TRN-0004,2023,3,1954
SC-TRN-0004,2023,4,1705
SC-TRN-0004,2023,5,2014
SC-TRN-0004,2023,6,2021
SC-TRN-0004,2023,7,2482
SC-TRN-0004,2023,8,2404
SC-TRN-0004,2023,9,1972
SC-TRN-0004,2023,10,1900
SC-TRN-0004,2023,11,1671
SC-TRN-0004,2023,12,2159
SC-TRN-0004,2024,1,2196
SC-TRN-0004,2024,2,1362
SC-TRN-0004,2024,3,2255
SC-TRN-0004,2024,4,2426
SC-TRN-0004,2024,5,2561
SC-TRN-0004,2024,6,1759
SC-TRN-0004,2024,7,2185
SC-TRN-0004,2024,8,1997
SC-TRN-0004,2024,9,2640
SC-TRN-0004,2024,10,2025
SC-TRN-0004,2024,11,1342
SC-TRN-0004,2024,12,1767
SC-FLT-0007,2020,1,147
SC-FLT-0007,2020,2,152
SC-FLT-0007,2020,3,180
SC-FLT-0007,2020,4,151
SC-FLT-0007,2020,5,254
SC-FLT-0007,2020,6,100
SC-FLT-0007,2020,7,176
SC-FLT-0007,2020,8,243
SC-FLT-0007,2020,9,290
SC-FLT-0007,2020,10,322
SC-FLT-0007,2020,11,275
SC-FLT-0007,2020,12,245
SC-FLT-0007,2021,1,264
SC-FLT-0007,2021,2,245
SC-FLT-0007,2021,3,337
SC-FLT-0007,2021,4,251
SC-FLT-0007,2021,5,131
SC-FLT-0007,2021,6,196
SC-FLT-0007,2021,7,220
SC-FLT-0007,2021,8,165
SC-FLT-0007,2021,9,95
SC-FLT-0007,2021,10,158
SC-FLT-0007,2021,11,385
SC-FLT-0007,2021,12,193
SC-FLT-0007,2022,1,293
SC-FLT-0007,2022,2,212
SC-FLT-0007,2022,3,192
SC-FLT-0007,2022,4,276
SC-FLT-0007,2022,5,266
SC-FLT-0007,2022,6,136
SC-FLT-0007,2022,7,279
SC-FLT-0007,2022,8,219
SC-FLT-0007,2022,9,313
SC-FLT-0007,2022,10,76
SC-FLT-0007,2022,11,226
SC-FLT-0007,2022,12,385
SC-FLT-0007,2023,1,158
SC-FLT-0007,2023,2,193
SC-FLT-0007,2023,3,348
SC-FLT-0007,2023,4,376
SC-FLT-0007,2023,5,256
SC-FLT-0007,2023,6,325
SC-FLT-0007,2023,7,505
SC-FLT-0007,2023,8,267
SC-FLT-0007,2023,9,242
SC-FLT-0007,2023,10,352
SC-FLT-0007,2023,11,393
SC-FLT-0007,2023,12,393
SC-FLT-0007,2024,1,256
SC-FLT-0007,2024,2,212
SC-FLT-0007,2024,3,247
SC-FLT-0007,2024,4,385
SC-FLT-0007,2024,5,445
SC-FLT-0007,2024,6,140
SC-FLT-0007,2024,7,280
SC-FLT-0007,2024,8,306
SC-FLT-0007,2024,9,316
SC-FLT-0007,2024,10,207
SC-FLT-0007,2024,11,348
SC-FLT-0007,2024,12,202
SC-ELC-0001,2020,1,22
SC-ELC-0001,2020,2,48
SC-ELC-0001,2020,3,34
SC-ELC-0001,2020,4,83
SC-ELC-0001,2020,5,37
SC-ELC-0001,2020,6,28
SC-ELC-0001,2020,7,79
SC-ELC-0001,2020,8,23
SC-ELC-0001,2020,9,102
SC-ELC-0001,2020,10,65
SC-ELC-0001,2020,11,91
SC-ELC-0001,2020,12,83
SC-ELC-0001,2021,1,70
SC-ELC-0001,2021,2,90
SC-ELC-0001,2021,3,3
SC-ELC-0001,2021,4,18
SC-ELC-0001,2021,5,77
SC-ELC-0001,2021,6,30
SC-ELC-0001,2021,7,123
SC-ELC-0001,2021,8,67
SC-ELC-0001,2021,9,114
SC-ELC-0001,2021,10,126
SC-ELC-0001,2021,11,115
SC-ELC-0001,2021,12,52
SC-ELC-0001,2022,1,67
SC-ELC-0001,2022,2,106
SC-ELC-0001,2022,3,166
SC-ELC-0001,2022,4,97
SC-ELC-0001,2022,5,62
SC-ELC-0001,2022,6,93
SC-ELC-0001,2022,7,8
SC-ELC-0001,2022,8,103
SC-ELC-0001,2022,9,36
SC-ELC-0001,2022,10,36
SC-ELC-0001,2022,11,128
SC-ELC-0001,2022,12,63
SC-ELC-0001,2023,1,1
SC-ELC-0001,2023,2,114
SC-ELC-0001,2023,3,51
SC-ELC-0001,2023,4,184
SC-ELC-0001,2023,5,48
SC-ELC-0001,2023,6,129
SC-ELC-0001,2023,7,209
SC-ELC-0001,2023,8,85
SC-ELC-0001,2023,9,133
SC-ELC-0001,2023,10,89
SC-ELC-0001,2023,11,131
SC-ELC-0001,2023,12,161
SC-ELC-0001,2024,1,130
SC-ELC-0001,2024,2,53
SC-ELC-0001,2024,3,90
SC-ELC-0001,2024,4,101
SC-ELC-0001,2024,5,28
SC-ELC-0001,2024,6,2
SC-ELC-0001,2024,7,118
SC-ELC-0001,2024,8,32
SC-ELC-0001,2024,9,166
SC-ELC-0001,2024,10,91
SC-ELC-0001,2024,11,75
SC-ELC-0001,2024,12,93
SC-FUE-0005,2020,1,209
SC-FUE-0005,2020,2,69
SC-FUE-0005,2020,3,246
SC-FUE-0005,2020,4,118
SC-FUE-0005,2020,5,229
SC-FUE-0005,2020,6,366
SC-FUE-0005,2020,7,226
SC-FUE-0005,2020,8,344
SC-FUE-0005,2020,9,127
SC-FUE-0005,2020,10,392
SC-FUE-0005,2020,11,474
SC-FUE-0005,2020,12,306
SC-FUE-0005,2021,1,351
SC-FUE-0005,2021,2,298
SC-FUE-0005,2021,3,364
SC-FUE-0005,2021,4,380
SC-FUE-0005,2021,5,187
SC-FUE-0005,2021,6,197
SC-FUE-0005,2021,7,342
SC-FUE-0005,2021,8,377
SC-FUE-0005,2021,9,262
SC-FUE-0005,2021,10,369
SC-FUE-0005,2021,11,264
SC-FUE-0005,2021,12,438
SC-FUE-0005,2022,1,305
SC-FUE-0005,2022,2,603
SC-FUE-0005,2022,3,349
SC-FUE-0005,2022,4,475
SC-FUE-0005,2022,5,403
SC-FUE-0005,2022,6,406
SC-FUE-0005,2022,7,341
SC-FUE-0005,2022,8,217
SC-FUE-0005,2022,9,434
SC-FUE-0005,2022,10,425
SC-FUE-0005,2022,11,322
SC-FUE-0005,2022,12,363
SC-FUE-0005,2023,1,371
SC-FUE-0005,2023,2,276
SC-FUE-0005,2023,3,241
SC-FUE-0005,2023,4,214
SC-FUE-0005,2023,5,248
SC-FUE-0005,2023,6,393
SC-FUE-0005,2023,7,263
SC-FUE-0005,2023,8,124
SC-FUE-0005,2023,9,275
SC-FUE-0005,2023,10,417
SC-FUE-0005,2023,11,244
SC-FUE-0005,2023,12,309
SC-FUE-0005,2024,1,332
SC-FUE-0005,2024,2,215
SC-FUE-0005,2024,3,194
SC-FUE-0005,2024,4,421
SC-FUE-0005,2024,5,196
SC-FUE-0005,2024,6,225
SC-FUE-0005,2024,7,421
SC-FUE-0005,2024,8,319
SC-FUE-0005,2024,9,425
SC-FUE-0005,2024,10,270
SC-FUE-0005,2024,11,200
SC-FUE-0005,2024,12,177
SC-TWA-0004,2020,1,148
SC-TWA-0004,2020,2,131
SC-TWA-0004,2020,3,111
SC-TWA-0004,2020,4,220
SC-TWA-0004,2020,5,216
SC-TWA-0004,2020,6,213
SC-TWA-0004,2020,7,185
SC-TWA-0004,2020,8,497
SC-TWA-0004,2020,9,337
SC-TWA-0004,2020,10,535
SC-TWA-0004,2020,11,350
SC-TWA-0004,2020,12,236
SC-TWA-0004,2021,1,604
SC-TWA-0004,2021,2,205
SC-TWA-0004,2021,3,140
SC-TWA-0004,2021,4,222
SC-TWA-0004,2021,5,351
SC-TWA-0004,2021,6,274
SC-TWA-0004,2021,7,427
SC-TWA-0004,2021,8,405
SC-TWA-0004,2021,9,259
SC-TWA-0004,2021,10,377
SC-TWA-0004,2021,11,527
SC-TWA-0004,2021,12,482
SC-TWA-0004,2022,1,409
SC-TWA-0004,2022,2,856
SC-TWA-0004,2022,3,531
SC-TWA-0004,2022,4,401
SC-TWA-0004,2022,5,483
SC-TWA-0004,2022,6,402
SC-TWA-0004,2022,7,342
SC-TWA-0004,2022,8,361
SC-TWA-0004,2022,9,461
SC-TWA-0004,2022,10,209
SC-TWA-0004,2022,11,360
SC-TWA-0004,2022,12,438
SC-TWA-0004,2023,1,306
SC-TWA-0004,2023,2,393
SC-TWA-0004,2023,3,254
SC-TWA-0004,2023,4,314
SC-TWA-0004,2023,5,391
SC-TWA-0004,2023,6,482
SC-TWA-0004,2023,7,544
SC-TWA-0004,2023,8,261
SC-TWA-0004,2023,9,608
SC-TWA-0004,2023,10,366
SC-TWA-0004,2023,11,477
SC-TWA-0004,2023,12,546
SC-TWA-0004,2024,1,488
SC-TWA-0004,2024,2,536
SC-TWA-0004,2024,3,530
SC-TWA-0004,2024,4,505
SC-TWA-0004,2024,5,402
SC-TWA-0004,2024,6,346
SC-TWA-0004,2024,7,565
SC-TWA-0004,2024,8,314
SC-TWA-0004,2024,9,539
SC-TWA-0004,2024,10,239
SC-TWA-0004,2024,11,190
SC-TWA-0004,2024,12,399
SC-CLG-0002,2020,1,334
SC-CLG-0002,2020,2,340
SC-CLG-0002,2020,3,132
SC-CLG-0002,2020,4,579
SC-CLG-0002,2020,5,287
SC-CLG-0002,2020,6,565
SC-CLG-0002,2020,7,135
SC-CLG-0002,2020,8,687
SC-CLG-0002,2020,9,458
SC-CLG-0002,2020,10,198
SC-CLG-0002,2020,11,306
SC-CLG-0002,2020,12,484
SC-CLG-0002,2021,1,291
SC-CLG-0002,2021,2,625
SC-CLG-0002,2021,3,397
SC-CLG-0002,2021,4,651
SC-CLG-0002,2021,5,382
SC-CLG-0002,2021,6,170
SC-CLG-0002,2021,7,324
SC-CLG-0002,2021,8,517
SC-CLG-0002,2021,9,564
SC-CLG-0002,2021,10,271
SC-CLG-0002,2021,11,405
SC-CLG-0002,2021,12,356
SC-CLG-0002,2022,1,600
SC-CLG-0002,2022,2,562
SC-CLG-0002,2022,3,652
SC-CLG-0002,2022,4,365
SC-CLG-0002,2022,5,190
SC-CLG-0002,2022,6,485
SC-CLG-0002,2022,7,501
SC-CLG-0002,2022,8,421
SC-CLG-0002,2022,9,623
SC-CLG-0002,2022,10,676
SC-CLG-0002,2022,11,642
SC-CLG-0002,2022,12,504
SC-CLG-0002,2023,1,617
SC-CLG-0002,2023,2,259
SC-CLG-0002,2023,3,250
SC-CLG-0002,2023,4,690
SC-CLG-0002,2023,5,302
SC-CLG-0002,2023,6,305
SC-CLG-0002,2023,7,419
SC-CLG-0002,2023,8,325
SC-CLG-0002,2023,9,583
SC-CLG-0002,2023,10,366
SC-CLG-0002,2023,11,315
SC-CLG-0002,2023,12,545
SC-CLG-0002,2024,1,431
SC-CLG-0002,2024,2,504
SC-CLG-0002,2024,3,431
SC-CLG-0002,2024,4,576
SC-CLG-0002,2024,5,549
SC-CLG-0002,2024,6,409
SC-CLG-0002,2024,7,507
SC-CLG-0002,2024,8,479
SC-CLG-0002,2024,9,479
SC-CLG-0002,2024,10,297
SC-CLG-0002,2024,11,1037
SC-CLG-0002,2024,12,448
SC-TRN-0005,2020,1,59
SC-TRN-0005,2020,2,42
SC-TRN-0005,2020,3,39
SC-TRN-0005,2020,4,93
SC-TRN-0005,2020,5,39
SC-TRN-0005,2020,6,158
SC-TRN-0005,2020,7,90
SC-TRN-0005,2020,8,47
SC-TRN-0005,2020,9,69
SC-TRN-0005,2020,10,105
SC-TRN-0005,2020,11,161
SC-TRN-0005,2020,12,0
SC-TRN-0005,2021,1,200
SC-TRN-0005,2021,2,157
SC-TRN-0005,2021,3,494
SC-TRN-0005,2021,4,388
SC-TRN-0005,2021,5,292
SC-TRN-0005,2021,6,53
SC-TRN-0005,2021,7,0
SC-TRN-0005,2021,8,149
SC-TRN-0005,2021,9,235
SC-TRN-0005,2021,10,284
SC-TRN-0005,2021,11,118
SC-TRN-0005,2021,12,115
SC-TRN-0005,2022,1,149
SC-TRN-0005,2022,2,108
SC-TRN-0005,2022,3,37
SC-TRN-0005,2022,4,131
SC-TRN-0005,2022,5,60
SC-TRN-0005,2022,6,130
SC-TRN-0005,2022,7,30
SC-TRN-0005,2022,8,141
SC-TRN-0005,2022,9,62
SC-TRN-0005,2022,10,181
SC-TRN-0005,2022,11,150
SC-TRN-0005,2022,12,88
SC-TRN-0005,2023,1,133
SC-TRN-0005,2023,2,204
SC-TRN-0005,2023,3,183
SC-TRN-0005,2023,4,93
SC-TRN-0005,2023,5,122
SC-TRN-0005,2023,6,63
SC-TRN-0005,2023,7,138
SC-TRN-0005,2023,8,78
SC-TRN-0005,2023,9,131
SC-TRN-0005,2023,10,89
SC-TRN-0005,2023,11,12
SC-TRN-0005,2023,12,233
SC-TRN-0005,2024,1,108
SC-TRN-0005,2024,2,104
SC-TRN-0005,2024,3,69
SC-TRN-0005,2024,4,137
SC-TRN-0005,2024,5,156
SC-TRN-0005,2024,6,118
SC-TRN-0005,2024,7,108
SC-TRN-0005,2024,8,179
SC-TRN-0005,2024,9,116
SC-TRN-0005,2024,10,224
SC-TRN-0005,2024,11,196
SC-TRN-0005,2024,12,37
SC-SUS-0009,2020,1,301
SC-SUS-0009,2020,2,332
SC-SUS-0009,2020,3,199
SC-SUS-0009,2020,4,527
SC-SUS-0009,2020,5,483
SC-SUS-0009,2020,6,575
SC-SUS-0009,2020,7,580
SC-SUS-0009,2020,8,418
SC-SUS-0009,2020,9,751
SC-SUS-0009,2020,10,455
SC-SUS-0009,2020,11,407
SC-SUS-0009,2020,12,363
SC-SUS-0009,2021,1,392
SC-SUS-0009,2021,2,524
SC-SUS-0009,2021,3,296
SC-SUS-0009,2021,4,165
SC-SUS-0009,2021,5,338
SC-SUS-0009,2021,6,226
SC-SUS-0009,2021,7,316
SC-SUS-0009,2021,8,313
SC-SUS-0009,2021,9,392
SC-SUS-0009,2021,10,406
SC-SUS-0009,2021,11,328
SC-SUS-0009,2021,12,384
SC-SUS-0009,2022,1,518
SC-SUS-0009,2022,2,596
SC-SUS-0009,2022,3,581
SC-SUS-0009,2022,4,654
SC-SUS-0009,2022,5,738
SC-SUS-0009,2022,6,507
SC-SUS-0009,2022,7,381
SC-SUS-0009,2022,8,685
SC-SUS-0009,2022,9,446
SC-SUS-0009,2022,10,298
SC-SUS-0009,2022,11,706
SC-SUS-0009,2022,12,780
SC-SUS-0009,2023,1,853
SC-SUS-0009,2023,2,424
SC-SUS-0009,2023,3,463
SC-SUS-0009,2023,4,204
SC-SUS-0009,2023,5,345
SC-SUS-0009,2023,6,506
SC-SUS-0009,2023,7,416
SC-SUS-0009,2023,8,905
SC-SUS-0009,2023,9,611
SC-SUS-0009,2023,10,541
SC-SUS-0009,2023,11,518
SC-SUS-0009,2023,12,749
SC-SUS-0009,2024,1,579
SC-SUS-0009,2024,2,798
SC-SUS-0009,2024,3,740
SC-SUS-0009,2024,4,517
SC-SUS-0009,2024,5,435
SC-SUS-0009,2024,6,735
SC-SUS-0009,2024,7,392
SC-SUS-0009,2024,8,777
SC-SUS-0009,2024,9,502
SC-SUS-0009,2024,10,441
SC-SUS-0009,2024,11,764
SC-SUS-0009,2024,12,490
SC-FUE-0006,2020,1,0
SC-FUE-0006,2020,2,0
SC-FUE-0006,2020,3,2
SC-FUE-0006,2020,4,5
SC-FUE-0006,2020,5,2
SC-FUE-0006,2020,6,1
SC-FUE-0006,2020,7,3
SC-FUE-0006,2020,8,10
SC-FUE-0006,2020,9,2
SC-FUE-0006,2020,10,5
SC-FUE-0006,2020,11,15
SC-FUE-0006,2020,12,4
SC-FUE-0006,2021,1,5
SC-FUE-0006,2021,2,4
SC-FUE-0006,2021,3,5
SC-FUE-0006,2021,4,1
SC-FUE-0006,2021,5,5
SC-FUE-0006,2021,6,8
SC-FUE-0006,2021,7,8
SC-FUE-0006,2021,8,4
SC-FUE-0006,2021,9,8
SC-FUE-0006,2021,10,0
SC-FUE-0006,2021,11,2
SC-FUE-0006,2021,12,5
SC-FUE-0006,2022,1,6
SC-FUE-0006,2022,2,11
SC-FUE-0006,2022,3,6
SC-FUE-0006,2022,4,5
SC-FUE-0006,2022,5,3
SC-FUE-0006,2022,6,2
SC-FUE-0006,2022,7,3
SC-FUE-0006,2022,8,4
SC-FUE-0006,2022,9,3
SC-FUE-0006,2022,10,2
SC-FUE-0006,2022,11,2
SC-FUE-0006,2022,12,0
SC-FUE-0006,2023,1,1
SC-FUE-0006,2023,2,0
SC-FUE-0006,2023,3,5
SC-FUE-0006,2023,4,4
SC-FUE-0006,2023,5,2
SC-FUE-0006,2023,6,1
SC-FUE-0006,2023,7,1
SC-FUE-0006,2023,8,5
SC-FUE-0006,2023,9,3
SC-FUE-0006,2023,10,5
SC-FUE-0006,2023,11,7
SC-FUE-0006,2023,12,2
SC-FUE-0006,2024,1,4
SC-FUE-0006,2024,2,7
SC-FUE-0006,2024,3,7
SC-FUE-0006,2024,4,7
SC-FUE-0006,2024,5,4
SC-FUE-0006,2024,6,1
SC-FUE-0006,2024,7,4
SC-FUE-0006,2024,8,5
SC-FUE-0006,2024,9,0
SC-FUE-0006,2024,10,4
SC-FUE-0006,2024,11,4
SC-FUE-0006,2024,12,1
SC-HYD-0005,2020,1,41
SC-HYD-0005,2020,2,6
SC-HYD-0005,2020,3,22
SC-HYD-0005,2020,4,62
SC-HYD-0005,2020,5,45
SC-HYD-0005,2020,6,88
SC-HYD-0005,2020,7,29
SC-HYD-0005,2020,8,27
SC-HYD-0005,2020,9,59
SC-HYD-0005,2020,10,14
SC-HYD-0005,2020,11,56
SC-HYD-0005,2020,12,52
SC-HYD-0005,2021,1,73
SC-HYD-0005,2021,2,72
SC-HYD-0005,2021,3,68
SC-HYD-0005,2021,4,50
SC-HYD-0005,2021,5,47
SC-HYD-0005,2021,6,104
SC-HYD-0005,2021,7,27
SC-HYD-0005,2021,8,63
SC-HYD-0005,2021,9,61
SC-HYD-0005,2021,10,62
SC-HYD-0005,2021,11,70
SC-HYD-0005,2021,12,0
SC-HYD-0005,2022,1,17
SC-HYD-0005,2022,2,0
SC-HYD-0005,2022,3,82
SC-HYD-0005,2022,4,45
SC-HYD-0005,2022,5,57
SC-HYD-0005,2022,6,34
SC-HYD-0005,2022,7,33
SC-HYD-0005,2022,8,16
SC-HYD-0005,2022,9,42
SC-HYD-0005,2022,10,22
SC-HYD-0005,2022,11,80
SC-HYD-0005,2022,12,14
SC-HYD-0005,2023,1,65
SC-HYD-0005,2023,2,97
SC-HYD-0005,2023,3,35
SC-HYD-0005,2023,4,69
SC-HYD-0005,2023,5,40
SC-HYD-0005,2023,6,34
SC-HYD-0005,2023,7,59
SC-HYD-0005,2023,8,62
SC-HYD-0005,2023,9,32
SC-HYD-0005,2023,10,54
SC-HYD-0005,2023,11,24
SC-HYD-0005,2023,12,31
SC-HYD-0005,2024,1,40
SC-HYD-0005,2024,2,42
SC-HYD-0005,2024,3,46
SC-HYD-0005,2024,4,50
SC-HYD-0005,2024,5,92
SC-HYD-0005,2024,6,63
SC-HYD-0005,2024,7,102
SC-HYD-0005,2024,8,25
SC-HYD-0005,2024,9,37
SC-HYD-0005,2024,10,60
SC-HYD-0005,2024,11,59
SC-HYD-0005,2024,12,58
SC-SUS-0010,2020,1,1281
SC-SUS-0010,2020,2,1185
SC-SUS-0010,2020,3,1366
SC-SUS-0010,2020,4,1369
SC-SUS-0010,2020,5,2084
SC-SUS-0010,2020,6,1989
SC-SUS-0010,2020,7,1976
SC-SUS-0010,2020,8,1900
SC-SUS-0010,2020,9,1641
SC-SUS-0010,2020,10,1816
SC-SUS-0010,2020,11,1487
SC-SUS-0010,2020,12,1568
SC-SUS-0010,2021,1,1706
SC-SUS-0010,2021,2,2603
SC-SUS-0010,2021,3,1823
SC-SUS-0010,2021,4,1958
SC-SUS-0010,2021,5,2412
SC-SUS-0010,2021,6,2120
SC-SUS-0010,2021,7,2926
SC-SUS-0010,2021,8,1685
SC-SUS-0010,2021,9,1511
SC-SUS-0010,2021,10,2079
SC-SUS-0010,2021,11,2020
SC-SUS-0010,2021,12,2445
SC-SUS-0010,2022,1,1651
SC-SUS-0010,2022,2,1942
SC-SUS-0010,2022,3,1934
SC-SUS-0010,2022,4,1653
SC-SUS-0010,2022,5,2558
SC-SUS-0010,2022,6,1905
SC-SUS-0010,2022,7,2237
SC-SUS-0010,2022,8,2424
SC-SUS-0010,2022,9,1230
SC-SUS-0010,2022,10,1747
SC-SUS-0010,2022,11,2977
SC-SUS-0010,2022,12,3339
SC-SUS-0010,2023,1,2380
SC-SUS-0010,2023,2,2668
SC-SUS-0010,2023,3,2171
SC-SUS-0010,2023,4,2136
SC-SUS-0010,2023,5,2471
SC-SUS-0010,2023,6,2846
SC-SUS-0010,2023,7,2557
SC-SUS-0010,2023,8,2831
SC-SUS-0010,2023,9,2185
SC-SUS-0010,2023,10,2085
SC-SUS-0010,2023,11,1733
SC-SUS-0010,2023,12,2059
SC-SUS-0010,2024,1,2105
SC-SUS-0010,2024,2,2523
SC-SUS-0010,2024,3,1799
SC-SUS-0010,2024,4,2303
SC-SUS-0010,2024,5,2314
SC-SUS-0010,2024,6,2508
SC-SUS-0010,2024,7,2424
SC-SUS-0010,2024,8,3189
SC-SUS-0010,2024,9,3546
SC-SUS-0010,2024,10,2168
SC-SUS-0010,2024,11,2109
SC-SUS-0010,2024,12,2045
SC-BRK-0004,2020,1,126
SC-BRK-0004,2020,2,108
SC-BRK-0004,2020,3,152
SC-BRK-0004,2020,4,197
SC-BRK-0004,2020,5,520
SC-BRK-0004,2020,6,409
SC-BRK-0004,2020,7,622
SC-BRK-0004,2020,8,670
SC-BRK-0004,2020,9,407
SC-BRK-0004,2020,10,485
SC-BRK-0004,2020,11,551
SC-BRK-0004,2020,12,568
SC-BRK-0004,2021,1,727
SC-BRK-0004,2021,2,1140
SC-BRK-0004,2021,3,621
SC-BRK-0004,2021,4,368
SC-BRK-0004,2021,5,337
SC-BRK-0004,2021,6,503
SC-BRK-0004,2021,7,658
SC-BRK-0004,2021,8,878
SC-BRK-0004,2021,9,452
SC-BRK-0004,2021,10,415
SC-BRK-0004,2021,11,479
SC-BRK-0004,2021,12,747
SC-BRK-0004,2022,1,517
SC-BRK-0004,2022,2,807
SC-BRK-0004,2022,3,502
SC-BRK-0004,2022,4,953
SC-BRK-0004,2022,5,693
SC-BRK-0004,2022,6,769
SC-BRK-0004,2022,7,1095
SC-BRK-0004,2022,8,819
SC-BRK-0004,2022,9,721
SC-BRK-0004,2022,10,657
SC-BRK-0004,2022,11,698
SC-BRK-0004,2022,12,752
SC-BRK-0004,2023,1,710
SC-BRK-0004,2023,2,829
SC-BRK-0004,2023,3,566
SC-BRK-0004,2023,4,714
SC-BRK-0004,2023,5,514
SC-BRK-0004,2023,6,874
SC-BRK-0004,2023,7,307
SC-BRK-0004,2023,8,491
SC-BRK-0004,2023,9,419
SC-BRK-0004,2023,10,347
SC-BRK-0004,2023,11,744
SC-BRK-0004,2023,12,513
SC-BRK-0004,2024,1,715
SC-BRK-0004,2024,2,316
SC-BRK-0004,2024,3,574
SC-BRK-0004,2024,4,655
SC-BRK-0004,2024,5,109
SC-BRK-0004,2024,6,266
SC-BRK-0004,2024,7,313
SC-BRK-0004,2024,8,750
SC-BRK-0004,2024,9,661
SC-BRK-0004,2024,10,694
SC-BRK-0004,2024,11,601
SC-BRK-0004,2024,12,979
SC-FUE-0007,2020,1,2
SC-FUE-0007,2020,2,4
SC-FUE-0007,2020,3,2
SC-FUE-0007,2020,4,8
SC-FUE-0007,2020,5,9
SC-FUE-0007,2020,6,6
SC-FUE-0007,2020,7,5
SC-FUE-0007,2020,8,3
SC-FUE-0007,2020,9,9
SC-FUE-0007,2020,10,0
SC-FUE-0007,2020,11,4
SC-FUE-0007,2020,12,3
SC-FUE-0007,2021,1,7
SC-FUE-0007,2021,2,3
SC-FUE-0007,2021,3,7
SC-FUE-0007,2021,4,12
SC-FUE-0007,2021,5,10
SC-FUE-0007,2021,6,8
SC-FUE-0007,2021,7,7
SC-FUE-0007,2021,8,13
SC-FUE-0007,2021,9,5
SC-FUE-0007,2021,10,12
SC-FUE-0007,2021,11,9
SC-FUE-0007,2021,12,1
SC-FUE-0007,2022,1,0
SC-FUE-0007,2022,2,0
SC-FUE-0007,2022,3,12
SC-FUE-0007,2022,4,8
SC-FUE-0007,2022,5,3
SC-FUE-0007,2022,6,10
SC-FUE-0007,2022,7,0
SC-FUE-0007,2022,8,13
SC-FUE-0007,2022,9,18
SC-FUE-0007,2022,10,8
SC-FUE-0007,2022,11,8
SC-FUE-0007,2022,12,8
SC-FUE-0007,2023,1,4
SC-FUE-0007,2023,2,5
SC-FUE-0007,2023,3,4
SC-FUE-0007,2023,4,6
SC-FUE-0007,2023,5,1
SC-FUE-0007,2023,6,8
SC-FUE-0007,2023,7,13
SC-FUE-0007,2023,8,13
SC-FUE-0007,2023,9,12
SC-FUE-0007,2023,10,10
SC-FUE-0007,2023,11,6
SC-FUE-0007,2023,12,10
SC-FUE-0007,2024,1,7
SC-FUE-0007,2024,2,6
SC-FUE-0007,2024,3,2
SC-FUE-0007,2024,4,14
SC-FUE-0007,2024,5,6
SC-FUE-0007,2024,6,13
SC-FUE-0007,2024,7,5
SC-FUE-0007,2024,8,6
SC-FUE-0007,2024,9,14
SC-FUE-0007,2024,10,7
SC-FUE-0007,2024,11,2
SC-FUE-0007,2024,12,4
SC-SUS-0011,2020,1,19
SC-SUS-0011,2020,2,56
SC-SUS-0011,2020,3,26
SC-SUS-0011,2020,4,61
SC-SUS-0011,2020,5,128
SC-SUS-0011,2020,6,86
SC-SUS-0011,2020,7,27
SC-SUS-0011,2020,8,60
SC-SUS-0011,2020,9,99
SC-SUS-0011,2020,10,75
SC-SUS-0011,2020,11,103
SC-SUS-0011,2020,12,70
SC-SUS-0011,2021,1,80
SC-SUS-0011,2021,2,30
SC-SUS-0011,2021,3,69
SC-SUS-0011,2021,4,0
SC-SUS-0011,2021,5,80
SC-SUS-0011,2021,6,1
SC-SUS-0011,2021,7,69
SC-SUS-0011,2021,8,99
SC-SUS-0011,2021,9,134
SC-SUS-0011,2021,10,97
SC-SUS-0011,2021,11,126
SC-SUS-0011,2021,12,149
SC-SUS-0011,2022,1,82
SC-SUS-0011,2022,2,123
SC-SUS-0011,2022,3,103
SC-SUS-0011,2022,4,137
SC-SUS-0011,2022,5,10
SC-SUS-0011,2022,6,77
SC-SUS-0011,2022,7,123
SC-SUS-0011,2022,8,25
SC-SUS-0011,2022,9,95
SC-SUS-0011,2022,10,18
SC-SUS-0011,2022,11,102
SC-SUS-0011,2022,12,38
SC-SUS-0011,2023,1,36
SC-SUS-0011,2023,2,91
SC-SUS-0011,2023,3,100
SC-SUS-0011,2023,4,121
SC-SUS-0011,2023,5,105
SC-SUS-0011,2023,6,97
SC-SUS-0011,2023,7,100
SC-SUS-0011,2023,8,84
SC-SUS-0011,2023,9,0
SC-SUS-0011,2023,10,83
SC-SUS-0011,2023,11,79
SC-SUS-0011,2023,12,148
SC-SUS-0011,2024,1,47
SC-SUS-0011,2024,2,132
SC-SUS-0011,2024,3,69
SC-SUS-0011,2024,4,73
SC-SUS-0011,2024,5,24
SC-SUS-0011,2024,6,72
SC-SUS-0011,2024,7,78
SC-SUS-0011,2024,8,65
SC-SUS-0011,2024,9,59
SC-SUS-0011,2024,10,104
SC-SUS-0011,2024,11,102
SC-SUS-0011,2024,12,31
SC-HYD-0006,2020,1,436
SC-HYD-0006,2020,2,256
SC-HYD-0006,2020,3,417
SC-HYD-0006,2020,4,419
SC-HYD-0006,2020,5,373
SC-HYD-0006,2020,6,599
SC-HYD-0006,2020,7,59
SC-HYD-0006,2020,8,471
SC-HYD-0006,2020,9,331
SC-HYD-0006,2020,10,432
SC-HYD-0006,2020,11,381
SC-HYD-0006,2020,12,227
SC-HYD-0006,2021,1,472
SC-HYD-0006,2021,2,338
SC-HYD-0006,2021,3,380
SC-HYD-0006,2021,4,619
SC-HYD-0006,2021,5,259
SC-HYD-0006,2021,6,83
SC-HYD-0006,2021,7,287
SC-HYD-0006,2021,8,294
SC-HYD-0006,2021,9,633
SC-HYD-0006,2021,10,237
SC-HYD-0006,2021,11,274
SC-HYD-0006,2021,12,490
SC-HYD-0006,2022,1,178
SC-HYD-0006,2022,2,236
SC-HYD-0006,2022,3,570
SC-HYD-0006,2022,4,381
SC-HYD-0006,2022,5,357
SC-HYD-0006,2022,6,586
SC-HYD-0006,2022,7,241
SC-HYD-0006,2022,8,359
SC-HYD-0006,2022,9,344
SC-HYD-0006,2022,10,330
SC-HYD-0006,2022,11,302
SC-HYD-0006,2022,12,352
SC-HYD-0006,2023,1,659
SC-HYD-0006,2023,2,479
SC-HYD-0006,2023,3,624
SC-HYD-0006,2023,4,503
SC-HYD-0006,2023,5,384
SC-HYD-0006,2023,6,322
SC-HYD-0006,2023,7,313
SC-HYD-0006,2023,8,350
SC-HYD-0006,2023,9,379
SC-HYD-0006,2023,10,304
SC-HYD-0006,2023,11,426
SC-HYD-0006,2023,12,442
SC-HYD-0006,2024,1,438
SC-HYD-0006,2024,2,418
SC-HYD-0006,2024,3,589
SC-HYD-0006,2024,4,540
SC-HYD-0006,2024,5,402
SC-HYD-0006,2024,6,303
SC-HYD-0006,2024,7,370
SC-HYD-0006,2024,8,203
SC-HYD-0006,2024,9,322
SC-HYD-0006,2024,10,344
SC-HYD-0006,2024,11,284
SC-HYD-0006,2024,12,299
SC-SUS-0012,2020,1,4
SC-SUS-0012,2020,2,6
SC-SUS-0012,2020,3,11
SC-SUS-0012,2020,4,5
SC-SUS-0012,2020,5,0
SC-SUS-0012,2020,6,9
SC-SUS-0012,2020,7,20
SC-SUS-0012,2020,8,7
SC-SUS-0012,2020,9,17
SC-SUS-0012,2020,10,15
SC-SUS-0012,2020,11,7
SC-SUS-0012,2020,12,4
SC-SUS-0012,2021,1,6
SC-SUS-0012,2021,2,6
SC-SUS-0012,2021,3,3
SC-SUS-0012,2021,4,8
SC-SUS-0012,2021,5,14
SC-SUS-0012,2021,6,0
SC-SUS-0012,2021,7,5
SC-SUS-0012,2021,8,14
SC-SUS-0012,2021,9,2
SC-SUS-0012,2021,10,7
SC-SUS-0012,2021,11,15
SC-SUS-0012,2021,12,3
SC-SUS-0012,2022,1,8
SC-SUS-0012,2022,2,10
SC-SUS-0012,2022,3,6
SC-SUS-0012,2022,4,20
SC-SUS-0012,2022,5,1
SC-SUS-0012,2022,6,27
SC-SUS-0012,2022,7,6
SC-SUS-0012,2022,8,14
SC-SUS-0012,2022,9,21
SC-SUS-0012,2022,10,31
SC-SUS-0012,2022,11,15
SC-SUS-0012,2022,12,12
SC-SUS-0012,2023,1,21
SC-SUS-0012,2023,2,2
SC-SUS-0012,2023,3,5
SC-SUS-0012,2023,4,32
SC-SUS-0012,2023,5,11
SC-SUS-0012,2023,6,18
SC-SUS-0012,2023,7,18
SC-SUS-0012,2023,8,0
SC-SUS-0012,2023,9,18
SC-SUS-0012,2023,10,3
SC-SUS-0012,2023,11,9
SC-SUS-0012,2023,12,10
SC-SUS-0012,2024,1,7
SC-SUS-0012,2024,2,6
SC-SUS-0012,2024,3,9
SC-SUS-0012,2024,4,1
SC-SUS-0012,2024,5,10
SC-SUS-0012,2024,6,9
SC-SUS-0012,2024,7,10
SC-SUS-0012,2024,8,9
SC-SUS-0012,2024,9,12
SC-SUS-0012,2024,10,2
SC-SUS-0012,2024,11,11
SC-SUS-0012,2024,12,8
SC-CLG-0003,2020,1,240
SC-CLG-0003,2020,2,420
SC-CLG-0003,2020,3,296
SC-CLG-0003,2020,4,373
SC-CLG-0003,2020,5,467
SC-CLG-0003,2020,6,405
SC-CLG-0003,2020,7,395
SC-CLG-0003,2020,8,701
SC-CLG-0003,2020,9,425
SC-CLG-0003,2020,10,566
SC-CLG-0003,2020,11,305
SC-CLG-0003,2020,12,390
SC-CLG-0003,2021,1,774
SC-CLG-0003,2021,2,399
SC-CLG-0003,2021,3,576
SC-CLG-0003,2021,4,464
SC-CLG-0003,2021,5,266
SC-CLG-0003,2021,6,605
SC-CLG-0003,2021,7,566
SC-CLG-0003,2021,8,507
SC-CLG-0003,2021,9,1239
SC-CLG-0003,2021,10,747
SC-CLG-0003,2021,11,828
SC-CLG-0003,2021,12,1058
SC-CLG-0003,2022,1,647
SC-CLG-0003,2022,2,692
SC-CLG-0003,2022,3,674
SC-CLG-0003,2022,4,638
SC-CLG-0003,2022,5,765
SC-CLG-0003,2022,6,1025
SC-CLG-0003,2022,7,647
SC-CLG-0003,2022,8,389
SC-CLG-0003,2022,9,779
SC-CLG-0003,2022,10,1066
SC-CLG-0003,2022,11,584
SC-CLG-0003,2022,12,1125
SC-CLG-0003,2023,1,787
SC-CLG-0003,2023,2,400
SC-CLG-0003,2023,3,870
SC-CLG-0003,2023,4,581
SC-CLG-0003,2023,5,875
SC-CLG-0003,2023,6,618
SC-CLG-0003,2023,7,771
SC-CLG-0003,2023,8,891
SC-CLG-0003,2023,9,576
SC-CLG-0003,2023,10,911
SC-CLG-0003,2023,11,300
SC-CLG-0003,2023,12,1087
SC-CLG-0003,2024,1,261
SC-CLG-0003,2024,2,768
SC-CLG-0003,2024,3,404
SC-CLG-0003,2024,4,514
SC-CLG-0003,2024,5,467
SC-CLG-0003,2024,6,821
SC-CLG-0003,2024,7,1003
SC-CLG-0003,2024,8,774
SC-CLG-0003,2024,9,704
SC-CLG-0003,2024,10,832
SC-CLG-0003,2024,11,728
SC-CLG-0003,2024,12,666
SC-BRK-0005,2020,1,759
SC-BRK-0005,2020,2,708
SC-BRK-0005,2020,3,524
SC-BRK-0005,2020,4,363
SC-BRK-0005,2020,5,305
SC-BRK-0005,2020,6,298
SC-BRK-0005,2020,7,328
SC-BRK-0005,2020,8,278
SC-BRK-0005,2020,9,792
SC-BRK-0005,2020,10,891
SC-BRK-0005,2020,11,401
SC-BRK-0005,2020,12,445
SC-BRK-0005,2021,1,495
SC-BRK-0005,2021,2,453
SC-BRK-0005,2021,3,532
SC-BRK-0005,2021,4,255
SC-BRK-0005,2021,5,420
SC-BRK-0005,2021,6,356
SC-BRK-0005,2021,7,363
SC-BRK-0005,2021,8,402
SC-BRK-0005,2021,9,195
SC-BRK-0005,2021,10,500
SC-BRK-0005,2021,11,167
SC-BRK-0005,2021,12,185
SC-BRK-0005,2022,1,1128
SC-BRK-0005,2022,2,736
SC-BRK-0005,2022,3,859
SC-BRK-0005,2022,4,192
SC-BRK-0005,2022,5,330
SC-BRK-0005,2022,6,519
SC-BRK-0005,2022,7,595
SC-BRK-0005,2022,8,468
SC-BRK-0005,2022,9,672
SC-BRK-0005,2022,10,317
SC-BRK-0005,2022,11,623
SC-BRK-0005,2022,12,539
SC-BRK-0005,2023,1,764
SC-BRK-0005,2023,2,536
SC-BRK-0005,2023,3,485
SC-BRK-0005,2023,4,447
SC-BRK-0005,2023,5,597
SC-BRK-0005,2023,6,504
SC-BRK-0005,2023,7,660
SC-BRK-0005,2023,8,601
SC-BRK-0005,2023,9,294
SC-BRK-0005,2023,10,679
SC-BRK-0005,2023,11,405
SC-BRK-0005,2023,12,446
SC-BRK-0005,2024,1,790
SC-BRK-0005,2024,2,692
SC-BRK-0005,2024,3,630
SC-BRK-0005,2024,4,323
SC-BRK-0005,2024,5,541
SC-BRK-0005,2024,6,422
SC-BRK-0005,2024,7,298
SC-BRK-0005,2024,8,662
SC-BRK-0005,2024,9,621
SC-BRK-0005,2024,10,423
SC-BRK-0005,2024,11,519
SC-BRK-0005,2024,12,340
SC-ENG-0005,2020,1,724
SC-ENG-0005,2020,2,732
SC-ENG-0005,2020,3,810
SC-ENG-0005,2020,4,692
SC-ENG-0005,2020,5,199
SC-ENG-0005,2020,6,531
SC-ENG-0005,2020,7,897
SC-ENG-0005,2020,8,641
SC-ENG-0005,2020,9,576
SC-ENG-0005,2020,10,484
SC-ENG-0005,2020,11,506
SC-ENG-0005,2020,12,939
SC-ENG-0005,2021,1,636
SC-ENG-0005,2021,2,384
SC-ENG-0005,2021,3,489
SC-ENG-0005,2021,4,419
SC-ENG-0005,2021,5,474
SC-ENG-0005,2021,6,581
SC-ENG-0005,2021,7,616
SC-ENG-0005,2021,8,881
SC-ENG-0005,2021,9,630
SC-ENG-0005,2021,10,518
SC-ENG-0005,2021,11,597
SC-ENG-0005,2021,12,606
SC-ENG-0005,2022,1,489
SC-ENG-0005,2022,2,676
SC-ENG-0005,2022,3,436
SC-ENG-0005,2022,4,1094
SC-ENG-0005,2022,5,623
SC-ENG-0005,2022,6,557
SC-ENG-0005,2022,7,789
SC-ENG-0005,2022,8,659
SC-ENG-0005,2022,9,394
SC-ENG-0005,2022,10,661
SC-ENG-0005,2022,11,467
SC-ENG-0005,2022,12,763
SC-ENG-0005,2023,1,411
SC-ENG-0005,2023,2,768
SC-ENG-0005,2023,3,586
SC-ENG-0005,2023,4,438
SC-ENG-0005,2023,5,534
SC-ENG-0005,2023,6,437
SC-ENG-0005,2023,7,550
SC-ENG-0005,2023,8,779
SC-ENG-0005,2023,9,543
SC-ENG-0005,2023,10,852
SC-ENG-0005,2023,11,669
SC-ENG-0005,2023,12,610
SC-ENG-0005,2024,1,738
SC-ENG-0005,2024,2,329
SC-ENG-0005,2024,3,861
SC-ENG-0005,2024,4,652
SC-ENG-0005,2024,5,875
SC-ENG-0005,2024,6,595
SC-ENG-0005,2024,7,877
SC-ENG-0005,2024,8,598
SC-ENG-0005,2024,9,606
SC-ENG-0005,2024,10,1070
SC-ENG-0005,2024,11,846
SC-ENG-0005,2024,12,553
SC-SUS-0013,2020,1,32
SC-SUS-0013,2020,2,44
SC-SUS-0013,2020,3,10
SC-SUS-0013,2020,4,5
SC-SUS-0013,2020,5,29
SC-SUS-0013,2020,6,13
SC-SUS-0013,2020,7,37
SC-SUS-0013,2020,8,9
SC-SUS-0013,2020,9,0
SC-SUS-0013,2020,10,0
SC-SUS-0013,2020,11,17
SC-SUS-0013,2020,12,2
SC-SUS-0013,2021,1,8
SC-SUS-0013,2021,2,14
SC-SUS-0013,2021,3,11
SC-SUS-0013,2021,4,8
SC-SUS-0013,2021,5,20
SC-SUS-0013,2021,6,19
SC-SUS-0013,2021,7,0
SC-SUS-0013,2021,8,3
SC-SUS-0013,2021,9,30
SC-SUS-0013,2021,10,17
SC-SUS-0013,2021,11,4
SC-SUS-0013,2021,12,0
SC-SUS-0013,2022,1,23
SC-SUS-0013,2022,2,9
SC-SUS-0013,2022,3,7
SC-SUS-0013,2022,4,18
SC-SUS-0013,2022,5,9
SC-SUS-0013,2022,6,11
SC-SUS-0013,2022,7,13
SC-SUS-0013,2022,8,13
SC-SUS-0013,2022,9,37
SC-SUS-0013,2022,10,19
SC-SUS-0013,2022,11,17
SC-SUS-0013,2022,12,18
SC-SUS-0013,2023,1,27
SC-SUS-0013,2023,2,0
SC-SUS-0013,2023,3,19
SC-SUS-0013,2023,4,24
SC-SUS-0013,2023,5,26
SC-SUS-0013,2023,6,15
SC-SUS-0013,2023,7,37
SC-SUS-0013,2023,8,12
SC-SUS-0013,2023,9,16
SC-SUS-0013,2023,10,76
SC-SUS-0013,2023,11,14
SC-SUS-0013,2023,12,14
SC-SUS-0013,2024,1,12
SC-SUS-0013,2024,2,21
SC-SUS-0013,2024,3,70
SC-SUS-0013,2024,4,0
SC-SUS-0013,2024,5,59
SC-SUS-0013,2024,6,23
SC-SUS-0013,2024,7,28
SC-SUS-0013,2024,8,26
SC-SUS-0013,2024,9,10
SC-SUS-0013,2024,10,8
SC-SUS-0013,2024,11,38
SC-SUS-0013,2024,12,0
SC-CLG-0004,2020,1,1700
SC-CLG-0004,2020,2,1771
SC-CLG-0004,2020,3,2004
SC-CLG-0004,2020,4,1764
SC-CLG-0004,2020,5,1914
SC-CLG-0004,2020,6,2653
SC-CLG-0004,2020,7,1785
SC-CLG-0004,2020,8,2278
SC-CLG-0004,2020,9,2206
SC-CLG-0004,2020,10,2861
SC-CLG-0004,2020,11,1600
SC-CLG-0004,2020,12,2820
SC-CLG-0004,2021,1,2234
SC-CLG-0004,2021,2,2118
SC-CLG-0004,2021,3,1143
SC-CLG-0004,2021,4,1966
SC-CLG-0004,2021,5,1957
SC-CLG-0004,2021,6,1521
SC-CLG-0004,2021,7,2308
SC-CLG-0004,2021,8,3177
SC-CLG-0004,2021,9,2381
SC-CLG-0004,2021,10,2758
SC-CLG-0004,2021,11,2767
SC-CLG-0004,2021,12,2515
SC-CLG-0004,2022,1,3042
SC-CLG-0004,2022,2,1663
SC-CLG-0004,2022,3,2111
SC-CLG-0004,2022,4,2098
SC-CLG-0004,2022,5,1505
SC-CLG-0004,2022,6,2706
SC-CLG-0004,2022,7,2286
SC-CLG-0004,2022,8,2230
SC-CLG-0004,2022,9,2209
SC-CLG-0004,2022,10,2443
SC-CLG-0004,2022,11,2511
SC-CLG-0004,2022,12,2274
SC-CLG-0004,2023,1,2317
SC-CLG-0004,2023,2,2361
SC-CLG-0004,2023,3,1654
SC-CLG-0004,2023,4,2068
SC-CLG-0004,2023,5,2231
SC-CLG-0004,2023,6,3121
SC-CLG-0004,2023,7,2296
SC-CLG-0004,2023,8,2675
SC-CLG-0004,2023,9,3503
SC-CLG-0004,2023,10,2882
SC-CLG-0004,2023,11,2701
SC-CLG-0004,2023,12,3217
SC-CLG-0004,2024,1,2403
SC-CLG-0004,2024,2,3341
SC-CLG-0004,2024,3,2553
SC-CLG-0004,2024,4,2617
SC-CLG-0004,2024,5,3118
SC-CLG-0004,2024,6,3331
SC-CLG-0004,2024,7,3352
SC-CLG-0004,2024,8,3878
SC-CLG-0004,2024,9,2894
SC-CLG-0004,2024,10,3066
SC-CLG-0004,2024,11,2382
SC-CLG-0004,2024,12,2692
SC-FUE-0008,2020,1,5
SC-FUE-0008,2020,2,6
SC-FUE-0008,2020,3,7
SC-FUE-0008,2020,4,9
SC-FUE-0008,2020,5,7
SC-FUE-0008,2020,6,5
SC-FUE-0008,2020,7,3
SC-FUE-0008,2020,8,5
SC-FUE-0008,2020,9,7
SC-FUE-0008,2020,10,4
SC-FUE-0008,2020,11,4
SC-FUE-0008,2020,12,4
SC-FUE-0008,2021,1,7
SC-FUE-0008,2021,2,6
SC-FUE-0008,2021,3,3
SC-FUE-0008,2021,4,1
SC-FUE-0008,2021,5,0
SC-FUE-0008,2021,6,3
SC-FUE-0008,2021,7,1
SC-FUE-0008,2021,8,2
SC-FUE-0008,2021,9,2
SC-FUE-0008,2021,10,4
SC-FUE-0008,2021,11,2
SC-FUE-0008,2021,12,3
SC-FUE-0008,2022,1,0
SC-FUE-0008,2022,2,1
SC-FUE-0008,2022,3,0
SC-FUE-0008,2022,4,5
SC-FUE-0008,2022,5,6
SC-FUE-0008,2022,6,5
SC-FUE-0008,2022,7,4
SC-FUE-0008,2022,8,6
SC-FUE-0008,2022,9,1
SC-FUE-0008,2022,10,6
SC-FUE-0008,2022,11,2
SC-FUE-0008,2022,12,2
SC-FUE-0008,2023,1,6
SC-FUE-0008,2023,2,0
SC-FUE-0008,2023,3,1
SC-FUE-0008,2023,4,3
SC-FUE-0008,2023,5,3
SC-FUE-0008,2023,6,3
SC-FUE-0008,2023,7,3
SC-FUE-0008,2023,8,0
SC-FUE-0008,2023,9,1
SC-FUE-0008,2023,10,1
SC-FUE-0008,2023,11,0
SC-FUE-0008,2023,12,1
SC-FUE-0008,2024,1,4
SC-FUE-0008,2024,2,5
SC-FUE-0008,2024,3,5
SC-FUE-0008,2024,4,3
SC-FUE-0008,2024,5,2
SC-FUE-0008,2024,6,2
SC-FUE-0008,2024,7,1
SC-FUE-0008,2024,8,1
SC-FUE-0008,2024,9,2
SC-FUE-0008,2024,10,0
SC-FUE-0008,2024,11,2
SC-FUE-0008,2024,12,2
SC-ENG-0006,2020,1,319
SC-ENG-0006,2020,2,280
SC-ENG-0006,2020,3,463
SC-ENG-0006,2020,4,294
SC-ENG-0006,2020,5,368
SC-ENG-0006,2020,6,349
SC-ENG-0006,2020,7,418
SC-ENG-0006,2020,8,343
SC-ENG-0006,2020,9,358
SC-ENG-0006,2020,10,626
SC-ENG-0006,2020,11,509
SC-ENG-0006,2020,12,555
SC-ENG-0006,2021,1,556
SC-ENG-0006,2021,2,496
SC-ENG-0006,2021,3,591
SC-ENG-0006,2021,4,402
SC-ENG-0006,2021,5,554
SC-ENG-0006,2021,6,482
SC-ENG-0006,2021,7,883
SC-ENG-0006,2021,8,446
SC-ENG-0006,2021,9,565
SC-ENG-0006,2021,10,356
SC-ENG-0006,2021,11,452
SC-ENG-0006,2021,12,75
SC-ENG-0006,2022,1,371
SC-ENG-0006,2022,2,261
SC-ENG-0006,2022,3,605
SC-ENG-0006,2022,4,471
SC-ENG-0006,2022,5,337
SC-ENG-0006,2022,6,564
SC-ENG-0006,2022,7,598
SC-ENG-0006,2022,8,650
SC-ENG-0006,2022,9,743
SC-ENG-0006,2022,10,335
SC-ENG-0006,2022,11,435
SC-ENG-0006,2022,12,373
SC-ENG-0006,2023,1,484
SC-ENG-0006,2023,2,679
SC-ENG-0006,2023,3,506
SC-ENG-0006,2023,4,334
SC-ENG-0006,2023,5,401
SC-ENG-0006,2023,6,569
SC-ENG-0006,2023,7,1061
SC-ENG-0006,2023,8,530
SC-ENG-0006,2023,9,295
SC-ENG-0006,2023,10,528
SC-ENG-0006,2023,11,370
SC-ENG-0006,2023,12,470
SC-ENG-0006,2024,1,645
SC-ENG-0006,2024,2,995
SC-ENG-0006,2024,3,749
SC-ENG-0006,2024,4,760
SC-ENG-0006,2024,5,251
SC-ENG-0006,2024,6,944
SC-ENG-0006,2024,7,726
SC-ENG-0006,2024,8,559
SC-ENG-0006,2024,9,635
SC-ENG-0006,2024,10,184
SC-ENG-0006,2024,11,692
SC-ENG-0006,2024,12,826
SC-SUS-0014,2020,1,2
SC-SUS-0014,2020,2,3
SC-SUS-0014,2020,3,12
SC-SUS-0014,2020,4,4
SC-SUS-0014,2020,5,3
SC-SUS-0014,2020,6,7
SC-SUS-0014,2020,7,15
SC-SUS-0014,2020,8,13
SC-SUS-0014,2020,9,10
SC-SUS-0014,2020,10,11
SC-SUS-0014,2020,11,8
SC-SUS-0014,2020,12,7
SC-SUS-0014,2021,1,24
SC-SUS-0014,2021,2,0
SC-SUS-0014,2021,3,20
SC-SUS-0014,2021,4,16
SC-SUS-0014,2021,5,18
SC-SUS-0014,2021,6,7
SC-SUS-0014,2021,7,5
SC-SUS-0014,2021,8,14
SC-SUS-0014,2021,9,4
SC-SUS-0014,2021,10,27
SC-SUS-0014,2021,11,30
SC-SUS-0014,2021,12,22
SC-SUS-0014,2022,1,24
SC-SUS-0014,2022,2,31
SC-SUS-0014,2022,3,20
SC-SUS-0014,2022,4,30
SC-SUS-0014,2022,5,0
SC-SUS-0014,2022,6,40
SC-SUS-0014,2022,7,37
SC-SUS-0014,2022,8,12
SC-SUS-0014,2022,9,22
SC-SUS-0014,2022,10,14
SC-SUS-0014,2022,11,12
SC-SUS-0014,2022,12,25
SC-SUS-0014,2023,1,28
SC-SUS-0014,2023,2,10
SC-SUS-0014,2023,3,31
SC-SUS-0014,2023,4,10
SC-SUS-0014,2023,5,10
SC-SUS-0014,2023,6,3
SC-SUS-0014,2023,7,21
SC-SUS-0014,2023,8,5
SC-SUS-0014,2023,9,22
SC-SUS-0014,2023,10,0
SC-SUS-0014,2023,11,25
SC-SUS-0014,2023,12,7
SC-SUS-0014,2024,1,41
SC-SUS-0014,2024,2,0
SC-SUS-0014,2024,3,21
SC-SUS-0014,2024,4,5
SC-SUS-0014,2024,5,14
SC-SUS-0014,2024,6,28
SC-SUS-0014,2024,7,32
SC-SUS-0014,2024,8,7
SC-SUS-0014,2024,9,5
SC-SUS-0014,2024,10,32
SC-SUS-0014,2024,11,26
SC-SUS-0014,2024,12,8
SC-BRK-0006,2020,1,124
SC-BRK-0006,2020,2,129
SC-BRK-0006,2020,3,197
SC-BRK-0006,2020,4,310
SC-BRK-0006,2020,5,126
SC-BRK-0006,2020,6,350
SC-BRK-0006,2020,7,280
SC-BRK-0006,2020,8,381
SC-BRK-0006,2020,9,362
SC-BRK-0006,2020,10,377
SC-BRK-0006,2020,11,352
SC-BRK-0006,2020,12,214
SC-BRK-0006,2021,1,438
SC-BRK-0006,2021,2,345
SC-BRK-0006,2021,3,315
SC-BRK-0006,2021,4,395
SC-BRK-0006,2021,5,243
SC-BRK-0006,2021,6,329
SC-BRK-0006,2021,7,183
SC-BRK-0006,2021,8,468
SC-BRK-0006,2021,9,623
SC-BRK-0006,2021,10,300
SC-BRK-0006,2021,11,154
SC-BRK-0006,2021,12,307
SC-BRK-0006,2022,1,409
SC-BRK-0006,2022,2,85
SC-BRK-0006,2022,3,351
SC-BRK-0006,2022,4,314
SC-BRK-0006,2022,5,359
SC-BRK-0006,2022,6,365
SC-BRK-0006,2022,7,313
SC-BRK-0006,2022,8,278
SC-BRK-0006,2022,9,340
SC-BRK-0006,2022,10,441
SC-BRK-0006,2022,11,330
SC-BRK-0006,2022,12,279
SC-BRK-0006,2023,1,411
SC-BRK-0006,2023,2,395
SC-BRK-0006,2023,3,510
SC-BRK-0006,2023,4,276
SC-BRK-0006,2023,5,365
SC-BRK-0006,2023,6,318
SC-BRK-0006,2023,7,550
SC-BRK-0006,2023,8,422
SC-BRK-0006,2023,9,588
SC-BRK-0006,2023,10,675
SC-BRK-0006,2023,11,267
SC-BRK-0006,2023,12,495
SC-BRK-0006,2024,1,345
SC-BRK-0006,2024,2,340
SC-BRK-0006,2024,3,640
SC-BRK-0006,2024,4,594
SC-BRK-0006,2024,5,297
SC-BRK-0006,2024,6,450
SC-BRK-0006,2024,7,1087
SC-BRK-0006,2024,8,609
SC-BRK-0006,2024,9,759
SC-BRK-0006,2024,10,375
SC-BRK-0006,2024,11,308
SC-BRK-0006,2024,12,335
SC-HYD-0007,2020,1,514
SC-HYD-0007,2020,2,573
SC-HYD-0007,2020,3,680
SC-HYD-0007,2020,4,453
SC-HYD-0007,2020,5,398
SC-HYD-0007,2020,6,546
SC-HYD-0007,2020,7,573
SC-HYD-0007,2020,8,450
SC-HYD-0007,2020,9,747
SC-HYD-0007,2020,10,719
SC-HYD-0007,2020,11,344
SC-HYD-0007,2020,12,302
SC-HYD-0007,2021,1,586
SC-HYD-0007,2021,2,788
SC-HYD-0007,2021,3,566
SC-HYD-0007,2021,4,482
SC-HYD-0007,2021,5,659
SC-HYD-0007,2021,6,298
SC-HYD-0007,2021,7,401
SC-HYD-0007,2021,8,769
SC-HYD-0007,2021,9,767
SC-HYD-0007,2021,10,698
SC-HYD-0007,2021,11,409
SC-HYD-0007,2021,12,627
SC-HYD-0007,2022,1,1163
SC-HYD-0007,2022,2,716
SC-HYD-0007,2022,3,834
SC-HYD-0007,2022,4,455
SC-HYD-0007,2022,5,470
SC-HYD-0007,2022,6,708
SC-HYD-0007,2022,7,496
SC-HYD-0007,2022,8,484
SC-HYD-0007,2022,9,556
SC-HYD-0007,2022,10,345
SC-HYD-0007,2022,11,761
SC-HYD-0007,2022,12,873
SC-HYD-0007,2023,1,1044
SC-HYD-0007,2023,2,764
SC-HYD-0007,2023,3,543
SC-HYD-0007,2023,4,642
SC-HYD-0007,2023,5,704
SC-HYD-0007,2023,6,886
SC-HYD-0007,2023,7,583
SC-HYD-0007,2023,8,763
SC-HYD-0007,2023,9,570
SC-HYD-0007,2023,10,957
SC-HYD-0007,2023,11,713
SC-HYD-0007,2023,12,795
SC-HYD-0007,2024,1,1217
SC-HYD-0007,2024,2,812
SC-HYD-0007,2024,3,841
SC-HYD-0007,2024,4,1161
SC-HYD-0007,2024,5,392
SC-HYD-0007,2024,6,652
SC-HYD-0007,2024,7,673
SC-HYD-0007,2024,8,802
SC-HYD-0007,2024,9,753
SC-HYD-0007,2024,10,665
SC-HYD-0007,2024,11,597
SC-HYD-0007,2024,12,1318
SC-SUS-0015,2020,1,202
SC-SUS-0015,2020,2,159
SC-SUS-0015,2020,3,341
SC-SUS-0015,2020,4,121
SC-SUS-0015,2020,5,236
SC-SUS-0015,2020,6,152
SC-SUS-0015,2020,7,220
SC-SUS-0015,2020,8,147
SC-SUS-0015,2020,9,61
SC-SUS-0015,2020,10,133
SC-SUS-0015,2020,11,238
SC-SUS-0015,2020,12,334
SC-SUS-0015,2021,1,234
SC-SUS-0015,2021,2,300
SC-SUS-0015,2021,3,238
SC-SUS-0015,2021,4,209
SC-SUS-0015,2021,5,142
SC-SUS-0015,2021,6,143
SC-SUS-0015,2021,7,287
SC-SUS-0015,2021,8,264
SC-SUS-0015,2021,9,276
SC-SUS-0015,2021,10,90
SC-SUS-0015,2021,11,257
SC-SUS-0015,2021,12,252
SC-SUS-0015,2022,1,185
SC-SUS-0015,2022,2,259
SC-SUS-0015,2022,3,161
SC-SUS-0015,2022,4,192
SC-SUS-0015,2022,5,87
SC-SUS-0015,2022,6,241
SC-SUS-0015,2022,7,153
SC-SUS-0015,2022,8,240
SC-SUS-0015,2022,9,203
SC-SUS-0015,2022,10,333
SC-SUS-0015,2022,11,140
SC-SUS-0015,2022,12,208
SC-SUS-0015,2023,1,90
SC-SUS-0015,2023,2,281
SC-SUS-0015,2023,3,182
SC-SUS-0015,2023,4,114
SC-SUS-0015,2023,5,130
SC-SUS-0015,2023,6,204
SC-SUS-0015,2023,7,158
SC-SUS-0015,2023,8,241
SC-SUS-0015,2023,9,327
SC-SUS-0015,2023,10,339
SC-SUS-0015,2023,11,210
SC-SUS-0015,2023,12,245
SC-SUS-0015,2024,1,166
SC-SUS-0015,2024,2,184
SC-SUS-0015,2024,3,145
SC-SUS-0015,2024,4,202
SC-SUS-0015,2024,5,152
SC-SUS-0015,2024,6,178
SC-SUS-0015,2024,7,287
SC-SUS-0015,2024,8,210
SC-SUS-0015,2024,9,366
SC-SUS-0015,2024,10,145
SC-SUS-0015,2024,11,150
SC-SUS-0015,2024,12,378
SC-FUE-0009,2020,1,27
SC-FUE-0009,2020,2,22
SC-FUE-0009,2020,3,24
SC-FUE-0009,2020,4,27
SC-FUE-0009,2020,5,125
SC-FUE-0009,2020,6,65
SC-FUE-0009,2020,7,74
SC-FUE-0009,2020,8,71
SC-FUE-0009,2020,9,58
SC-FUE-0009,2020,10,5
SC-FUE-0009,2020,11,85
SC-FUE-0009,2020,12,77
SC-FUE-0009,2021,1,137
SC-FUE-0009,2021,2,150
SC-FUE-0009,2021,3,48
SC-FUE-0009,2021,4,63
SC-FUE-0009,2021,5,54
SC-FUE-0009,2021,6,150
SC-FUE-0009,2021,7,50
SC-FUE-0009,2021,8,58
SC-FUE-0009,2021,9,98
SC-FUE-0009,2021,10,32
SC-FUE-0009,2021,11,21
SC-FUE-0009,2021,12,88
SC-FUE-0009,2022,1,37
SC-FUE-0009,2022,2,36
SC-FUE-0009,2022,3,176
SC-FUE-0009,2022,4,53
SC-FUE-0009,2022,5,9
SC-FUE-0009,2022,6,85
SC-FUE-0009,2022,7,119
SC-FUE-0009,2022,8,60
SC-FUE-0009,2022,9,14
SC-FUE-0009,2022,10,130
SC-FUE-0009,2022,11,83
SC-FUE-0009,2022,12,77
SC-FUE-0009,2023,1,131
SC-FUE-0009,2023,2,216
SC-FUE-0009,2023,3,142
SC-FUE-0009,2023,4,164
SC-FUE-0009,2023,5,210
SC-FUE-0009,2023,6,85
SC-FUE-0009,2023,7,131
SC-FUE-0009,2023,8,88
SC-FUE-0009,2023,9,156
SC-FUE-0009,2023,10,108
SC-FUE-0009,2023,11,60
SC-FUE-0009,2023,12,83
SC-FUE-0009,2024,1,147
SC-FUE-0009,2024,2,67
SC-FUE-0009,2024,3,40
SC-FUE-0009,2024,4,99
SC-FUE-0009,2024,5,78
SC-FUE-0009,2024,6,125
SC-FUE-0009,2024,7,61
SC-FUE-0009,2024,8,72
SC-FUE-0009,2024,9,58
SC-FUE-0009,2024,10,83
SC-FUE-0009,2024,11,81
SC-FUE-0009,2024,12,114
SC-ENG-0007,2020,1,220
SC-ENG-0007,2020,2,245
SC-ENG-0007,2020,3,266
SC-ENG-0007,2020,4,332
SC-ENG-0007,2020,5,568
SC-ENG-0007,2020,6,865
SC-ENG-0007,2020,7,848
SC-ENG-0007,2020,8,1189
SC-ENG-0007,2020,9,525
SC-ENG-0007,2020,10,415
SC-ENG-0007,2020,11,987
SC-ENG-0007,2020,12,753
SC-ENG-0007,2021,1,1007
SC-ENG-0007,2021,2,1072
SC-ENG-0007,2021,3,994
SC-ENG-0007,2021,4,372
SC-ENG-0007,2021,5,831
SC-ENG-0007,2021,6,690
SC-ENG-0007,2021,7,869
SC-ENG-0007,2021,8,955
SC-ENG-0007,2021,9,537
SC-ENG-0007,2021,10,964
SC-ENG-0007,2021,11,415
SC-ENG-0007,2021,12,971
SC-ENG-0007,2022,1,822
SC-ENG-0007,2022,2,716
SC-ENG-0007,2022,3,1151
SC-ENG-0007,2022,4,78
SC-ENG-0007,2022,5,350
SC-ENG-0007,2022,6,636
SC-ENG-0007,2022,7,1001
SC-ENG-0007,2022,8,705
SC-ENG-0007,2022,9,874
SC-ENG-0007,2022,10,1403
SC-ENG-0007,2022,11,758
SC-ENG-0007,2022,12,618
SC-ENG-0007,2023,1,876
SC-ENG-0007,2023,2,815
SC-ENG-0007,2023,3,854
SC-ENG-0007,2023,4,666
SC-ENG-0007,2023,5,670
SC-ENG-0007,2023,6,538
SC-ENG-0007,2023,7,1098
SC-ENG-0007,2023,8,878
SC-ENG-0007,2023,9,351
SC-ENG-0007,2023,10,1376
SC-ENG-0007,2023,11,534
SC-ENG-0007,2023,12,629
SC-ENG-0007,2024,1,820
SC-ENG-0007,2024,2,571
SC-ENG-0007,2024,3,442
SC-ENG-0007,2024,4,690
SC-ENG-0007,2024,5,845
SC-ENG-0007,2024,6,940
SC-ENG-0007,2024,7,1355
SC-ENG-0007,2024,8,519
SC-ENG-0007,2024,9,1467
SC-ENG-0007,2024,10,1165
SC-ENG-0007,2024,11,487
SC-ENG-0007,2024,12,673
SC-SUS-0016,2020,1,2043
SC-SUS-0016,2020,2,1540
SC-SUS-0016,2020,3,968
SC-SUS-0016,2020,4,1034
SC-SUS-0016,2020,5,1356
SC-SUS-0016,2020,6,1250
SC-SUS-0016,2020,7,1668
SC-SUS-0016,2020,8,1493
SC-SUS-0016,2020,9,946
SC-SUS-0016,2020,10,1573
SC-SUS-0016,2020,11,1445
SC-SUS-0016,2020,12,1187
SC-SUS-0016,2021,1,1627
SC-SUS-0016,2021,2,1112
SC-SUS-0016,2021,3,1169
SC-SUS-0016,2021,4,1544
SC-SUS-0016,2021,5,1389
SC-SUS-0016,2021,6,1102
SC-SUS-0016,2021,7,1397
SC-SUS-0016,2021,8,1634
SC-SUS-0016,2021,9,1600
SC-SUS-0016,2021,10,1697
SC-SUS-0016,2021,11,1624
SC-SUS-0016,2021,12,1862
SC-SUS-0016,2022,1,2140
SC-SUS-0016,2022,2,1241
SC-SUS-0016,2022,3,1020
SC-SUS-0016,2022,4,1146
SC-SUS-0016,2022,5,1375
SC-SUS-0016,2022,6,1189
SC-SUS-0016,2022,7,1192
SC-SUS-0016,2022,8,1399
SC-SUS-0016,2022,9,1702
SC-SUS-0016,2022,10,1537
SC-SUS-0016,2022,11,939
SC-SUS-0016,2022,12,1836
SC-SUS-0016,2023,1,1920
SC-SUS-0016,2023,2,1356
SC-SUS-0016,2023,3,1518
SC-SUS-0016,2023,4,1285
SC-SUS-0016,2023,5,1730
SC-SUS-0016,2023,6,1495
SC-SUS-0016,2023,7,1822
SC-SUS-0016,2023,8,1522
SC-SUS-0016,2023,9,1898
SC-SUS-0016,2023,10,2006
SC-SUS-0016,2023,11,2398
SC-SUS-0016,2023,12,1816
SC-SUS-0016,2024,1,2081
SC-SUS-0016,2024,2,2334
SC-SUS-0016,2024,3,1363
SC-SUS-0016,2024,4,1465
SC-SUS-0016,2024,5,1916
SC-SUS-0016,2024,6,1743
SC-SUS-0016,2024,7,1261
SC-SUS-0016,2024,8,1411
SC-SUS-0016,2024,9,1899
SC-SUS-0016,2024,10,1167
SC-SUS-0016,2024,11,2048
SC-SUS-0016,2024,12,2073
SC-ELC-0002,2020,1,321
SC-ELC-0002,2020,2,834
SC-ELC-0002,2020,3,226
SC-ELC-0002,2020,4,69
SC-ELC-0002,2020,5,162
SC-ELC-0002,2020,6,193
SC-ELC-0002,2020,7,559
SC-ELC-0002,2020,8,560
SC-ELC-0002,2020,9,318
SC-ELC-0002,2020,10,472
SC-ELC-0002,2020,11,595
SC-ELC-0002,2020,12,440
SC-ELC-0002,2021,1,570
SC-ELC-0002,2021,2,268
SC-ELC-0002,2021,3,435
SC-ELC-0002,2021,4,662
SC-ELC-0002,2021,5,470
SC-ELC-0002,2021,6,399
SC-ELC-0002,2021,7,384
SC-ELC-0002,2021,8,413
SC-ELC-0002,2021,9,261
SC-ELC-0002,2021,10,257
SC-ELC-0002,2021,11,429
SC-ELC-0002,2021,12,448
SC-ELC-0002,2022,1,425
SC-ELC-0002,2022,2,544
SC-ELC-0002,2022,3,500
SC-ELC-0002,2022,4,386
SC-ELC-0002,2022,5,520
SC-ELC-0002,2022,6,526
SC-ELC-0002,2022,7,323
SC-ELC-0002,2022,8,542
SC-ELC-0002,2022,9,416
SC-ELC-0002,2022,10,211
SC-ELC-0002,2022,11,495
SC-ELC-0002,2022,12,895
SC-ELC-0002,2023,1,650
SC-ELC-0002,2023,2,1000
SC-ELC-0002,2023,3,518
SC-ELC-0002,2023,4,878
SC-ELC-0002,2023,5,471
SC-ELC-0002,2023,6,424
SC-ELC-0002,2023,7,618
SC-ELC-0002,2023,8,757
SC-ELC-0002,2023,9,606
SC-ELC-0002,2023,10,843
SC-ELC-0002,2023,11,815
SC-ELC-0002,2023,12,414
SC-ELC-0002,2024,1,540
SC-ELC-0002,2024,2,710
SC-ELC-0002,2024,3,427
SC-ELC-0002,2024,4,383
SC-ELC-0002,2024,5,483
SC-ELC-0002,2024,6,778
SC-ELC-0002,2024,7,519
SC-ELC-0002,2024,8,461
SC-ELC-0002,2024,9,577
SC-ELC-0002,2024,10,675
SC-ELC-0002,2024,11,492
SC-ELC-0002,2024,12,1344
SC-TWA-0005,2020,1,0
SC-TWA-0005,2020,2,0
SC-TWA-0005,2020,3,2
SC-TWA-0005,2020,4,2
SC-TWA-0005,2020,5,0
SC-TWA-0005,2020,6,2
SC-TWA-0005,2020,7,1
SC-TWA-0005,2020,8,1
SC-TWA-0005,2020,9,3
SC-TWA-0005,2020,10,0
SC-TWA-0005,2020,11,3
SC-TWA-0005,2020,12,2
SC-TWA-0005,2021,1,8
SC-TWA-0005,2021,2,5
SC-TWA-0005,2021,3,5
SC-TWA-0005,2021,4,9
SC-TWA-0005,2021,5,6
SC-TWA-0005,2021,6,6
SC-TWA-0005,2021,7,15
SC-TWA-0005,2021,8,0
SC-TWA-0005,2021,9,6
SC-TWA-0005,2021,10,2
SC-TWA-0005,2021,11,12
SC-TWA-0005,2021,12,8
SC-TWA-0005,2022,1,8
SC-TWA-0005,2022,2,10
SC-TWA-0005,2022,3,5
SC-TWA-0005,2022,4,1
SC-TWA-0005,2022,5,9
SC-TWA-0005,2022,6,4
SC-TWA-0005,2022,7,9
SC-TWA-0005,2022,8,3
SC-TWA-0005,2022,9,1
SC-TWA-0005,2022,10,0
SC-TWA-0005,2022,11,6
SC-TWA-0005,2022,12,4
SC-TWA-0005,2023,1,12
SC-TWA-0005,2023,2,3
SC-TWA-0005,2023,3,8
SC-TWA-0005,2023,4,14
SC-TWA-0005,2023,5,2
SC-TWA-0005,2023,6,6
SC-TWA-0005,2023,7,5
SC-TWA-0005,2023,8,12
SC-TWA-0005,2023,9,4
SC-TWA-0005,2023,10,0
SC-TWA-0005,2023,11,8
SC-TWA-0005,2023,12,8
SC-TWA-0005,2024,1,4
SC-TWA-0005,2024,2,5
SC-TWA-0005,2024,3,6
SC-TWA-0005,2024,4,7
SC-TWA-0005,2024,5,4
SC-TWA-0005,2024,6,7
SC-TWA-0005,2024,7,5
SC-TWA-0005,2024,8,13
SC-TWA-0005,2024,9,1
SC-TWA-0005,2024,10,2
SC-TWA-0005,2024,11,0
SC-TWA-0005,2024,12,3
SC-HYD-0008,2020,1,107
SC-HYD-0008,2020,2,87
SC-HYD-0008,2020,3,38
SC-HYD-0008,2020,4,53
SC-HYD-0008,2020,5,145
SC-HYD-0008,2020,6,61
SC-HYD-0008,2020,7,97
SC-HYD-0008,2020,8,66
SC-HYD-0008,2020,9,121
SC-HYD-0008,2020,10,149
SC-HYD-0008,2020,11,92
SC-HYD-0008,2020,12,163
SC-HYD-0008,2021,1,29
SC-HYD-0008,2021,2,102
SC-HYD-0008,2021,3,45
SC-HYD-0008,2021,4,84
SC-HYD-0008,2021,5,91
SC-HYD-0008,2021,6,37
SC-HYD-0008,2021,7,92
SC-HYD-0008,2021,8,63
SC-HYD-0008,2021,9,0
SC-HYD-0008,2021,10,112
SC-HYD-0008,2021,11,87
SC-HYD-0008,2021,12,94
SC-HYD-0008,2022,1,113
SC-HYD-0008,2022,2,80
SC-HYD-0008,2022,3,24
SC-HYD-0008,2022,4,125
SC-HYD-0008,2022,5,148
SC-HYD-0008,2022,6,148
SC-HYD-0008,2022,7,76
SC-HYD-0008,2022,8,100
SC-HYD-0008,2022,9,93
SC-HYD-0008,2022,10,109
SC-HYD-0008,2022,11,0
SC-HYD-0008,2022,12,93
SC-HYD-0008,2023,1,113
SC-HYD-0008,2023,2,67
SC-HYD-0008,2023,3,43
SC-HYD-0008,2023,4,132
SC-HYD-0008,2023,5,145
SC-HYD-0008,2023,6,83
SC-HYD-0008,2023,7,103
SC-HYD-0008,2023,8,112
SC-HYD-0008,2023,9,169
SC-HYD-0008,2023,10,159
SC-HYD-0008,2023,11,122
SC-HYD-0008,2023,12,131
SC-HYD-0008,2024,1,192
SC-HYD-0008,2024,2,101
SC-HYD-0008,2024,3,134
SC-HYD-0008,2024,4,97
SC-HYD-0008,2024,5,115
SC-HYD-0008,2024,6,115
SC-HYD-0008,2024,7,76
SC-HYD-0008,2024,8,89
SC-HYD-0008,2024,9,157
SC-HYD-0008,2024,10,240
SC-HYD-0008,2024,11,92
SC-HYD-0008,2024,12,192
SC-TWA-0006,2020,1,15
SC-TWA-0006,2020,2,13
SC-TWA-0006,2020,3,0
SC-TWA-0006,2020,4,2
SC-TWA-0006,2020,5,2
SC-TWA-0006,2020,6,6
SC-TWA-0006,2020,7,8
SC-TWA-0006,2020,8,13
SC-TWA-0006,2020,9,11
SC-TWA-0006,2020,10,31
SC-TWA-0006,2020,11,5
SC-TWA-0006,2020,12,27
SC-TWA-0006,2021,1,5
SC-TWA-0006,2021,2,24
SC-TWA-0006,2021,3,10
SC-TWA-0006,2021,4,32
SC-TWA-0006,2021,5,3
SC-TWA-0006,2021,6,33
SC-TWA-0006,2021,7,14
SC-TWA-0006,2021,8,12
SC-TWA-0006,2021,9,9
SC-TWA-0006,2021,10,19
SC-TWA-0006,2021,11,7
SC-TWA-0006,2021,12,10
SC-TWA-0006,2022,1,11
SC-TWA-0006,2022,2,20
SC-TWA-0006,2022,3,14
SC-TWA-0006,2022,4,6
SC-TWA-0006,2022,5,7
SC-TWA-0006,2022,6,4
SC-TWA-0006,2022,7,1
SC-TWA-0006,2022,8,22
SC-TWA-0006,2022,9,15
SC-TWA-0006,2022,10,14
SC-TWA-0006,2022,11,5
SC-TWA-0006,2022,12,27
SC-TWA-0006,2023,1,8
SC-TWA-0006,2023,2,4
SC-TWA-0006,2023,3,10
SC-TWA-0006,2023,4,0
SC-TWA-0006,2023,5,17
SC-TWA-0006,2023,6,11
SC-TWA-0006,2023,7,11
SC-TWA-0006,2023,8,28
SC-TWA-0006,2023,9,9
SC-TWA-0006,2023,10,3
SC-TWA-0006,2023,11,6
SC-TWA-0006,2023,12,7
SC-TWA-0006,2024,1,16
SC-TWA-0006,2024,2,5
SC-TWA-0006,2024,3,3
SC-TWA-0006,2024,4,4
SC-TWA-0006,2024,5,3
SC-TWA-0006,2024,6,0
SC-TWA-0006,2024,7,16
SC-TWA-0006,2024,8,13
SC-TWA-0006,2024,9,7
SC-TWA-0006,2024,10,1
SC-TWA-0006,2024,11,0
SC-TWA-0006,2024,12,11
SC-TRN-0006,2020,1,267
SC-TRN-0006,2020,2,444
SC-TRN-0006,2020,3,591
SC-TRN-0006,2020,4,803
SC-TRN-0006,2020,5,302
SC-TRN-0006,2020,6,356
SC-TRN-0006,2020,7,497
SC-TRN-0006,2020,8,761
SC-TRN-0006,2020,9,290
SC-TRN-0006,2020,10,398
SC-TRN-0006,2020,11,591
SC-TRN-0006,2020,12,1272
SC-TRN-0006,2021,1,285
SC-TRN-0006,2021,2,375
SC-TRN-0006,2021,3,430
SC-TRN-0006,2021,4,614
SC-TRN-0006,2021,5,391
SC-TRN-0006,2021,6,363
SC-TRN-0006,2021,7,506
SC-TRN-0006,2021,8,655
SC-TRN-0006,2021,9,748
SC-TRN-0006,2021,10,569
SC-TRN-0006,2021,11,759
SC-TRN-0006,2021,12,738
SC-TRN-0006,2022,1,489
SC-TRN-0006,2022,2,659
SC-TRN-0006,2022,3,546
SC-TRN-0006,2022,4,669
SC-TRN-0006,2022,5,496
SC-TRN-0006,2022,6,608
SC-TRN-0006,2022,7,578
SC-TRN-0006,2022,8,788
SC-TRN-0006,2022,9,770
SC-TRN-0006,2022,10,1051
SC-TRN-0006,2022,11,836
SC-TRN-0006,2022,12,859
SC-TRN-0006,2023,1,957
SC-TRN-0006,2023,2,517
SC-TRN-0006,2023,3,431
SC-TRN-0006,2023,4,632
SC-TRN-0006,2023,5,1047
SC-TRN-0006,2023,6,1089
SC-TRN-0006,2023,7,1140
SC-TRN-0006,2023,8,875
SC-TRN-0006,2023,9,950
SC-TRN-0006,2023,10,745
SC-TRN-0006,2023,11,719
SC-TRN-0006,2023,12,650
SC-TRN-0006,2024,1,587
SC-TRN-0006,2024,2,527
SC-TRN-0006,2024,3,812
SC-TRN-0006,2024,4,1244
SC-TRN-0006,2024,5,962
SC-TRN-0006,2024,6,1551
SC-TRN-0006,2024,7,558
SC-TRN-0006,2024,8,372
SC-TRN-0006,2024,9,450
SC-TRN-0006,2024,10,959
SC-TRN-0006,2024,11,857
SC-TRN-0006,2024,12,950
SC-HYD-0009,2020,1,11
SC-HYD-0009,2020,2,9
SC-HYD-0009,2020,3,32
SC-HYD-0009,2020,4,25
SC-HYD-0009,2020,5,27
SC-HYD-0009,2020,6,51
SC-HYD-0009,2020,7,45
SC-HYD-0009,2020,8,37
SC-HYD-0009,2020,9,13
SC-HYD-0009,2020,10,70
SC-HYD-0009,2020,11,85
SC-HYD-0009,2020,12,22
SC-HYD-0009,2021,1,66
SC-HYD-0009,2021,2,42
SC-HYD-0009,2021,3,87
SC-HYD-0009,2021,4,70
SC-HYD-0009,2021,5,56
SC-HYD-0009,2021,6,8
SC-HYD-0009,2021,7,104
SC-HYD-0009,2021,8,120
SC-HYD-0009,2021,9,80
SC-HYD-0009,2021,10,56
SC-HYD-0009,2021,11,144
SC-HYD-0009,2021,12,93
SC-HYD-0009,2022,1,39
SC-HYD-0009,2022,2,93
SC-HYD-0009,2022,3,14
SC-HYD-0009,2022,4,32
SC-HYD-0009,2022,5,27
SC-HYD-0009,2022,6,85
SC-HYD-0009,2022,7,63
SC-HYD-0009,2022,8,75
SC-HYD-0009,2022,9,82
SC-HYD-0009,2022,10,1
SC-HYD-0009,2022,11,3
SC-HYD-0009,2022,12,131
SC-HYD-0009,2023,1,38
SC-HYD-0009,2023,2,49
SC-HYD-0009,2023,3,0
SC-HYD-0009,2023,4,58
SC-HYD-0009,2023,5,22
SC-HYD-0009,2023,6,85
SC-HYD-0009,2023,7,95
SC-HYD-0009,2023,8,73
SC-HYD-0009,2023,9,95
SC-HYD-0009,2023,10,9
SC-HYD-0009,2023,11,97
SC-HYD-0009,2023,12,75
SC-HYD-0009,2024,1,0
SC-HYD-0009,2024,2,85
SC-HYD-0009,2024,3,55
SC-HYD-0009,2024,4,28
SC-HYD-0009,2024,5,0
SC-HYD-0009,2024,6,30
SC-HYD-0009,2024,7,58
SC-HYD-0009,2024,8,45
SC-HYD-0009,2024,9,47
SC-HYD-0009,2024,10,0
SC-HYD-0009,2024,11,53
SC-HYD-0009,2024,12,31
SC-TRN-0007,2020,1,10
SC-TRN-0007,2020,2,14
SC-TRN-0007,2020,3,15
SC-TRN-0007,2020,4,11
SC-TRN-0007,2020,5,20
SC-TRN-0007,2020,6,23
SC-TRN-0007,2020,7,7
SC-TRN-0007,2020,8,15
SC-TRN-0007,2020,9,9
SC-TRN-0007,2020,10,10
SC-TRN-0007,2020,11,4
SC-TRN-0007,2020,12,4
SC-TRN-0007,2021,1,17
SC-TRN-0007,2021,2,19
SC-TRN-0007,2021,3,17
SC-TRN-0007,2021,4,27
SC-TRN-0007,2021,5,21
SC-TRN-0007,2021,6,42
SC-TRN-0007,2021,7,10
SC-TRN-0007,2021,8,28
SC-TRN-0007,2021,9,21
SC-TRN-0007,2021,10,22
SC-TRN-0007,2021,11,4
SC-TRN-0007,2021,12,32
SC-TRN-0007,2022,1,9
SC-TRN-0007,2022,2,6
SC-TRN-0007,2022,3,60
SC-TRN-0007,2022,4,13
SC-TRN-0007,2022,5,22
SC-TRN-0007,2022,6,28
SC-TRN-0007,2022,7,43
SC-TRN-0007,2022,8,16
SC-TRN-0007,2022,9,19
SC-TRN-0007,2022,10,22
SC-TRN-0007,2022,11,19
SC-TRN-0007,2022,12,29
SC-TRN-0007,2023,1,4
SC-TRN-0007,2023,2,25
SC-TRN-0007,2023,3,22
SC-TRN-0007,2023,4,27
SC-TRN-0007,2023,5,22
SC-TRN-0007,2023,6,19
SC-TRN-0007,2023,7,37
SC-TRN-0007,2023,8,28
SC-TRN-0007,2023,9,35
SC-TRN-0007,2023,10,32
SC-TRN-0007,2023,11,8
SC-TRN-0007,2023,12,18
SC-TRN-0007,2024,1,19
SC-TRN-0007,2024,2,20
SC-TRN-0007,2024,3,12
SC-TRN-0007,2024,4,0
SC-TRN-0007,2024,5,14
SC-TRN-0007,2024,6,26
SC-TRN-0007,2024,7,15
SC-TRN-0007,2024,8,25
SC-TRN-0007,2024,9,26
SC-TRN-0007,2024,10,22
SC-TRN-0007,2024,11,26
SC-TRN-0007,2024,12,12
SC-TWA-0007,2020,1,285
SC-TWA-0007,2020,2,311
SC-TWA-0007,2020,3,207
SC-TWA-0007,2020,4,202
SC-TWA-0007,2020,5,240
SC-TWA-0007,2020,6,320
SC-TWA-0007,2020,7,199
SC-TWA-0007,2020,8,315
SC-TWA-0007,2020,9,322
SC-TWA-0007,2020,10,749
SC-TWA-0007,2020,11,447
SC-TWA-0007,2020,12,295
SC-TWA-0007,2021,1,400
SC-TWA-0007,2021,2,457
SC-TWA-0007,2021,3,535
SC-TWA-0007,2021,4,591
SC-TWA-0007,2021,5,259
SC-TWA-0007,2021,6,240
SC-TWA-0007,2021,7,467
SC-TWA-0007,2021,8,472
SC-TWA-0007,2021,9,486
SC-TWA-0007,2021,10,450
SC-TWA-0007,2021,11,571
SC-TWA-0007,2021,12,237
SC-TWA-0007,2022,1,514
SC-TWA-0007,2022,2,276
SC-TWA-0007,2022,3,591
SC-TWA-0007,2022,4,349
SC-TWA-0007,2022,5,489
SC-TWA-0007,2022,6,311
SC-TWA-0007,2022,7,463
SC-TWA-0007,2022,8,853
SC-TWA-0007,2022,9,515
SC-TWA-0007,2022,10,360
SC-TWA-0007,2022,11,541
SC-TWA-0007,2022,12,502
SC-TWA-0007,2023,1,784
SC-TWA-0007,2023,2,407
SC-TWA-0007,2023,3,593
SC-TWA-0007,2023,4,271
SC-TWA-0007,2023,5,380
SC-TWA-0007,2023,6,609
SC-TWA-0007,2023,7,886
SC-TWA-0007,2023,8,720
SC-TWA-0007,2023,9,563
SC-TWA-0007,2023,10,465
SC-TWA-0007,2023,11,638
SC-TWA-0007,2023,12,401
SC-TWA-0007,2024,1,728
SC-TWA-0007,2024,2,728
SC-TWA-0007,2024,3,1118
SC-TWA-0007,2024,4,599
SC-TWA-0007,2024,5,545
SC-TWA-0007,2024,6,800
SC-TWA-0007,2024,7,475
SC-TWA-0007,2024,8,303
SC-TWA-0007,2024,9,462
SC-TWA-0007,2024,10,721
SC-TWA-0007,2024,11,513
SC-TWA-0007,2024,12,673
SC-HYD-0010,2020,1,2648
SC-HYD-0010,2020,2,2636
SC-HYD-0010,2020,3,1835
SC-HYD-0010,2020,4,1490
SC-HYD-0010,2020,5,2395
SC-HYD-0010,2020,6,2207
SC-HYD-0010,2020,7,2303
SC-HYD-0010,2020,8,2335
SC-HYD-0010,2020,9,1677
SC-HYD-0010,2020,10,1965
SC-HYD-0010,2020,11,1722
SC-HYD-0010,2020,12,1885
SC-HYD-0010,2021,1,2685
SC-HYD-0010,2021,2,2671
SC-HYD-0010,2021,3,1630
SC-HYD-0010,2021,4,2307
SC-HYD-0010,2021,5,2687
SC-HYD-0010,2021,6,2448
SC-HYD-0010,2021,7,2948
SC-HYD-0010,2021,8,2395
SC-HYD-0010,2021,9,2170
SC-HYD-0010,2021,10,1823
SC-HYD-0010,2021,11,1957
SC-HYD-0010,2021,12,2915
SC-HYD-0010,2022,1,2498
SC-HYD-0010,2022,2,2243
SC-HYD-0010,2022,3,2425
SC-HYD-0010,2022,4,1863
SC-HYD-0010,2022,5,2801
SC-HYD-0010,2022,6,2432
SC-HYD-0010,2022,7,2516
SC-HYD-0010,2022,8,3486
SC-HYD-0010,2022,9,2975
SC-HYD-0010,2022,10,2387
SC-HYD-0010,2022,11,2321
SC-HYD-0010,2022,12,2624
SC-HYD-0010,2023,1,3333
SC-HYD-0010,2023,2,2422
SC-HYD-0010,2023,3,3181
SC-HYD-0010,2023,4,2180
SC-HYD-0010,2023,5,3629
SC-HYD-0010,2023,6,4907
SC-HYD-0010,2023,7,3551
SC-HYD-0010,2023,8,2512
SC-HYD-0010,2023,9,2534
SC-HYD-0010,2023,10,2518
SC-HYD-0010,2023,11,1924
SC-HYD-0010,2023,12,2844
SC-HYD-0010,2024,1,2710
SC-HYD-0010,2024,2,2731
SC-HYD-0010,2024,3,3597
SC-HYD-0010,2024,4,2968
SC-HYD-0010,2024,5,2854
SC-HYD-0010,2024,6,2533
SC-HYD-0010,2024,7,2139
SC-HYD-0010,2024,8,2244
SC-HYD-0010,2024,9,2958
SC-HYD-0010,2024,10,2314
SC-HYD-0010,2024,11,2554
SC-HYD-0010,2024,12,2853
SC-ELC-0003,2020,1,982
SC-ELC-0003,2020,2,700
SC-ELC-0003,2020,3,537
SC-ELC-0003,2020,4,412
SC-ELC-0003,2020,5,478
SC-ELC-0003,2020,6,502
SC-ELC-0003,2020,7,603
SC-ELC-0003,2020,8,644
SC-ELC-0003,2020,9,473
SC-ELC-0003,2020,10,567
SC-ELC-0003,2020,11,577
SC-ELC-0003,2020,12,507
SC-ELC-0003,2021,1,654
SC-ELC-0003,2021,2,844
SC-ELC-0003,2021,3,485
SC-ELC-0003,2021,4,465
SC-ELC-0003,2021,5,716
SC-ELC-0003,2021,6,680
SC-ELC-0003,2021,7,802
SC-ELC-0003,2021,8,749
SC-ELC-0003,2021,9,739
SC-ELC-0003,2021,10,444
SC-ELC-0003,2021,11,521
SC-ELC-0003,2021,12,552
SC-ELC-0003,2022,1,938
SC-ELC-0003,2022,2,818
SC-ELC-0003,2022,3,407
SC-ELC-0003,2022,4,612
SC-ELC-0003,2022,5,704
SC-ELC-0003,2022,6,580
SC-ELC-0003,2022,7,626
SC-ELC-0003,2022,8,958
SC-ELC-0003,2022,9,1039
SC-ELC-0003,2022,10,510
SC-ELC-0003,2022,11,721
SC-ELC-0003,2022,12,618
SC-ELC-0003,2023,1,524
SC-ELC-0003,2023,2,685
SC-ELC-0003,2023,3,813
SC-ELC-0003,2023,4,909
SC-ELC-0003,2023,5,699
SC-ELC-0003,2023,6,733
SC-ELC-0003,2023,7,578
SC-ELC-0003,2023,8,883
SC-ELC-0003,2023,9,762
SC-ELC-0003,2023,10,720
SC-ELC-0003,2023,11,544
SC-ELC-0003,2023,12,573
SC-ELC-0003,2024,1,825
SC-ELC-0003,2024,2,814
SC-ELC-0003,2024,3,453
SC-ELC-0003,2024,4,752
SC-ELC-0003,2024,5,488
SC-ELC-0003,2024,6,641
SC-ELC-0003,2024,7,1139
SC-ELC-0003,2024,8,449
SC-ELC-0003,2024,9,617
SC-ELC-0003,2024,10,646
SC-ELC-0003,2024,11,854
SC-ELC-0003,2024,12,1094
SC-SUS-0017,2020,1,30
SC-SUS-0017,2020,2,74
SC-SUS-0017,2020,3,14
SC-SUS-0017,2020,4,40
SC-SUS-0017,2020,5,36
SC-SUS-0017,2020,6,100
SC-SUS-0017,2020,7,62
SC-SUS-0017,2020,8,164
SC-SUS-0017,2020,9,78
SC-SUS-0017,2020,10,130
SC-SUS-0017,2020,11,63
SC-SUS-0017,2020,12,71
SC-SUS-0017,2021,1,144
SC-SUS-0017,2021,2,17
SC-SUS-0017,2021,3,69
SC-SUS-0017,2021,4,0
SC-SUS-0017,2021,5,80
SC-SUS-0017,2021,6,0
SC-SUS-0017,2021,7,166
SC-SUS-0017,2021,8,91
SC-SUS-0017,2021,9,330
SC-SUS-0017,2021,10,203
SC-SUS-0017,2021,11,33
SC-SUS-0017,2021,12,232
SC-SUS-0017,2022,1,291
SC-SUS-0017,2022,2,115
SC-SUS-0017,2022,3,87
SC-SUS-0017,2022,4,174
SC-SUS-0017,2022,5,99
SC-SUS-0017,2022,6,15
SC-SUS-0017,2022,7,151
SC-SUS-0017,2022,8,175
SC-SUS-0017,2022,9,136
SC-SUS-0017,2022,10,110
SC-SUS-0017,2022,11,117
SC-SUS-0017,2022,12,82
SC-SUS-0017,2023,1,37
SC-SUS-0017,2023,2,151
SC-SUS-0017,2023,3,60
SC-SUS-0017,2023,4,163
SC-SUS-0017,2023,5,100
SC-SUS-0017,2023,6,89
SC-SUS-0017,2023,7,48
SC-SUS-0017,2023,8,30
SC-SUS-0017,2023,9,96
SC-SUS-0017,2023,10,171
SC-SUS-0017,2023,11,74
SC-SUS-0017,2023,12,68
SC-SUS-0017,2024,1,136
SC-SUS-0017,2024,2,0
SC-SUS-0017,2024,3,215
SC-SUS-0017,2024,4,153
SC-SUS-0017,2024,5,237
SC-SUS-0017,2024,6,165
SC-SUS-0017,2024,7,220
SC-SUS-0017,2024,8,254
SC-SUS-0017,2024,9,133
SC-SUS-0017,2024,10,0
SC-SUS-0017,2024,11,92
SC-SUS-0017,2024,12,225
SC-HYD-0011,2020,1,58
SC-HYD-0011,2020,2,33
SC-HYD-0011,2020,3,9
SC-HYD-0011,2020,4,90
SC-HYD-0011,2020,5,54
SC-HYD-0011,2020,6,23
SC-HYD-0011,2020,7,64
SC-HYD-0011,2020,8,36
SC-HYD-0011,2020,9,31
SC-HYD-0011,2020,10,176
SC-HYD-0011,2020,11,132
SC-HYD-0011,2020,12,99
SC-HYD-0011,2021,1,88
SC-HYD-0011,2021,2,31
SC-HYD-0011,2021,3,101
SC-HYD-0011,2021,4,168
SC-HYD-0011,2021,5,38
SC-HYD-0011,2021,6,165
SC-HYD-0011,2021,7,130
SC-HYD-0011,2021,8,103
SC-HYD-0011,2021,9,59
SC-HYD-0011,2021,10,66
SC-HYD-0011,2021,11,70
SC-HYD-0011,2021,12,120
SC-HYD-0011,2022,1,60
SC-HYD-0011,2022,2,126
SC-HYD-0011,2022,3,146
SC-HYD-0011,2022,4,13
SC-HYD-0011,2022,5,38
SC-HYD-0011,2022,6,195
SC-HYD-0011,2022,7,42
SC-HYD-0011,2022,8,49
SC-HYD-0011,2022,9,173
SC-HYD-0011,2022,10,196
SC-HYD-0011,2022,11,157
SC-HYD-0011,2022,12,156
SC-HYD-0011,2023,1,172
SC-HYD-0011,2023,2,42
SC-HYD-0011,2023,3,93
SC-HYD-0011,2023,4,149
SC-HYD-0011,2023,5,187
SC-HYD-0011,2023,6,107
SC-HYD-0011,2023,7,84
SC-HYD-0011,2023,8,256
SC-HYD-0011,2023,9,130
SC-HYD-0011,2023,10,16
SC-HYD-0011,2023,11,173
SC-HYD-0011,2023,12,126
SC-HYD-0011,2024,1,211
SC-HYD-0011,2024,2,376
SC-HYD-0011,2024,3,134
SC-HYD-0011,2024,4,135
SC-HYD-0011,2024,5,86
SC-HYD-0011,2024,6,224
SC-HYD-0011,2024,7,114
SC-HYD-0011,2024,8,258
SC-HYD-0011,2024,9,227
SC-HYD-0011,2024,10,106
SC-HYD-0011,2024,11,81
SC-HYD-0011,2024,12,245
SC-TWA-0008,2020,1,23
SC-TWA-0008,2020,2,30
SC-TWA-0008,2020,3,21
SC-TWA-0008,2020,4,17
SC-TWA-0008,2020,5,6
SC-TWA-0008,2020,6,37
SC-TWA-0008,2020,7,17
SC-TWA-0008,2020,8,0
SC-TWA-0008,2020,9,58
SC-TWA-0008,2020,10,73
SC-TWA-0008,2020,11,59
SC-TWA-0008,2020,12,26
SC-TWA-0008,2021,1,46
SC-TWA-0008,2021,2,93
SC-TWA-0008,2021,3,41
SC-TWA-0008,2021,4,31
SC-TWA-0008,2021,5,47
SC-TWA-0008,2021,6,74
SC-TWA-0008,2021,7,47
SC-TWA-0008,2021,8,44
SC-TWA-0008,2021,9,37
SC-TWA-0008,2021,10,15
SC-TWA-0008,2021,11,64
SC-TWA-0008,2021,12,62
SC-TWA-0008,2022,1,47
SC-TWA-0008,2022,2,11
SC-TWA-0008,2022,3,104
SC-TWA-0008,2022,4,42
SC-TWA-0008,2022,5,74
SC-TWA-0008,2022,6,10
SC-TWA-0008,2022,7,66
SC-TWA-0008,2022,8,92
SC-TWA-0008,2022,9,52
SC-TWA-0008,2022,10,73
SC-TWA-0008,2022,11,46
SC-TWA-0008,2022,12,33
SC-TWA-0008,2023,1,89
SC-TWA-0008,2023,2,0
SC-TWA-0008,2023,3,47
SC-TWA-0008,2023,4,0
SC-TWA-0008,2023,5,49
SC-TWA-0008,2023,6,62
SC-TWA-0008,2023,7,56
SC-TWA-0008,2023,8,72
SC-TWA-0008,2023,9,35
SC-TWA-0008,2023,10,41
SC-TWA-0008,2023,11,44
SC-TWA-0008,2023,12,96
SC-TWA-0008,2024,1,73
SC-TWA-0008,2024,2,80
SC-TWA-0008,2024,3,83
SC-TWA-0008,2024,4,50
SC-TWA-0008,2024,5,0
SC-TWA-0008,2024,6,82
SC-TWA-0008,2024,7,90
SC-TWA-0008,2024,8,74
SC-TWA-0008,2024,9,92
SC-TWA-0008,2024,10,68
SC-TWA-0008,2024,11,40
SC-TWA-0008,2024,12,110
SC-ENG-0008,2020,1,92
SC-ENG-0008,2020,2,93
SC-ENG-0008,2020,3,71
SC-ENG-0008,2020,4,85
SC-ENG-0008,2020,5,67
SC-ENG-0008,2020,6,169
SC-ENG-0008,2020,7,124
SC-ENG-0008,2020,8,179
SC-ENG-0008,2020,9,88
SC-ENG-0008,2020,10,173
SC-ENG-0008,2020,11,278
SC-ENG-0008,2020,12,349
SC-ENG-0008,2021,1,288
SC-ENG-0008,2021,2,188
SC-ENG-0008,2021,3,304
SC-ENG-0008,2021,4,207
SC-ENG-0008,2021,5,201
SC-ENG-0008,2021,6,85
SC-ENG-0008,2021,7,264
SC-ENG-0008,2021,8,523
SC-ENG-0008,2021,9,254
SC-ENG-0008,2021,10,284
SC-ENG-0008,2021,11,299
SC-ENG-0008,2021,12,231
SC-ENG-0008,2022,1,286
SC-ENG-0008,2022,2,208
SC-ENG-0008,2022,3,295
SC-ENG-0008,2022,4,248
SC-ENG-0008,2022,5,130
SC-ENG-0008,2022,6,173
SC-ENG-0008,2022,7,153
SC-ENG-0008,2022,8,209
SC-ENG-0008,2022,9,296
SC-ENG-0008,2022,10,441
SC-ENG-0008,2022,11,251
SC-ENG-0008,2022,12,101
SC-ENG-0008,2023,1,78
SC-ENG-0008,2023,2,303
SC-ENG-0008,2023,3,268
SC-ENG-0008,2023,4,170
SC-ENG-0008,2023,5,395
SC-ENG-0008,2023,6,394
SC-ENG-0008,2023,7,360
SC-ENG-0008,2023,8,185
SC-ENG-0008,2023,9,327
SC-ENG-0008,2023,10,370
SC-ENG-0008,2023,11,194
SC-ENG-0008,2023,12,310
SC-ENG-0008,2024,1,439
SC-ENG-0008,2024,2,257
SC-ENG-0008,2024,3,313
SC-ENG-0008,2024,4,312
SC-ENG-0008,2024,5,156
SC-ENG-0008,2024,6,321
SC-ENG-0008,2024,7,257
SC-ENG-0008,2024,8,146
SC-ENG-0008,2024,9,472
SC-ENG-0008,2024,10,241
SC-ENG-0008,2024,11,465
SC-ENG-0008,2024,12,207
SC-TRN-0008,2020,1,327
SC-TRN-0008,2020,2,274
SC-TRN-0008,2020,3,454
SC-TRN-0008,2020,4,865
SC-TRN-0008,2020,5,1057
SC-TRN-0008,2020,6,806
SC-TRN-0008,2020,7,1215
SC-TRN-0008,2020,8,1783
SC-TRN-0008,2020,9,2185
SC-TRN-0008,2020,10,949
SC-TRN-0008,2020,11,1142
SC-TRN-0008,2020,12,1534
SC-TRN-0008,2021,1,1230
SC-TRN-0008,2021,2,1564
SC-TRN-0008,2021,3,1531
SC-TRN-0008,2021,4,1561
SC-TRN-0008,2021,5,1396
SC-TRN-0008,2021,6,1451
SC-TRN-0008,2021,7,1604
SC-TRN-0008,2021,8,2104
SC-TRN-0008,2021,9,1963
SC-TRN-0008,2021,10,1680
SC-TRN-0008,2021,11,1779
SC-TRN-0008,2021,12,1527
SC-TRN-0008,2022,1,1513
SC-TRN-0008,2022,2,1595
SC-TRN-0008,2022,3,1090
SC-TRN-0008,2022,4,1575
SC-TRN-0008,2022,5,1353
SC-TRN-0008,2022,6,1600
SC-TRN-0008,2022,7,1612
SC-TRN-0008,2022,8,1405
SC-TRN-0008,2022,9,2445
SC-TRN-0008,2022,10,2059
SC-TRN-0008,2022,11,1340
SC-TRN-0008,2022,12,1877
SC-TRN-0008,2023,1,1996
SC-TRN-0008,2023,2,1297
SC-TRN-0008,2023,3,1095
SC-TRN-0008,2023,4,1160
SC-TRN-0008,2023,5,1916
SC-TRN-0008,2023,6,1944
SC-TRN-0008,2023,7,1490
SC-TRN-0008,2023,8,1499
SC-TRN-0008,2023,9,1614
SC-TRN-0008,2023,10,1785
SC-TRN-0008,2023,11,1233
SC-TRN-0008,2023,12,1351
SC-TRN-0008,2024,1,1244
SC-TRN-0008,2024,2,1251
SC-TRN-0008,2024,3,1957
SC-TRN-0008,2024,4,1312
SC-TRN-0008,2024,5,1575
SC-TRN-0008,2024,6,1547
SC-TRN-0008,2024,7,1707
SC-TRN-0008,2024,8,1349
SC-TRN-0008,2024,9,1294
SC-TRN-0008,2024,10,1547
SC-TRN-0008,2024,11,2066
SC-TRN-0008,2024,12,1735
SC-TRN-0009,2020,1,282
SC-TRN-0009,2020,2,203
SC-TRN-0009,2020,3,84
SC-TRN-0009,2020,4,199
SC-TRN-0009,2020,5,471
SC-TRN-0009,2020,6,436
SC-TRN-0009,2020,7,470
SC-TRN-0009,2020,8,227
SC-TRN-0009,2020,9,312
SC-TRN-0009,2020,10,237
SC-TRN-0009,2020,11,246
SC-TRN-0009,2020,12,282
SC-TRN-0009,2021,1,339
SC-TRN-0009,2021,2,235
SC-TRN-0009,2021,3,315
SC-TRN-0009,2021,4,334
SC-TRN-0009,2021,5,447
SC-TRN-0009,2021,6,528
SC-TRN-0009,2021,7,580
SC-TRN-0009,2021,8,424
SC-TRN-0009,2021,9,408
SC-TRN-0009,2021,10,438
SC-TRN-0009,2021,11,399
SC-TRN-0009,2021,12,390
SC-TRN-0009,2022,1,425
SC-TRN-0009,2022,2,311
SC-TRN-0009,2022,3,149
SC-TRN-0009,2022,4,302
SC-TRN-0009,2022,5,326
SC-TRN-0009,2022,6,592
SC-TRN-0009,2022,7,579
SC-TRN-0009,2022,8,270
SC-TRN-0009,2022,9,424
SC-TRN-0009,2022,10,414
SC-TRN-0009,2022,11,513
SC-TRN-0009,2022,12,212
SC-TRN-0009,2023,1,224
SC-TRN-0009,2023,2,365
SC-TRN-0009,2023,3,155
SC-TRN-0009,2023,4,428
SC-TRN-0009,2023,5,378
SC-TRN-0009,2023,6,617
SC-TRN-0009,2023,7,341
SC-TRN-0009,2023,8,269
SC-TRN-0009,2023,9,309
SC-TRN-0009,2023,10,407
SC-TRN-0009,2023,11,369
SC-TRN-0009,2023,12,423
SC-TRN-0009,2024,1,598
SC-TRN-0009,2024,2,705
SC-TRN-0009,2024,3,466
SC-TRN-0009,2024,4,615
SC-TRN-0009,2024,5,690
SC-TRN-0009,2024,6,799
SC-TRN-0009,2024,7,246
SC-TRN-0009,2024,8,455
SC-TRN-0009,2024,9,433
SC-TRN-0009,2024,10,863
SC-TRN-0009,2024,11,481
SC-TRN-0009,2024,12,781
SC-ENG-0009,2020,1,37
SC-ENG-0009,2020,2,49
SC-ENG-0009,2020,3,34
SC-ENG-0009,2020,4,12
SC-ENG-0009,2020,5,34
SC-ENG-0009,2020,6,1
SC-ENG-0009,2020,7,32
SC-ENG-0009,2020,8,13
SC-ENG-0009,2020,9,2
SC-ENG-0009,2020,10,0
SC-ENG-0009,2020,11,17
SC-ENG-0009,2020,12,15
SC-ENG-0009,2021,1,1
SC-ENG-0009,2021,2,8
SC-ENG-0009,2021,3,4
SC-ENG-0009,2021,4,22
SC-ENG-0009,2021,5,36
SC-ENG-0009,2021,6,14
SC-ENG-0009,2021,7,28
SC-ENG-0009,2021,8,40
SC-ENG-0009,2021,9,18
SC-ENG-0009,2021,10,15
SC-ENG-0009,2021,11,18
SC-ENG-0009,2021,12,15
SC-ENG-0009,2022,1,21
SC-ENG-0009,2022,2,12
SC-ENG-0009,2022,3,15
SC-ENG-0009,2022,4,20
SC-ENG-0009,2022,5,10
SC-ENG-0009,2022,6,18
SC-ENG-0009,2022,7,22
SC-ENG-0009,2022,8,21
SC-ENG-0009,2022,9,0
SC-ENG-0009,2022,10,0
SC-ENG-0009,2022,11,0
SC-ENG-0009,2022,12,3
SC-ENG-0009,2023,1,36
SC-ENG-0009,2023,2,35
SC-ENG-0009,2023,3,13
SC-ENG-0009,2023,4,30
SC-ENG-0009,2023,5,23
SC-ENG-0009,2023,6,11
SC-ENG-0009,2023,7,67
SC-ENG-0009,2023,8,45
SC-ENG-0009,2023,9,19
SC-ENG-0009,2023,10,17
SC-ENG-0009,2023,11,33
SC-ENG-0009,2023,12,17
SC-ENG-0009,2024,1,23
SC-ENG-0009,2024,2,20
SC-ENG-0009,2024,3,0
SC-ENG-0009,2024,4,12
SC-ENG-0009,2024,5,13
SC-ENG-0009,2024,6,7
SC-ENG-0009,2024,7,17
SC-ENG-0009,2024,8,15
SC-ENG-0009,2024,9,0
SC-ENG-0009,2024,10,20
SC-ENG-0009,2024,11,26
SC-ENG-0009,2024,12,22
SC-ENG-0010,2020,1,2
SC-ENG-0010,2020,2,2
SC-ENG-0010,2020,3,4
SC-ENG-0010,2020,4,20
SC-ENG-0010,2020,5,10
SC-ENG-0010,2020,6,1
SC-ENG-0010,2020,7,17
SC-ENG-0010,2020,8,0
SC-ENG-0010,2020,9,5
SC-ENG-0010,2020,10,12
SC-ENG-0010,2020,11,15
SC-ENG-0010,2020,12,12
SC-ENG-0010,2021,1,14
SC-ENG-0010,2021,2,35
SC-ENG-0010,2021,3,1
SC-ENG-0010,2021,4,20
SC-ENG-0010,2021,5,23
SC-ENG-0010,2021,6,27
SC-ENG-0010,2021,7,18
SC-ENG-0010,2021,8,28
SC-ENG-0010,2021,9,47
SC-ENG-0010,2021,10,17
SC-ENG-0010,2021,11,53
SC-ENG-0010,2021,12,25
SC-ENG-0010,2022,1,11
SC-ENG-0010,2022,2,7
SC-ENG-0010,2022,3,19
SC-ENG-0010,2022,4,0
SC-ENG-0010,2022,5,39
SC-ENG-0010,2022,6,23
SC-ENG-0010,2022,7,1
SC-ENG-0010,2022,8,8
SC-ENG-0010,2022,9,7
SC-ENG-0010,2022,10,38
SC-ENG-0010,2022,11,10
SC-ENG-0010,2022,12,0
SC-ENG-0010,2023,1,56
SC-ENG-0010,2023,2,11
SC-ENG-0010,2023,3,40
SC-ENG-0010,2023,4,21
SC-ENG-0010,2023,5,9
SC-ENG-0010,2023,6,14
SC-ENG-0010,2023,7,15
SC-ENG-0010,2023,8,12
SC-ENG-0010,2023,9,42
SC-ENG-0010,2023,10,6
SC-ENG-0010,2023,11,36
SC-ENG-0010,2023,12,17
SC-ENG-0010,2024,1,18
SC-ENG-0010,2024,2,19
SC-ENG-0010,2024,3,4
SC-ENG-0010,2024,4,13
SC-ENG-0010,2024,5,1
SC-ENG-0010,2024,6,6
SC-ENG-0010,2024,7,4
SC-ENG-0010,2024,8,13
SC-ENG-0010,2024,9,31
SC-ENG-0010,2024,10,6
SC-ENG-0010,2024,11,11
SC-ENG-0010,2024,12,25
SC-BRK-0007,2020,1,634
SC-BRK-0007,2020,2,697
SC-BRK-0007,2020,3,400
SC-BRK-0007,2020,4,370
SC-BRK-0007,2020,5,567
SC-BRK-0007,2020,6,686
SC-BRK-0007,2020,7,896
SC-BRK-0007,2020,8,547
SC-BRK-0007,2020,9,480
SC-BRK-0007,2020,10,751
SC-BRK-0007,2020,11,296
SC-BRK-0007,2020,12,657
SC-BRK-0007,2021,1,453
SC-BRK-0007,2021,2,626
SC-BRK-0007,2021,3,500
SC-BRK-0007,2021,4,701
SC-BRK-0007,2021,5,709
SC-BRK-0007,2021,6,648
SC-BRK-0007,2021,7,600
SC-BRK-0007,2021,8,849
SC-BRK-0007,2021,9,836
SC-BRK-0007,2021,10,596
SC-BRK-0007,2021,11,739
SC-BRK-0007,2021,12,963
SC-BRK-0007,2022,1,478
SC-BRK-0007,2022,2,859
SC-BRK-0007,2022,3,629
SC-BRK-0007,2022,4,648
SC-BRK-0007,2022,5,693
SC-BRK-0007,2022,6,814
SC-BRK-0007,2022,7,615
SC-BRK-0007,2022,8,1202
SC-BRK-0007,2022,9,581
SC-BRK-0007,2022,10,721
SC-BRK-0007,2022,11,883
SC-BRK-0007,2022,12,659
SC-BRK-0007,2023,1,828
SC-BRK-0007,2023,2,737
SC-BRK-0007,2023,3,477
SC-BRK-0007,2023,4,235
SC-BRK-0007,2023,5,704
SC-BRK-0007,2023,6,510
SC-BRK-0007,2023,7,897
SC-BRK-0007,2023,8,473
SC-BRK-0007,2023,9,784
SC-BRK-0007,2023,10,975
SC-BRK-0007,2023,11,698
SC-BRK-0007,2023,12,932
SC-BRK-0007,2024,1,1156
SC-BRK-0007,2024,2,933
SC-BRK-0007,2024,3,788
SC-BRK-0007,2024,4,861
SC-BRK-0007,2024,5,618
SC-BRK-0007,2024,6,1197
SC-BRK-0007,2024,7,670
SC-BRK-0007,2024,8,662
SC-BRK-0007,2024,9,1063
SC-BRK-0007,2024,10,466
SC-BRK-0007,2024,11,627
SC-BRK-0007,2024,12,933
SC-FUE-0010,2020,1,521
SC-FUE-0010,2020,2,683
SC-FUE-0010,2020,3,707
SC-FUE-0010,2020,4,933
SC-FUE-0010,2020,5,1152
SC-FUE-0010,2020,6,936
SC-FUE-0010,2020,7,1917
SC-FUE-0010,2020,8,1150
SC-FUE-0010,2020,9,1403
SC-FUE-0010,2020,10,1285
SC-FUE-0010,2020,11,1451
SC-FUE-0010,2020,12,940
SC-FUE-0010,2021,1,1415
SC-FUE-0010,2021,2,1383
SC-FUE-0010,2021,3,1445
SC-FUE-0010,2021,4,1835
SC-FUE-0010,2021,5,1268
SC-FUE-0010,2021,6,1347
SC-FUE-0010,2021,7,1520
SC-FUE-0010,2021,8,2609
SC-FUE-0010,2021,9,1619
SC-FUE-0010,2021,10,749
SC-FUE-0010,2021,11,987
SC-FUE-0010,2021,12,1119
SC-FUE-0010,2022,1,1084
SC-FUE-0010,2022,2,1451
SC-FUE-0010,2022,3,1577
SC-FUE-0010,2022,4,1186
SC-FUE-0010,2022,5,1466
SC-FUE-0010,2022,6,1365
SC-FUE-0010,2022,7,1210
SC-FUE-0010,2022,8,1309
SC-FUE-0010,2022,9,1484
SC-FUE-0010,2022,10,1230
SC-FUE-0010,2022,11,1329
SC-FUE-0010,2022,12,1497
SC-FUE-0010,2023,1,1363
SC-FUE-0010,2023,2,940
SC-FUE-0010,2023,3,1351
SC-FUE-0010,2023,4,1368
SC-FUE-0010,2023,5,1780
SC-FUE-0010,2023,6,1545
SC-FUE-0010,2023,7,1748
SC-FUE-0010,2023,8,1584
SC-FUE-0010,2023,9,1959
SC-FUE-0010,2023,10,1788
SC-FUE-0010,2023,11,1097
SC-FUE-0010,2023,12,1307
SC-FUE-0010,2024,1,1774
SC-FUE-0010,2024,2,1098
SC-FUE-0010,2024,3,1595
SC-FUE-0010,2024,4,1303
SC-FUE-0010,2024,5,1854
SC-FUE-0010,2024,6,3577
SC-FUE-0010,2024,7,3353
SC-FUE-0010,2024,8,1759
SC-FUE-0010,2024,9,1708
SC-FUE-0010,2024,10,1583
SC-FUE-0010,2024,11,1829
SC-FUE-0010,2024,12,1849
SC-BRK-0008,2020,1,0
SC-BRK-0008,2020,2,0
SC-BRK-0008,2020,3,0
SC-BRK-0008,2020,4,1
SC-BRK-0008,2020,5,22
SC-BRK-0008,2020,6,1
SC-BRK-0008,2020,7,0
SC-BRK-0008,2020,8,2
SC-BRK-0008,2020,9,17
SC-BRK-0008,2020,10,16
SC-BRK-0008,2020,11,16
SC-BRK-0008,2020,12,11
SC-BRK-0008,2021,1,10
SC-BRK-0008,2021,2,30
SC-BRK-0008,2021,3,3
SC-BRK-0008,2021,4,11
SC-BRK-0008,2021,5,7
SC-BRK-0008,2021,6,10
SC-BRK-0008,2021,7,16
SC-BRK-0008,2021,8,12
SC-BRK-0008,2021,9,4
SC-BRK-0008,2021,10,2
SC-BRK-0008,2021,11,11
SC-BRK-0008,2021,12,10
SC-BRK-0008,2022,1,7
SC-BRK-0008,2022,2,18
SC-BRK-0008,2022,3,0
SC-BRK-0008,2022,4,0
SC-BRK-0008,2022,5,18
SC-BRK-0008,2022,6,15
SC-BRK-0008,2022,7,1
SC-BRK-0008,2022,8,24
SC-BRK-0008,2022,9,28
SC-BRK-0008,2022,10,10
SC-BRK-0008,2022,11,36
SC-BRK-0008,2022,12,16
SC-BRK-0008,2023,1,9
SC-BRK-0008,2023,2,12
SC-BRK-0008,2023,3,7
SC-BRK-0008,2023,4,23
SC-BRK-0008,2023,5,19
SC-BRK-0008,2023,6,18
SC-BRK-0008,2023,7,7
SC-BRK-0008,2023,8,11
SC-BRK-0008,2023,9,11
SC-BRK-0008,2023,10,17
SC-BRK-0008,2023,11,14
SC-BRK-0008,2023,12,7
SC-BRK-0008,2024,1,5
SC-BRK-0008,2024,2,20
SC-BRK-0008,2024,3,17
SC-BRK-0008,2024,4,24
SC-BRK-0008,2024,5,5
SC-BRK-0008,2024,6,13
SC-BRK-0008,2024,7,11
SC-BRK-0008,2024,8,0
SC-BRK-0008,2024,9,11
SC-BRK-0008,2024,10,7
SC-BRK-0008,2024,11,2
SC-BRK-0008,2024,12,12
SC-FLT-0008,2020,1,503
SC-FLT-0008,2020,2,510
SC-FLT-0008,2020,3,315
SC-FLT-0008,2020,4,592
SC-FLT-0008,2020,5,1059
SC-FLT-0008,2020,6,1655
SC-FLT-0008,2020,7,1004
SC-FLT-0008,2020,8,1513
SC-FLT-0008,2020,9,446
SC-FLT-0008,2020,10,397
SC-FLT-0008,2020,11,449
SC-FLT-0008,2020,12,230
SC-FLT-0008,2021,1,554
SC-FLT-0008,2021,2,717
SC-FLT-0008,2021,3,430
SC-FLT-0008,2021,4,415
SC-FLT-0008,2021,5,562
SC-FLT-0008,2021,6,324
SC-FLT-0008,2021,7,381
SC-FLT-0008,2021,8,738
SC-FLT-0008,2021,9,351
SC-FLT-0008,2021,10,679
SC-FLT-0008,2021,11,159
SC-FLT-0008,2021,12,256
SC-FLT-0008,2022,1,844
SC-FLT-0008,2022,2,461
SC-FLT-0008,2022,3,688
SC-FLT-0008,2022,4,229
SC-FLT-0008,2022,5,584
SC-FLT-0008,2022,6,309
SC-FLT-0008,2022,7,494
SC-FLT-0008,2022,8,551
SC-FLT-0008,2022,9,569
SC-FLT-0008,2022,10,765
SC-FLT-0008,2022,11,724
SC-FLT-0008,2022,12,423
SC-FLT-0008,2023,1,370
SC-FLT-0008,2023,2,593
SC-FLT-0008,2023,3,648
SC-FLT-0008,2023,4,766
SC-FLT-0008,2023,5,424
SC-FLT-0008,2023,6,587
SC-FLT-0008,2023,7,326
SC-FLT-0008,2023,8,663
SC-FLT-0008,2023,9,952
SC-FLT-0008,2023,10,802
SC-FLT-0008,2023,11,572
SC-FLT-0008,2023,12,307
SC-FLT-0008,2024,1,769
SC-FLT-0008,2024,2,362
SC-FLT-0008,2024,3,974
SC-FLT-0008,2024,4,419
SC-FLT-0008,2024,5,618
SC-FLT-0008,2024,6,612
SC-FLT-0008,2024,7,307
SC-FLT-0008,2024,8,683
SC-FLT-0008,2024,9,553
SC-FLT-0008,2024,10,723
SC-FLT-0008,2024,11,694
SC-FLT-0008,2024,12,1068
SC-FLT-0009,2020,1,174
SC-FLT-0009,2020,2,146
SC-FLT-0009,2020,3,123
SC-FLT-0009,2020,4,308
SC-FLT-0009,2020,5,209
SC-FLT-0009,2020,6,92
SC-FLT-0009,2020,7,196
SC-FLT-0009,2020,8,413
SC-FLT-0009,2020,9,252
SC-FLT-0009,2020,10,368
SC-FLT-0009,2020,11,596
SC-FLT-0009,2020,12,506
SC-FLT-0009,2021,1,231
SC-FLT-0009,2021,2,167
SC-FLT-0009,2021,3,263
SC-FLT-0009,2021,4,249
SC-FLT-0009,2021,5,328
SC-FLT-0009,2021,6,257
SC-FLT-0009,2021,7,413
SC-FLT-0009,2021,8,361
SC-FLT-0009,2021,9,393
SC-FLT-0009,2021,10,371
SC-FLT-0009,2021,11,314
SC-FLT-0009,2021,12,298
SC-FLT-0009,2022,1,276
SC-FLT-0009,2022,2,223
SC-FLT-0009,2022,3,306
SC-FLT-0009,2022,4,188
SC-FLT-0009,2022,5,292
SC-FLT-0009,2022,6,262
SC-FLT-0009,2022,7,266
SC-FLT-0009,2022,8,399
SC-FLT-0009,2022,9,442
SC-FLT-0009,2022,10,328
SC-FLT-0009,2022,11,217
SC-FLT-0009,2022,12,193
SC-FLT-0009,2023,1,228
SC-FLT-0009,2023,2,252
SC-FLT-0009,2023,3,381
SC-FLT-0009,2023,4,354
SC-FLT-0009,2023,5,302
SC-FLT-0009,2023,6,342
SC-FLT-0009,2023,7,302
SC-FLT-0009,2023,8,326
SC-FLT-0009,2023,9,375
SC-FLT-0009,2023,10,266
SC-FLT-0009,2023,11,477
SC-FLT-0009,2023,12,394
SC-FLT-0009,2024,1,272
SC-FLT-0009,2024,2,383
SC-FLT-0009,2024,3,333
SC-FLT-0009,2024,4,547
SC-FLT-0009,2024,5,462
SC-FLT-0009,2024,6,424
SC-FLT-0009,2024,7,480
SC-FLT-0009,2024,8,534
SC-FLT-0009,2024,9,297
SC-FLT-0009,2024,10,198
SC-FLT-0009,2024,11,373
SC-FLT-0009,2024,12,422
SC-CLG-0005,2020,1,774
SC-CLG-0005,2020,2,223
SC-CLG-0005,2020,3,627
SC-CLG-0005,2020,4,528
SC-CLG-0005,2020,5,650
SC-CLG-0005,2020,6,571
SC-CLG-0005,2020,7,596
SC-CLG-0005,2020,8,638
SC-CLG-0005,2020,9,459
SC-CLG-0005,2020,10,366
SC-CLG-0005,2020,11,406
SC-CLG-0005,2020,12,716
SC-CLG-0005,2021,1,585
SC-CLG-0005,2021,2,454
SC-CLG-0005,2021,3,1116
SC-CLG-0005,2021,4,1107
SC-CLG-0005,2021,5,568
SC-CLG-0005,2021,6,1027
SC-CLG-0005,2021,7,753
SC-CLG-0005,2021,8,663
SC-CLG-0005,2021,9,1675
SC-CLG-0005,2021,10,1068
SC-CLG-0005,2021,11,791
SC-CLG-0005,2021,12,977
SC-CLG-0005,2022,1,419
SC-CLG-0005,2022,2,132
SC-CLG-0005,2022,3,995
SC-CLG-0005,2022,4,823
SC-CLG-0005,2022,5,1458
SC-CLG-0005,2022,6,593
SC-CLG-0005,2022,7,652
SC-CLG-0005,2022,8,1407
SC-CLG-0005,2022,9,845
SC-CLG-0005,2022,10,409
SC-CLG-0005,2022,11,0
SC-CLG-0005,2022,12,652
SC-CLG-0005,2023,1,820
SC-CLG-0005,2023,2,533
SC-CLG-0005,2023,3,711
SC-CLG-0005,2023,4,1102
SC-CLG-0005,2023,5,704
SC-CLG-0005,2023,6,759
SC-CLG-0005,2023,7,1205
SC-CLG-0005,2023,8,899
SC-CLG-0005,2023,9,966
SC-CLG-0005,2023,10,870
SC-CLG-0005,2023,11,847
SC-CLG-0005,2023,12,1024
SC-CLG-0005,2024,1,319
SC-CLG-0005,2024,2,394
SC-CLG-0005,2024,3,482
SC-CLG-0005,2024,4,578
SC-CLG-0005,2024,5,767
SC-CLG-0005,2024,6,725
SC-CLG-0005,2024,7,998
SC-CLG-0005,2024,8,818
SC-CLG-0005,2024,9,1142
SC-CLG-0005,2024,10,1183
SC-CLG-0005,2024,11,999
SC-CLG-0005,2024,12,862
SC-ENG-0011,2020,1,25
SC-ENG-0011,2020,2,14
SC-ENG-0011,2020,3,18
SC-ENG-0011,2020,4,18
SC-ENG-0011,2020,5,23
SC-ENG-0011,2020,6,8
SC-ENG-0011,2020,7,0
SC-ENG-0011,2020,8,14
SC-ENG-0011,2020,9,36
SC-ENG-0011,2020,10,30
SC-ENG-0011,2020,11,7
SC-ENG-0011,2020,12,25
SC-ENG-0011,2021,1,26
SC-ENG-0011,2021,2,12
SC-ENG-0011,2021,3,23
SC-ENG-0011,2021,4,45
SC-ENG-0011,2021,5,13
SC-ENG-0011,2021,6,22
SC-ENG-0011,2021,7,14
SC-ENG-0011,2021,8,0
SC-ENG-0011,2021,9,44
SC-ENG-0011,2021,10,17
SC-ENG-0011,2021,11,24
SC-ENG-0011,2021,12,46
SC-ENG-0011,2022,1,23
SC-ENG-0011,2022,2,28
SC-ENG-0011,2022,3,15
SC-ENG-0011,2022,4,30
SC-ENG-0011,2022,5,17
SC-ENG-0011,2022,6,0
SC-ENG-0011,2022,7,26
SC-ENG-0011,2022,8,30
SC-ENG-0011,2022,9,10
SC-ENG-0011,2022,10,17
SC-ENG-0011,2022,11,53
SC-ENG-0011,2022,12,13
SC-ENG-0011,2023,1,35
SC-ENG-0011,2023,2,24
SC-ENG-0011,2023,3,18
SC-ENG-0011,2023,4,39
SC-ENG-0011,2023,5,13
SC-ENG-0011,2023,6,9
SC-ENG-0011,2023,7,59
SC-ENG-0011,2023,8,18
SC-ENG-0011,2023,9,31
SC-ENG-0011,2023,10,22
SC-ENG-0011,2023,11,26
SC-ENG-0011,2023,12,28
SC-ENG-0011,2024,1,0
SC-ENG-0011,2024,2,36
SC-ENG-0011,2024,3,26
SC-ENG-0011,2024,4,6
SC-ENG-0011,2024,5,38
SC-ENG-0011,2024,6,15
SC-ENG-0011,2024,7,16
SC-ENG-0011,2024,8,7
SC-ENG-0011,2024,9,11
SC-ENG-0011,2024,10,28
SC-ENG-0011,2024,11,39
SC-ENG-0011,2024,12,18
SC-TRN-0010,2020,1,587
SC-TRN-0010,2020,2,922
SC-TRN-0010,2020,3,444
SC-TRN-0010,2020,4,343
SC-TRN-0010,2020,5,665
SC-TRN-0010,2020,6,773
SC-TRN-0010,2020,7,614
SC-TRN-0010,2020,8,781
SC-TRN-0010,2020,9,728
SC-TRN-0010,2020,10,737
SC-TRN-0010,2020,11,518
SC-TRN-0010,2020,12,726
SC-TRN-0010,2021,1,751
SC-TRN-0010,2021,2,737
SC-TRN-0010,2021,3,546
SC-TRN-0010,2021,4,683
SC-TRN-0010,2021,5,710
SC-TRN-0010,2021,6,784
SC-TRN-0010,2021,7,947
SC-TRN-0010,2021,8,988
SC-TRN-0010,2021,9,705
SC-TRN-0010,2021,10,702
SC-TRN-0010,2021,11,519
SC-TRN-0010,2021,12,552
SC-TRN-0010,2022,1,555
SC-TRN-0010,2022,2,1213
SC-TRN-0010,2022,3,1154
SC-TRN-0010,2022,4,768
SC-TRN-0010,2022,5,994
SC-TRN-0010,2022,6,1233
SC-TRN-0010,2022,7,904
SC-TRN-0010,2022,8,661
SC-TRN-0010,2022,9,767
SC-TRN-0010,2022,10,720
SC-TRN-0010,2022,11,879
SC-TRN-0010,2022,12,878
SC-TRN-0010,2023,1,756
SC-TRN-0010,2023,2,928
SC-TRN-0010,2023,3,751
SC-TRN-0010,2023,4,960
SC-TRN-0010,2023,5,774
SC-TRN-0010,2023,6,919
SC-TRN-0010,2023,7,872
SC-TRN-0010,2023,8,937
SC-TRN-0010,2023,9,758
SC-TRN-0010,2023,10,797
SC-TRN-0010,2023,11,857
SC-TRN-0010,2023,12,732
SC-TRN-0010,2024,1,827
SC-TRN-0010,2024,2,1179
SC-TRN-0010,2024,3,1163
SC-TRN-0010,2024,4,756
SC-TRN-0010,2024,5,1022
SC-TRN-0010,2024,6,1431
SC-TRN-0010,2024,7,1021
SC-TRN-0010,2024,8,1194
SC-TRN-0010,2024,9,1174
SC-TRN-0010,2024,10,1165
SC-TRN-0010,2024,11,778
SC-TRN-0010,2024,12,878
SC-SUS-0018,2020,1,192
SC-SUS-0018,2020,2,330
SC-SUS-0018,2020,3,323
SC-SUS-0018,2020,4,210
SC-SUS-0018,2020,5,138
SC-SUS-0018,2020,6,324
SC-SUS-0018,2020,7,281
SC-SUS-0018,2020,8,293
SC-SUS-0018,2020,9,484
SC-SUS-0018,2020,10,595
SC-SUS-0018,2020,11,577
SC-SUS-0018,2020,12,463
SC-SUS-0018,2021,1,203
SC-SUS-0018,2021,2,280
SC-SUS-0018,2021,3,338
SC-SUS-0018,2021,4,524
SC-SUS-0018,2021,5,219
SC-SUS-0018,2021,6,647
SC-SUS-0018,2021,7,539
SC-SUS-0018,2021,8,639
SC-SUS-0018,2021,9,507
SC-SUS-0018,2021,10,571
SC-SUS-0018,2021,11,583
SC-SUS-0018,2021,12,372
SC-SUS-0018,2022,1,610
SC-SUS-0018,2022,2,445
SC-SUS-0018,2022,3,430
SC-SUS-0018,2022,4,829
SC-SUS-0018,2022,5,474
SC-SUS-0018,2022,6,403
SC-SUS-0018,2022,7,616
SC-SUS-0018,2022,8,507
SC-SUS-0018,2022,9,459
SC-SUS-0018,2022,10,440
SC-SUS-0018,2022,11,487
SC-SUS-0018,2022,12,654
SC-SUS-0018,2023,1,810
SC-SUS-0018,2023,2,558
SC-SUS-0018,2023,3,595
SC-SUS-0018,2023,4,673
SC-SUS-0018,2023,5,931
SC-SUS-0018,2023,6,457
SC-SUS-0018,2023,7,676
SC-SUS-0018,2023,8,649
SC-SUS-0018,2023,9,495
SC-SUS-0018,2023,10,576
SC-SUS-0018,2023,11,544
SC-SUS-0018,2023,12,780
SC-SUS-0018,2024,1,918
SC-SUS-0018,2024,2,822
SC-SUS-0018,2024,3,255
SC-SUS-0018,2024,4,969
SC-SUS-0018,2024,5,853
SC-SUS-0018,2024,6,842
SC-SUS-0018,2024,7,461
SC-SUS-0018,2024,8,452
SC-SUS-0018,2024,9,662
SC-SUS-0018,2024,10,683
SC-SUS-0018,2024,11,589
SC-SUS-0018,2024,12,1079
SC-ELC-0004,2020,1,15
SC-ELC-0004,2020,2,2
SC-ELC-0004,2020,3,3
SC-ELC-0004,2020,4,4
SC-ELC-0004,2020,5,15
SC-ELC-0004,2020,6,18
SC-ELC-0004,2020,7,6
SC-ELC-0004,2020,8,7
SC-ELC-0004,2020,9,3
SC-ELC-0004,2020,10,12
SC-ELC-0004,2020,11,21
SC-ELC-0004,2020,12,13
SC-ELC-0004,2021,1,15
SC-ELC-0004,2021,2,3
SC-ELC-0004,2021,3,30
SC-ELC-0004,2021,4,30
SC-ELC-0004,2021,5,8
SC-ELC-0004,2021,6,9
SC-ELC-0004,2021,7,20
SC-ELC-0004,2021,8,15
SC-ELC-0004,2021,9,13
SC-ELC-0004,2021,10,32
SC-ELC-0004,2021,11,53
SC-ELC-0004,2021,12,8
SC-ELC-0004,2022,1,34
SC-ELC-0004,2022,2,35
SC-ELC-0004,2022,3,12
SC-ELC-0004,2022,4,29
SC-ELC-0004,2022,5,14
SC-ELC-0004,2022,6,9
SC-ELC-0004,2022,7,21
SC-ELC-0004,2022,8,32
SC-ELC-0004,2022,9,17
SC-ELC-0004,2022,10,14
SC-ELC-0004,2022,11,14
SC-ELC-0004,2022,12,18
SC-ELC-0004,2023,1,19
SC-ELC-0004,2023,2,37
SC-ELC-0004,2023,3,10
SC-ELC-0004,2023,4,2
SC-ELC-0004,2023,5,12
SC-ELC-0004,2023,6,41
SC-ELC-0004,2023,7,5
SC-ELC-0004,2023,8,34
SC-ELC-0004,2023,9,5
SC-ELC-0004,2023,10,34
SC-ELC-0004,2023,11,27
SC-ELC-0004,2023,12,15
SC-ELC-0004,2024,1,45
SC-ELC-0004,2024,2,14
SC-ELC-0004,2024,3,17
SC-ELC-0004,2024,4,22
SC-ELC-0004,2024,5,42
SC-ELC-0004,2024,6,15
SC-ELC-0004,2024,7,30
SC-ELC-0004,2024,8,16
SC-ELC-0004,2024,9,8
SC-ELC-0004,2024,10,36
SC-ELC-0004,2024,11,14
SC-ELC-0004,2024,12,43
SC-ENG-0012,2020,1,743
SC-ENG-0012,2020,2,540
SC-ENG-0012,2020,3,956
SC-ENG-0012,2020,4,1046
SC-ENG-0012,2020,5,951
SC-ENG-0012,2020,6,987
SC-ENG-0012,2020,7,835
SC-ENG-0012,2020,8,1258
SC-ENG-0012,2020,9,1024
SC-ENG-0012,2020,10,848
SC-ENG-0012,2020,11,1314
SC-ENG-0012,2020,12,895
SC-ENG-0012,2021,1,1049
SC-ENG-0012,2021,2,1399
SC-ENG-0012,2021,3,987
SC-ENG-0012,2021,4,905
SC-ENG-0012,2021,5,1146
SC-ENG-0012,2021,6,1048
SC-ENG-0012,2021,7,1388
SC-ENG-0012,2021,8,1469
SC-ENG-0012,2021,9,894
SC-ENG-0012,2021,10,1000
SC-ENG-0012,2021,11,1134
SC-ENG-0012,2021,12,969
SC-ENG-0012,2022,1,1223
SC-ENG-0012,2022,2,1673
SC-ENG-0012,2022,3,632
SC-ENG-0012,2022,4,1163
SC-ENG-0012,2022,5,1304
SC-ENG-0012,2022,6,1856
SC-ENG-0012,2022,7,1705
SC-ENG-0012,2022,8,1730
SC-ENG-0012,2022,9,1695
SC-ENG-0012,2022,10,1098
SC-ENG-0012,2022,11,1060
SC-ENG-0012,2022,12,1282
SC-ENG-0012,2023,1,1397
SC-ENG-0012,2023,2,1530
SC-ENG-0012,2023,3,1342
SC-ENG-0012,2023,4,1304
SC-ENG-0012,2023,5,1602
SC-ENG-0012,2023,6,1647
SC-ENG-0012,2023,7,1270
SC-ENG-0012,2023,8,1627
SC-ENG-0012,2023,9,1837
SC-ENG-0012,2023,10,1419
SC-ENG-0012,2023,11,1027
SC-ENG-0012,2023,12,1654
SC-ENG-0012,2024,1,1504
SC-ENG-0012,2024,2,1131
SC-ENG-0012,2024,3,801
SC-ENG-0012,2024,4,1717
SC-ENG-0012,2024,5,1626
SC-ENG-0012,2024,6,1464
SC-ENG-0012,2024,7,1798
SC-ENG-0012,2024,8,1444
SC-ENG-0012,2024,9,1566
SC-ENG-0012,2024,10,1169
SC-ENG-0012,2024,11,1273
SC-ENG-0012,2024,12,1369
SC-BRK-0009,2020,1,45
SC-BRK-0009,2020,2,64
SC-BRK-0009,2020,3,109
SC-BRK-0009,2020,4,84
SC-BRK-0009,2020,5,82
SC-BRK-0009,2020,6,80
SC-BRK-0009,2020,7,226
SC-BRK-0009,2020,8,251
SC-BRK-0009,2020,9,51
SC-BRK-0009,2020,10,113
SC-BRK-0009,2020,11,165
SC-BRK-0009,2020,12,125
SC-BRK-0009,2021,1,252
SC-BRK-0009,2021,2,99
SC-BRK-0009,2021,3,211
SC-BRK-0009,2021,4,111
SC-BRK-0009,2021,5,114
SC-BRK-0009,2021,6,103
SC-BRK-0009,2021,7,105
SC-BRK-0009,2021,8,42
SC-BRK-0009,2021,9,327
SC-BRK-0009,2021,10,180
SC-BRK-0009,2021,11,221
SC-BRK-0009,2021,12,196
SC-BRK-0009,2022,1,216
SC-BRK-0009,2022,2,66
SC-BRK-0009,2022,3,616
SC-BRK-0009,2022,4,284
SC-BRK-0009,2022,5,196
SC-BRK-0009,2022,6,442
SC-BRK-0009,2022,7,582
SC-BRK-0009,2022,8,81
SC-BRK-0009,2022,9,112
SC-BRK-0009,2022,10,186
SC-BRK-0009,2022,11,177
SC-BRK-0009,2022,12,76
SC-BRK-0009,2023,1,277
SC-BRK-0009,2023,2,196
SC-BRK-0009,2023,3,176
SC-BRK-0009,2023,4,160
SC-BRK-0009,2023,5,308
SC-BRK-0009,2023,6,172
SC-BRK-0009,2023,7,74
SC-BRK-0009,2023,8,243
SC-BRK-0009,2023,9,48
SC-BRK-0009,2023,10,185
SC-BRK-0009,2023,11,114
SC-BRK-0009,2023,12,159
SC-BRK-0009,2024,1,323
SC-BRK-0009,2024,2,126
SC-BRK-0009,2024,3,180
SC-BRK-0009,2024,4,0
SC-BRK-0009,2024,5,133
SC-BRK-0009,2024,6,134
SC-BRK-0009,2024,7,0
SC-BRK-0009,2024,8,233
SC-BRK-0009,2024,9,48
SC-BRK-0009,2024,10,55
SC-BRK-0009,2024,11,132
SC-BRK-0009,2024,12,223
SC-TRN-0011,2020,1,45
SC-TRN-0011,2020,2,17
SC-TRN-0011,2020,3,33
SC-TRN-0011,2020,4,58
SC-TRN-0011,2020,5,62
SC-TRN-0011,2020,6,47
SC-TRN-0011,2020,7,29
SC-TRN-0011,2020,8,17
SC-TRN-0011,2020,9,82
SC-TRN-0011,2020,10,53
SC-TRN-0011,2020,11,69
SC-TRN-0011,2020,12,28
SC-TRN-0011,2021,1,68
SC-TRN-0011,2021,2,77
SC-TRN-0011,2021,3,92
SC-TRN-0011,2021,4,110
SC-TRN-0011,2021,5,29
SC-TRN-0011,2021,6,143
SC-TRN-0011,2021,7,99
SC-TRN-0011,2021,8,56
SC-TRN-0011,2021,9,177
SC-TRN-0011,2021,10,22
SC-TRN-0011,2021,11,47
SC-TRN-0011,2021,12,19
SC-TRN-0011,2022,1,66
SC-TRN-0011,2022,2,35
SC-TRN-0011,2022,3,3
SC-TRN-0011,2022,4,24
SC-TRN-0011,2022,5,18
SC-TRN-0011,2022,6,53
SC-TRN-0011,2022,7,51
SC-TRN-0011,2022,8,68
SC-TRN-0011,2022,9,66
SC-TRN-0011,2022,10,80
SC-TRN-0011,2022,11,75
SC-TRN-0011,2022,12,76
SC-TRN-0011,2023,1,88
SC-TRN-0011,2023,2,69
SC-TRN-0011,2023,3,67
SC-TRN-0011,2023,4,71
SC-TRN-0011,2023,5,60
SC-TRN-0011,2023,6,76
SC-TRN-0011,2023,7,117
SC-TRN-0011,2023,8,184
SC-TRN-0011,2023,9,130
SC-TRN-0011,2023,10,131
SC-TRN-0011,2023,11,56
SC-TRN-0011,2023,12,95
SC-TRN-0011,2024,1,128
SC-TRN-0011,2024,2,56
SC-TRN-0011,2024,3,58
SC-TRN-0011,2024,4,21
SC-TRN-0011,2024,5,195
SC-TRN-0011,2024,6,182
SC-TRN-0011,2024,7,179
SC-TRN-0011,2024,8,42
SC-TRN-0011,2024,9,169
SC-TRN-0011,2024,10,146
SC-TRN-0011,2024,11,33
SC-TRN-0011,2024,12,106
SC-TWA-0009,2020,1,63
SC-TWA-0009,2020,2,91
SC-TWA-0009,2020,3,127
SC-TWA-0009,2020,4,71
SC-TWA-0009,2020,5,76
SC-TWA-0009,2020,6,71
SC-TWA-0009,2020,7,107
SC-TWA-0009,2020,8,19
SC-TWA-0009,2020,9,86
SC-TWA-0009,2020,10,111
SC-TWA-0009,2020,11,252
SC-TWA-0009,2020,12,143
SC-TWA-0009,2021,1,58
SC-TWA-0009,2021,2,67
SC-TWA-0009,2021,3,102
SC-TWA-0009,2021,4,115
SC-TWA-0009,2021,5,37
SC-TWA-0009,2021,6,45
SC-TWA-0009,2021,7,114
SC-TWA-0009,2021,8,0
SC-TWA-0009,2021,9,91
SC-TWA-0009,2021,10,79
SC-TWA-0009,2021,11,68
SC-TWA-0009,2021,12,219
SC-TWA-0009,2022,1,147
SC-TWA-0009,2022,2,99
SC-TWA-0009,2022,3,110
SC-TWA-0009,2022,4,120
SC-TWA-0009,2022,5,98
SC-TWA-0009,2022,6,124
SC-TWA-0009,2022,7,202
SC-TWA-0009,2022,8,35
SC-TWA-0009,2022,9,161
SC-TWA-0009,2022,10,53
SC-TWA-0009,2022,11,180
SC-TWA-0009,2022,12,125
SC-TWA-0009,2023,1,129
SC-TWA-0009,2023,2,0
SC-TWA-0009,2023,3,115
SC-TWA-0009,2023,4,129
SC-TWA-0009,2023,5,118
SC-TWA-0009,2023,6,158
SC-TWA-0009,2023,7,145
SC-TWA-0009,2023,8,150
SC-TWA-0009,2023,9,139
SC-TWA-0009,2023,10,26
SC-TWA-0009,2023,11,75
SC-TWA-0009,2023,12,196
SC-TWA-0009,2024,1,58
SC-TWA-0009,2024,2,108
SC-TWA-0009,2024,3,36
SC-TWA-0009,2024,4,144
SC-TWA-0009,2024,5,43
SC-TWA-0009,2024,6,37
SC-TWA-0009,2024,7,8
SC-TWA-0009,2024,8,30
SC-TWA-0009,2024,9,12
SC-TWA-0009,2024,10,160
SC-TWA-0009,2024,11,75
SC-TWA-0009,2024,12,16
SC-TRN-0012,2020,1,301
SC-TRN-0012,2020,2,358
SC-TRN-0012,2020,3,473
SC-TRN-0012,2020,4,222
SC-TRN-0012,2020,5,368
SC-TRN-0012,2020,6,576
SC-TRN-0012,2020,7,484
SC-TRN-0012,2020,8,510
SC-TRN-0012,2020,9,721
SC-TRN-0012,2020,10,355
SC-TRN-0012,2020,11,574
SC-TRN-0012,2020,12,324
SC-TRN-0012,2021,1,364
SC-TRN-0012,2021,2,360
SC-TRN-0012,2021,3,482
SC-TRN-0012,2021,4,934
SC-TRN-0012,2021,5,327
SC-TRN-0012,2021,6,653
SC-TRN-0012,2021,7,710
SC-TRN-0012,2021,8,619
SC-TRN-0012,2021,9,440
SC-TRN-0012,2021,10,686
SC-TRN-0012,2021,11,423
SC-TRN-0012,2021,12,875
SC-TRN-0012,2022,1,225
SC-TRN-0012,2022,2,386
SC-TRN-0012,2022,3,531
SC-TRN-0012,2022,4,440
SC-TRN-0012,2022,5,558
SC-TRN-0012,2022,6,409
SC-TRN-0012,2022,7,1193
SC-TRN-0012,2022,8,758
SC-TRN-0012,2022,9,649
SC-TRN-0012,2022,10,1184
SC-TRN-0012,2022,11,370
SC-TRN-0012,2022,12,474
SC-TRN-0012,2023,1,510
SC-TRN-0012,2023,2,436
SC-TRN-0012,2023,3,553
SC-TRN-0012,2023,4,790
SC-TRN-0012,2023,5,470
SC-TRN-0012,2023,6,812
SC-TRN-0012,2023,7,988
SC-TRN-0012,2023,8,683
SC-TRN-0012,2023,9,709
SC-TRN-0012,2023,10,849
SC-TRN-0012,2023,11,619
SC-TRN-0012,2023,12,420
SC-TRN-0012,2024,1,687
SC-TRN-0012,2024,2,534
SC-TRN-0012,2024,3,440
SC-TRN-0012,2024,4,435
SC-TRN-0012,2024,5,888
SC-TRN-0012,2024,6,1192
SC-TRN-0012,2024,7,482
SC-TRN-0012,2024,8,493
SC-TRN-0012,2024,9,621
SC-TRN-0012,2024,10,485
SC-TRN-0012,2024,11,859
SC-TRN-0012,2024,12,163
SC-ENG-0013,2020,1,10
SC-ENG-0013,2020,2,32
SC-ENG-0013,2020,3,28
SC-ENG-0013,2020,4,101
SC-ENG-0013,2020,5,52
SC-ENG-0013,2020,6,93
SC-ENG-0013,2020,7,24
SC-ENG-0013,2020,8,72
SC-ENG-0013,2020,9,150
SC-ENG-0013,2020,10,147
SC-ENG-0013,2020,11,22
SC-ENG-0013,2020,12,176
SC-ENG-0013,2021,1,193
SC-ENG-0013,2021,2,64
SC-ENG-0013,2021,3,73
SC-ENG-0013,2021,4,195
SC-ENG-0013,2021,5,288
SC-ENG-0013,2021,6,223
SC-ENG-0013,2021,7,237
SC-ENG-0013,2021,8,210
SC-ENG-0013,2021,9,103
SC-ENG-0013,2021,10,154
SC-ENG-0013,2021,11,230
SC-ENG-0013,2021,12,81
SC-ENG-0013,2022,1,224
SC-ENG-0013,2022,2,175
SC-ENG-0013,2022,3,169
SC-ENG-0013,2022,4,49
SC-ENG-0013,2022,5,49
SC-ENG-0013,2022,6,41
SC-ENG-0013,2022,7,38
SC-ENG-0013,2022,8,153
SC-ENG-0013,2022,9,247
SC-ENG-0013,2022,10,145
SC-ENG-0013,2022,11,18
SC-ENG-0013,2022,12,18
SC-ENG-0013,2023,1,188
SC-ENG-0013,2023,2,0
SC-ENG-0013,2023,3,61
SC-ENG-0013,2023,4,68
SC-ENG-0013,2023,5,55
SC-ENG-0013,2023,6,82
SC-ENG-0013,2023,7,97
SC-ENG-0013,2023,8,297
SC-ENG-0013,2023,9,0
SC-ENG-0013,2023,10,70
SC-ENG-0013,2023,11,168
SC-ENG-0013,2023,12,291
SC-ENG-0013,2024,1,244
SC-ENG-0013,2024,2,1
SC-ENG-0013,2024,3,232
SC-ENG-0013,2024,4,246
SC-ENG-0013,2024,5,391
SC-ENG-0013,2024,6,172
SC-ENG-0013,2024,7,253
SC-ENG-0013,2024,8,160
SC-ENG-0013,2024,9,100
SC-ENG-0013,2024,10,198
SC-ENG-0013,2024,11,77
SC-ENG-0013,2024,12,133
SC-ELC-0005,2020,1,6
SC-ELC-0005,2020,2,9
SC-ELC-0005,2020,3,2
SC-ELC-0005,2020,4,20
SC-ELC-0005,2020,5,0
SC-ELC-0005,2020,6,12
SC-ELC-0005,2020,7,11
SC-ELC-0005,2020,8,12
SC-ELC-0005,2020,9,16
SC-ELC-0005,2020,10,23
SC-ELC-0005,2020,11,11
SC-ELC-0005,2020,12,15
SC-ELC-0005,2021,1,15
SC-ELC-0005,2021,2,0
SC-ELC-0005,2021,3,8
SC-ELC-0005,2021,4,21
SC-ELC-0005,2021,5,0
SC-ELC-0005,2021,6,4
SC-ELC-0005,2021,7,16
SC-ELC-0005,2021,8,14
SC-ELC-0005,2021,9,23
SC-ELC-0005,2021,10,11
SC-ELC-0005,2021,11,11
SC-ELC-0005,2021,12,3
SC-ELC-0005,2022,1,8
SC-ELC-0005,2022,2,9
SC-ELC-0005,2022,3,7
SC-ELC-0005,2022,4,8
SC-ELC-0005,2022,5,7
SC-ELC-0005,2022,6,5
SC-ELC-0005,2022,7,3
SC-ELC-0005,2022,8,19
SC-ELC-0005,2022,9,22
SC-ELC-0005,2022,10,14
SC-ELC-0005,2022,11,17
SC-ELC-0005,2022,12,0
SC-ELC-0005,2023,1,4
SC-ELC-0005,2023,2,13
SC-ELC-0005,2023,3,36
SC-ELC-0005,2023,4,19
SC-ELC-0005,2023,5,13
SC-ELC-0005,2023,6,24
SC-ELC-0005,2023,7,8
SC-ELC-0005,2023,8,24
SC-ELC-0005,2023,9,24
SC-ELC-0005,2023,10,15
SC-ELC-0005,2023,11,24
SC-ELC-0005,2023,12,10
SC-ELC-0005,2024,1,1
SC-ELC-0005,2024,2,4
SC-ELC-0005,2024,3,8
SC-ELC-0005,2024,4,8
SC-ELC-0005,2024,5,1
SC-ELC-0005,2024,6,6
SC-ELC-0005,2024,7,11
SC-ELC-0005,2024,8,17
SC-ELC-0005,2024,9,3
SC-ELC-0005,2024,10,10
SC-ELC-0005,2024,11,13
SC-ELC-0005,2024,12,5
SC-BRK-0010,2020,1,523
SC-BRK-0010,2020,2,543
SC-BRK-0010,2020,3,594
SC-BRK-0010,2020,4,757
SC-BRK-0010,2020,5,572
SC-BRK-0010,2020,6,709
SC-BRK-0010,2020,7,541
SC-BRK-0010,2020,8,788
SC-BRK-0010,2020,9,848
SC-BRK-0010,2020,10,728
SC-BRK-0010,2020,11,700
SC-BRK-0010,2020,12,746
SC-BRK-0010,2021,1,725
SC-BRK-0010,2021,2,989
SC-BRK-0010,2021,3,732
SC-BRK-0010,2021,4,848
SC-BRK-0010,2021,5,510
SC-BRK-0010,2021,6,590
SC-BRK-0010,2021,7,803
SC-BRK-0010,2021,8,871
SC-BRK-0010,2021,9,865
SC-BRK-0010,2021,10,674
SC-BRK-0010,2021,11,832
SC-BRK-0010,2021,12,754
SC-BRK-0010,2022,1,930
SC-BRK-0010,2022,2,804
SC-BRK-0010,2022,3,865
SC-BRK-0010,2022,4,729
SC-BRK-0010,2022,5,1126
SC-BRK-0010,2022,6,752
SC-BRK-0010,2022,7,1261
SC-BRK-0010,2022,8,1214
SC-BRK-0010,2022,9,783
SC-BRK-0010,2022,10,891
SC-BRK-0010,2022,11,676
SC-BRK-0010,2022,12,864
SC-BRK-0010,2023,1,1156
SC-BRK-0010,2023,2,1280
SC-BRK-0010,2023,3,897
SC-BRK-0010,2023,4,1011
SC-BRK-0010,2023,5,763
SC-BRK-0010,2023,6,1415
SC-BRK-0010,2023,7,928
SC-BRK-0010,2023,8,1046
SC-BRK-0010,2023,9,1037
SC-BRK-0010,2023,10,907
SC-BRK-0010,2023,11,826
SC-BRK-0010,2023,12,1089
SC-BRK-0010,2024,1,1108
SC-BRK-0010,2024,2,748
SC-BRK-0010,2024,3,921
SC-BRK-0010,2024,4,1049
SC-BRK-0010,2024,5,1500
SC-BRK-0010,2024,6,1117
SC-BRK-0010,2024,7,1379
SC-BRK-0010,2024,8,1003
SC-BRK-0010,2024,9,700
SC-BRK-0010,2024,10,556
SC-BRK-0010,2024,11,976
SC-BRK-0010,2024,12,893
SC-FLT-0010,2020,1,905
SC-FLT-0010,2020,2,908
SC-FLT-0010,2020,3,1044
SC-FLT-0010,2020,4,1167
SC-FLT-0010,2020,5,1026
SC-FLT-0010,2020,6,1562
SC-FLT-0010,2020,7,1800
SC-FLT-0010,2020,8,1412
SC-FLT-0010,2020,9,1192
SC-FLT-0010,2020,10,1162
SC-FLT-0010,2020,11,1377
SC-FLT-0010,2020,12,1610
SC-FLT-0010,2021,1,1329
SC-FLT-0010,2021,2,1276
SC-FLT-0010,2021,3,1319
SC-FLT-0010,2021,4,1405
SC-FLT-0010,2021,5,1295
SC-FLT-0010,2021,6,837
SC-FLT-0010,2021,7,1390
SC-FLT-0010,2021,8,1749
SC-FLT-0010,2021,9,1437
SC-FLT-0010,2021,10,1313
SC-FLT-0010,2021,11,1687
SC-FLT-0010,2021,12,1400
SC-FLT-0010,2022,1,1950
SC-FLT-0010,2022,2,1003
SC-FLT-0010,2022,3,1515
SC-FLT-0010,2022,4,1738
SC-FLT-0010,2022,5,1033
SC-FLT-0010,2022,6,1749
SC-FLT-0010,2022,7,1711
SC-FLT-0010,2022,8,1862
SC-FLT-0010,2022,9,2284
SC-FLT-0010,2022,10,1501
SC-FLT-0010,2022,11,1794
SC-FLT-0010,2022,12,1801
SC-FLT-0010,2023,1,1844
SC-FLT-0010,2023,2,1401
SC-FLT-0010,2023,3,1628
SC-FLT-0010,2023,4,1554
SC-FLT-0010,2023,5,1246
SC-FLT-0010,2023,6,1834
SC-FLT-0010,2023,7,2410
SC-FLT-0010,2023,8,1824
SC-FLT-0010,2023,9,2198
SC-FLT-0010,2023,10,2143
SC-FLT-0010,2023,11,1957
SC-FLT-0010,2023,12,2068
SC-FLT-0010,2024,1,2143
SC-FLT-0010,2024,2,2072
SC-FLT-0010,2024,3,1634
SC-FLT-0010,2024,4,1599
SC-FLT-0010,2024,5,1992
SC-FLT-0010,2024,6,1614
SC-FLT-0010,2024,7,2136
SC-FLT-0010,2024,8,2144
SC-FLT-0010,2024,9,2325
SC-FLT-0010,2024,10,2289
SC-FLT-0010,2024,11,2290
SC-FLT-0010,2024,12,3034
SC-FLT-0011,2020,1,452
SC-FLT-0011,2020,2,412
SC-FLT-0011,2020,3,281
SC-FLT-0011,2020,4,598
SC-FLT-0011,2020,5,531
SC-FLT-0011,2020,6,378
SC-FLT-0011,2020,7,273
SC-FLT-0011,2020,8,447
SC-FLT-0011,2020,9,318
SC-FLT-0011,2020,10,263
SC-FLT-0011,2020,11,399
SC-FLT-0011,2020,12,409
SC-FLT-0011,2021,1,421
SC-FLT-0011,2021,2,399
SC-FLT-0011,2021,3,334
SC-FLT-0011,2021,4,327
SC-FLT-0011,2021,5,145
SC-FLT-0011,2021,6,383
SC-FLT-0011,2021,7,214
SC-FLT-0011,2021,8,442
SC-FLT-0011,2021,9,650
SC-FLT-0011,2021,10,562
SC-FLT-0011,2021,11,551
SC-FLT-0011,2021,12,134
SC-FLT-0011,2022,1,510
SC-FLT-0011,2022,2,339
SC-FLT-0011,2022,3,573
SC-FLT-0011,2022,4,356
SC-FLT-0011,2022,5,217
SC-FLT-0011,2022,6,337
SC-FLT-0011,2022,7,289
SC-FLT-0011,2022,8,359
SC-FLT-0011,2022,9,338
SC-FLT-0011,2022,10,411
SC-FLT-0011,2022,11,387
SC-FLT-0011,2022,12,576
SC-FLT-0011,2023,1,305
SC-FLT-0011,2023,2,586
SC-FLT-0011,2023,3,156
SC-FLT-0011,2023,4,393
SC-FLT-0011,2023,5,470
SC-FLT-0011,2023,6,407
SC-FLT-0011,2023,7,603
SC-FLT-0011,2023,8,176
SC-FLT-0011,2023,9,519
SC-FLT-0011,2023,10,245
SC-FLT-0011,2023,11,337
SC-FLT-0011,2023,12,566
SC-FLT-0011,2024,1,402
SC-FLT-0011,2024,2,464
SC-FLT-0011,2024,3,491
SC-FLT-0011,2024,4,477
SC-FLT-0011,2024,5,393
SC-FLT-0011,2024,6,401
SC-FLT-0011,2024,7,339
SC-FLT-0011,2024,8,348
SC-FLT-0011,2024,9,616
SC-FLT-0011,2024,10,224
SC-FLT-0011,2024,11,443
SC-FLT-0011,2024,12,406
SC-ENG-0014,2020,1,80
SC-ENG-0014,2020,2,88
SC-ENG-0014,2020,3,28
SC-ENG-0014,2020,4,67
SC-ENG-0014,2020,5,38
SC-ENG-0014,2020,6,26
SC-ENG-0014,2020,7,60
SC-ENG-0014,2020,8,62
SC-ENG-0014,2020,9,80
SC-ENG-0014,2020,10,0
SC-ENG-0014,2020,11,22
SC-ENG-0014,2020,12,34
SC-ENG-0014,2021,1,37
SC-ENG-0014,2021,2,23
SC-ENG-0014,2021,3,84
SC-ENG-0014,2021,4,99
SC-ENG-0014,2021,5,58
SC-ENG-0014,2021,6,24
SC-ENG-0014,2021,7,62
SC-ENG-0014,2021,8,57
SC-ENG-0014,2021,9,19
SC-ENG-0014,2021,10,33
SC-ENG-0014,2021,11,25
SC-ENG-0014,2021,12,77
SC-ENG-0014,2022,1,58
SC-ENG-0014,2022,2,60
SC-ENG-0014,2022,3,61
SC-ENG-0014,2022,4,45
SC-ENG-0014,2022,5,42
SC-ENG-0014,2022,6,50
SC-ENG-0014,2022,7,30
SC-ENG-0014,2022,8,77
SC-ENG-0014,2022,9,33
SC-ENG-0014,2022,10,65
SC-ENG-0014,2022,11,27
SC-ENG-0014,2022,12,57
SC-ENG-0014,2023,1,78
SC-ENG-0014,2023,2,9
SC-ENG-0014,2023,3,42
SC-ENG-0014,2023,4,87
SC-ENG-0014,2023,5,109
SC-ENG-0014,2023,6,10
SC-ENG-0014,2023,7,72
SC-ENG-0014,2023,8,45
SC-ENG-0014,2023,9,29
SC-ENG-0014,2023,10,32
SC-ENG-0014,2023,11,52
SC-ENG-0014,2023,12,40
SC-ENG-0014,2024,1,0
SC-ENG-0014,2024,2,20
SC-ENG-0014,2024,3,31
SC-ENG-0014,2024,4,14
SC-ENG-0014,2024,5,38
SC-ENG-0014,2024,6,42
SC-ENG-0014,2024,7,16
SC-ENG-0014,2024,8,35
SC-ENG-0014,2024,9,71
SC-ENG-0014,2024,10,31
SC-ENG-0014,2024,11,46
SC-ENG-0014,2024,12,63
SC-HYD-0012,2020,1,79
SC-HYD-0012,2020,2,61
SC-HYD-0012,2020,3,71
SC-HYD-0012,2020,4,99
SC-HYD-0012,2020,5,149
SC-HYD-0012,2020,6,205
SC-HYD-0012,2020,7,220
SC-HYD-0012,2020,8,197
SC-HYD-0012,2020,9,309
SC-HYD-0012,2020,10,352
SC-HYD-0012,2020,11,171
SC-HYD-0012,2020,12,100
SC-HYD-0012,2021,1,130
SC-HYD-0012,2021,2,237
SC-HYD-0012,2021,3,237
SC-HYD-0012,2021,4,251
SC-HYD-0012,2021,5,292
SC-HYD-0012,2021,6,235
SC-HYD-0012,2021,7,294
SC-HYD-0012,2021,8,361
SC-HYD-0012,2021,9,296
SC-HYD-0012,2021,10,431
SC-HYD-0012,2021,11,171
SC-HYD-0012,2021,12,361
SC-HYD-0012,2022,1,385
SC-HYD-0012,2022,2,342
SC-HYD-0012,2022,3,297
SC-HYD-0012,2022,4,415
SC-HYD-0012,2022,5,217
SC-HYD-0012,2022,6,288
SC-HYD-0012,2022,7,330
SC-HYD-0012,2022,8,249
SC-HYD-0012,2022,9,100
SC-HYD-0012,2022,10,200
SC-HYD-0012,2022,11,203
SC-HYD-0012,2022,12,369
SC-HYD-0012,2023,1,186
SC-HYD-0012,2023,2,328
SC-HYD-0012,2023,3,308
SC-HYD-0012,2023,4,200
SC-HYD-0012,2023,5,352
SC-HYD-0012,2023,6,143
SC-HYD-0012,2023,7,435
SC-HYD-0012,2023,8,428
SC-HYD-0012,2023,9,471
SC-HYD-0012,2023,10,327
SC-HYD-0012,2023,11,310
SC-HYD-0012,2023,12,289
SC-HYD-0012,2024,1,159
SC-HYD-0012,2024,2,141
SC-HYD-0012,2024,3,312
SC-HYD-0012,2024,4,388
SC-HYD-0012,2024,5,215
SC-HYD-0012,2024,6,292
SC-HYD-0012,2024,7,398
SC-HYD-0012,2024,8,319
SC-HYD-0012,2024,9,152
SC-HYD-0012,2024,10,184
SC-HYD-0012,2024,11,318
SC-HYD-0012,2024,12,269
SC-TWA-0010,2020,1,822
SC-TWA-0010,2020,2,724
SC-TWA-0010,2020,3,454
SC-TWA-0010,2020,4,306
SC-TWA-0010,2020,5,617
SC-TWA-0010,2020,6,403
SC-TWA-0010,2020,7,425
SC-TWA-0010,2020,8,287
SC-TWA-0010,2020,9,515
SC-TWA-0010,2020,10,696
SC-TWA-0010,2020,11,574
SC-TWA-0010,2020,12,508
SC-TWA-0010,2021,1,446
SC-TWA-0010,2021,2,472
SC-TWA-0010,2021,3,198
SC-TWA-0010,2021,4,691
SC-TWA-0010,2021,5,256
SC-TWA-0010,2021,6,316
SC-TWA-0010,2021,7,364
SC-TWA-0010,2021,8,337
SC-TWA-0010,2021,9,250
SC-TWA-0010,2021,10,535
SC-TWA-0010,2021,11,338
SC-TWA-0010,2021,12,327
SC-TWA-0010,2022,1,572
SC-TWA-0010,2022,2,427
SC-TWA-0010,2022,3,518
SC-TWA-0010,2022,4,503
SC-TWA-0010,2022,5,836
SC-TWA-0010,2022,6,774
SC-TWA-0010,2022,7,639
SC-TWA-0010,2022,8,425
SC-TWA-0010,2022,9,636
SC-TWA-0010,2022,10,389
SC-TWA-0010,2022,11,598
SC-TWA-0010,2022,12,425
SC-TWA-0010,2023,1,474
SC-TWA-0010,2023,2,604
SC-TWA-0010,2023,3,389
SC-TWA-0010,2023,4,406
SC-TWA-0010,2023,5,230
SC-TWA-0010,2023,6,179
SC-TWA-0010,2023,7,457
SC-TWA-0010,2023,8,445
SC-TWA-0010,2023,9,578
SC-TWA-0010,2023,10,753
SC-TWA-0010,2023,11,777
SC-TWA-0010,2023,12,648
SC-TWA-0010,2024,1,539
SC-TWA-0010,2024,2,367
SC-TWA-0010,2024,3,286
SC-TWA-0010,2024,4,446
SC-TWA-0010,2024,5,433
SC-TWA-0010,2024,6,390
SC-TWA-0010,2024,7,383
SC-TWA-0010,2024,8,420
SC-TWA-0010,2024,9,524
SC-TWA-0010,2024,10,400
SC-TWA-0010,2024,11,500
SC-TWA-0010,2024,12,533
SC-SUS-0019,2020,1,160
SC-SUS-0019,2020,2,109
SC-SUS-0019,2020,3,156
SC-SUS-0019,2020,4,49
SC-SUS-0019,2020,5,112
SC-SUS-0019,2020,6,302
SC-SUS-0019,2020,7,27
SC-SUS-0019,2020,8,83
SC-SUS-0019,2020,9,239
SC-SUS-0019,2020,10,0
SC-SUS-0019,2020,11,91
SC-SUS-0019,2020,12,152
SC-SUS-0019,2021,1,186
SC-SUS-0019,2021,2,62
SC-SUS-0019,2021,3,84
SC-SUS-0019,2021,4,124
SC-SUS-0019,2021,5,3
SC-SUS-0019,2021,6,105
SC-SUS-0019,2021,7,99
SC-SUS-0019,2021,8,207
SC-SUS-0019,2021,9,0
SC-SUS-0019,2021,10,232
SC-SUS-0019,2021,11,189
SC-SUS-0019,2021,12,94
SC-SUS-0019,2022,1,143
SC-SUS-0019,2022,2,239
SC-SUS-0019,2022,3,247
SC-SUS-0019,2022,4,377
SC-SUS-0019,2022,5,175
SC-SUS-0019,2022,6,69
SC-SUS-0019,2022,7,75
SC-SUS-0019,2022,8,118
SC-SUS-0019,2022,9,146
SC-SUS-0019,2022,10,84
SC-SUS-0019,2022,11,73
SC-SUS-0019,2022,12,98
SC-SUS-0019,2023,1,205
SC-SUS-0019,2023,2,241
SC-SUS-0019,2023,3,184
SC-SUS-0019,2023,4,232
SC-SUS-0019,2023,5,0
SC-SUS-0019,2023,6,197
SC-SUS-0019,2023,7,242
SC-SUS-0019,2023,8,76
SC-SUS-0019,2023,9,223
SC-SUS-0019,2023,10,76
SC-SUS-0019,2023,11,116
SC-SUS-0019,2023,12,74
SC-SUS-0019,2024,1,131
SC-SUS-0019,2024,2,147
SC-SUS-0019,2024,3,26
SC-SUS-0019,2024,4,66
SC-SUS-0019,2024,5,208
SC-SUS-0019,2024,6,144
SC-SUS-0019,2024,7,136
SC-SUS-0019,2024,8,209
SC-SUS-0019,2024,9,25
SC-SUS-0019,2024,10,251
SC-SUS-0019,2024,11,60
SC-SUS-0019,2024,12,158
SC-HYD-0013,2020,1,120
SC-HYD-0013,2020,2,203
SC-HYD-0013,2020,3,326
SC-HYD-0013,2020,4,258
SC-HYD-0013,2020,5,218
SC-HYD-0013,2020,6,348
SC-HYD-0013,2020,7,321
SC-HYD-0013,2020,8,360
SC-HYD-0013,2020,9,64
SC-HYD-0013,2020,10,151
SC-HYD-0013,2020,11,238
SC-HYD-0013,2020,12,395
SC-HYD-0013,2021,1,193
SC-HYD-0013,2021,2,382
SC-HYD-0013,2021,3,362
SC-HYD-0013,2021,4,261
SC-HYD-0013,2021,5,170
SC-HYD-0013,2021,6,300
SC-HYD-0013,2021,7,395
SC-HYD-0013,2021,8,302
SC-HYD-0013,2021,9,204
SC-HYD-0013,2021,10,307
SC-HYD-0013,2021,11,214
SC-HYD-0013,2021,12,261
SC-HYD-0013,2022,1,321
SC-HYD-0013,2022,2,296
SC-HYD-0013,2022,3,263
SC-HYD-0013,2022,4,400
SC-HYD-0013,2022,5,278
SC-HYD-0013,2022,6,320
SC-HYD-0013,2022,7,454
SC-HYD-0013,2022,8,359
SC-HYD-0013,2022,9,220
SC-HYD-0013,2022,10,125
SC-HYD-0013,2022,11,263
SC-HYD-0013,2022,12,245
SC-HYD-0013,2023,1,241
SC-HYD-0013,2023,2,122
SC-HYD-0013,2023,3,228
SC-HYD-0013,2023,4,166
SC-HYD-0013,2023,5,169
SC-HYD-0013,2023,6,296
SC-HYD-0013,2023,7,468
SC-HYD-0013,2023,8,543
SC-HYD-0013,2023,9,291
SC-HYD-0013,2023,10,162
SC-HYD-0013,2023,11,233
SC-HYD-0013,2023,12,346
SC-HYD-0013,2024,1,273
SC-HYD-0013,2024,2,157
SC-HYD-0013,2024,3,488
SC-HYD-0013,2024,4,283
SC-HYD-0013,2024,5,291
SC-HYD-0013,2024,6,406
SC-HYD-0013,2024,7,187
SC-HYD-0013,2024,8,384
SC-HYD-0013,2024,9,468
SC-HYD-0013,2024,10,200
SC-HYD-0013,2024,11,259
SC-HYD-0013,2024,12,323
SC-ELC-0006,2020,1,36
SC-ELC-0006,2020,2,23
SC-ELC-0006,2020,3,104
SC-ELC-0006,2020,4,70
SC-ELC-0006,2020,5,76
SC-ELC-0006,2020,6,30
SC-ELC-0006,2020,7,28
SC-ELC-0006,2020,8,57
SC-ELC-0006,2020,9,23
SC-ELC-0006,2020,10,28
SC-ELC-0006,2020,11,46
SC-ELC-0006,2020,12,35
SC-ELC-0006,2021,1,38
SC-ELC-0006,2021,2,88
SC-ELC-0006,2021,3,44
SC-ELC-0006,2021,4,81
SC-ELC-0006,2021,5,58
SC-ELC-0006,2021,6,46
SC-ELC-0006,2021,7,17
SC-ELC-0006,2021,8,5
SC-ELC-0006,2021,9,13
SC-ELC-0006,2021,10,20
SC-ELC-0006,2021,11,14
SC-ELC-0006,2021,12,78
SC-ELC-0006,2022,1,62
SC-ELC-0006,2022,2,96
SC-ELC-0006,2022,3,42
SC-ELC-0006,2022,4,95
SC-ELC-0006,2022,5,61
SC-ELC-0006,2022,6,24
SC-ELC-0006,2022,7,82
SC-ELC-0006,2022,8,115
SC-ELC-0006,2022,9,49
SC-ELC-0006,2022,10,81
SC-ELC-0006,2022,11,63
SC-ELC-0006,2022,12,45
SC-ELC-0006,2023,1,17
SC-ELC-0006,2023,2,71
SC-ELC-0006,2023,3,113
SC-ELC-0006,2023,4,47
SC-ELC-0006,2023,5,78
SC-ELC-0006,2023,6,64
SC-ELC-0006,2023,7,8
SC-ELC-0006,2023,8,106
SC-ELC-0006,2023,9,43
SC-ELC-0006,2023,10,139
SC-ELC-0006,2023,11,59
SC-ELC-0006,2023,12,71
SC-ELC-0006,2024,1,50
SC-ELC-0006,2024,2,81
SC-ELC-0006,2024,3,41
SC-ELC-0006,2024,4,118
SC-ELC-0006,2024,5,84
SC-ELC-0006,2024,6,53
SC-ELC-0006,2024,7,70
SC-ELC-0006,2024,8,117
SC-ELC-0006,2024,9,0
SC-ELC-0006,2024,10,85
SC-ELC-0006,2024,11,113
SC-ELC-0006,2024,12,108
SC-ELC-0007,2020,1,1570
SC-ELC-0007,2020,2,1494
SC-ELC-0007,2020,3,1891
SC-ELC-0007,2020,4,2589
SC-ELC-0007,2020,5,2045
SC-ELC-0007,2020,6,1814
SC-ELC-0007,2020,7,2163
SC-ELC-0007,2020,8,1802
SC-ELC-0007,2020,9,1453
SC-ELC-0007,2020,10,1125
SC-ELC-0007,2020,11,1631
SC-ELC-0007,2020,12,1647
SC-ELC-0007,2021,1,1765
SC-ELC-0007,2021,2,1651
SC-ELC-0007,2021,3,1771
SC-ELC-0007,2021,4,1940
SC-ELC-0007,2021,5,1463
SC-ELC-0007,2021,6,2606
SC-ELC-0007,2021,7,2335
SC-ELC-0007,2021,8,1678
SC-ELC-0007,2021,9,1654
SC-ELC-0007,2021,10,2063
SC-ELC-0007,2021,11,1687
SC-ELC-0007,2021,12,2106
SC-ELC-0007,2022,1,2305
SC-ELC-0007,2022,2,2170
SC-ELC-0007,2022,3,1924
SC-ELC-0007,2022,4,2512
SC-ELC-0007,2022,5,1794
SC-ELC-0007,2022,6,1732
SC-ELC-0007,2022,7,1645
SC-ELC-0007,2022,8,2197
SC-ELC-0007,2022,9,2285
SC-ELC-0007,2022,10,1637
SC-ELC-0007,2022,11,2036
SC-ELC-0007,2022,12,1640
SC-ELC-0007,2023,1,1836
SC-ELC-0007,2023,2,2371
SC-ELC-0007,2023,3,1791
SC-ELC-0007,2023,4,2225
SC-ELC-0007,2023,5,2655
SC-ELC-0007,2023,6,2274
SC-ELC-0007,2023,7,2385
SC-ELC-0007,2023,8,2029
SC-ELC-0007,2023,9,2556
SC-ELC-0007,2023,10,2306
SC-ELC-0007,2023,11,2188
SC-ELC-0007,2023,12,2178
SC-ELC-0007,2024,1,2741
SC-ELC-0007,2024,2,2467
SC-ELC-0007,2024,3,2978
SC-ELC-0007,2024,4,3099
SC-ELC-0007,2024,5,2321
SC-ELC-0007,2024,6,2267
SC-ELC-0007,2024,7,2500
SC-ELC-0007,2024,8,3025
SC-ELC-0007,2024,9,2105
SC-ELC-0007,2024,10,2263
SC-ELC-0007,2024,11,1934
SC-ELC-0007,2024,12,3966
SC-BRK-0011,2020,1,21
SC-BRK-0011,2020,2,22
SC-BRK-0011,2020,3,45
SC-BRK-0011,2020,4,3
SC-BRK-0011,2020,5,25
SC-BRK-0011,2020,6,30
SC-BRK-0011,2020,7,0
SC-BRK-0011,2020,8,26
SC-BRK-0011,2020,9,25
SC-BRK-0011,2020,10,42
SC-BRK-0011,2020,11,78
SC-BRK-0011,2020,12,33
SC-BRK-0011,2021,1,53
SC-BRK-0011,2021,2,0
SC-BRK-0011,2021,3,88
SC-BRK-0011,2021,4,98
SC-BRK-0011,2021,5,60
SC-BRK-0011,2021,6,40
SC-BRK-0011,2021,7,41
SC-BRK-0011,2021,8,73
SC-BRK-0011,2021,9,28
SC-BRK-0011,2021,10,34
SC-BRK-0011,2021,11,35
SC-BRK-0011,2021,12,44
SC-BRK-0011,2022,1,24
SC-BRK-0011,2022,2,24
SC-BRK-0011,2022,3,37
SC-BRK-0011,2022,4,26
SC-BRK-0011,2022,5,53
SC-BRK-0011,2022,6,19
SC-BRK-0011,2022,7,13
SC-BRK-0011,2022,8,4
SC-BRK-0011,2022,9,36
SC-BRK-0011,2022,10,30
SC-BRK-0011,2022,11,22
SC-BRK-0011,2022,12,40
SC-BRK-0011,2023,1,6
SC-BRK-0011,2023,2,43
SC-BRK-0011,2023,3,25
SC-BRK-0011,2023,4,44
SC-BRK-0011,2023,5,105
SC-BRK-0011,2023,6,19
SC-BRK-0011,2023,7,4
SC-BRK-0011,2023,8,0
SC-BRK-0011,2023,9,47
SC-BRK-0011,2023,10,16
SC-BRK-0011,2023,11,0
SC-BRK-0011,2023,12,41
SC-BRK-0011,2024,1,21
SC-BRK-0011,2024,2,30
SC-BRK-0011,2024,3,65
SC-BRK-0011,2024,4,41
SC-BRK-0011,2024,5,53
SC-BRK-0011,2024,6,7
SC-BRK-0011,2024,7,42
SC-BRK-0011,2024,8,63
SC-BRK-0011,2024,9,22
SC-BRK-0011,2024,10,79
SC-BRK-0011,2024,11,39
SC-BRK-0011,2024,12,18
SC-TRN-0013,2020,1,7
SC-TRN-0013,2020,2,5
SC-TRN-0013,2020,3,60
SC-TRN-0013,2020,4,97
SC-TRN-0013,2020,5,103
SC-TRN-0013,2020,6,58
SC-TRN-0013,2020,7,53
SC-TRN-0013,2020,8,73
SC-TRN-0013,2020,9,121
SC-TRN-0013,2020,10,29
SC-TRN-0013,2020,11,115
SC-TRN-0013,2020,12,96
SC-TRN-0013,2021,1,70
SC-TRN-0013,2021,2,83
SC-TRN-0013,2021,3,77
SC-TRN-0013,2021,4,139
SC-TRN-0013,2021,5,174
SC-TRN-0013,2021,6,88
SC-TRN-0013,2021,7,53
SC-TRN-0013,2021,8,77
SC-TRN-0013,2021,9,57
SC-TRN-0013,2021,10,32
SC-TRN-0013,2021,11,26
SC-TRN-0013,2021,12,48
SC-TRN-0013,2022,1,241
SC-TRN-0013,2022,2,15
SC-TRN-0013,2022,3,64
SC-TRN-0013,2022,4,54
SC-TRN-0013,2022,5,114
SC-TRN-0013,2022,6,126
SC-TRN-0013,2022,7,210
SC-TRN-0013,2022,8,129
SC-TRN-0013,2022,9,131
SC-TRN-0013,2022,10,156
SC-TRN-0013,2022,11,59
SC-TRN-0013,2022,12,185
SC-TRN-0013,2023,1,106
SC-TRN-0013,2023,2,123
SC-TRN-0013,2023,3,112
SC-TRN-0013,2023,4,76
SC-TRN-0013,2023,5,97
SC-TRN-0013,2023,6,126
SC-TRN-0013,2023,7,106
SC-TRN-0013,2023,8,172
SC-TRN-0013,2023,9,140
SC-TRN-0013,2023,10,73
SC-TRN-0013,2023,11,150
SC-TRN-0013,2023,12,26
SC-TRN-0013,2024,1,2
SC-TRN-0013,2024,2,30
SC-TRN-0013,2024,3,180
SC-TRN-0013,2024,4,134
SC-TRN-0013,2024,5,126
SC-TRN-0013,2024,6,101
SC-TRN-0013,2024,7,13
SC-TRN-0013,2024,8,245
SC-TRN-0013,2024,9,0
SC-TRN-0013,2024,10,125
SC-TRN-0013,2024,11,133
SC-TRN-0013,2024,12,114
SC-CLG-0006,2020,1,21
SC-CLG-0006,2020,2,23
SC-CLG-0006,2020,3,16
SC-CLG-0006,2020,4,15
SC-CLG-0006,2020,5,33
SC-CLG-0006,2020,6,22
SC-CLG-0006,2020,7,44
SC-CLG-0006,2020,8,24
SC-CLG-0006,2020,9,10
SC-CLG-0006,2020,10,22
SC-CLG-0006,2020,11,36
SC-CLG-0006,2020,12,76
SC-CLG-0006,2021,1,30
SC-CLG-0006,2021,2,29
SC-CLG-0006,2021,3,47
SC-CLG-0006,2021,4,38
SC-CLG-0006,2021,5,3
SC-CLG-0006,2021,6,25
SC-CLG-0006,2021,7,24
SC-CLG-0006,2021,8,9
SC-CLG-0006,2021,9,19
SC-CLG-0006,2021,10,15
SC-CLG-0006,2021,11,20
SC-CLG-0006,2021,12,40
SC-CLG-0006,2022,1,31
SC-CLG-0006,2022,2,30
SC-CLG-0006,2022,3,37
SC-CLG-0006,2022,4,27
SC-CLG-0006,2022,5,19
SC-CLG-0006,2022,6,50
SC-CLG-0006,2022,7,0
SC-CLG-0006,2022,8,41
SC-CLG-0006,2022,9,77
SC-CLG-0006,2022,10,28
SC-CLG-0006,2022,11,46
SC-CLG-0006,2022,12,40
SC-CLG-0006,2023,1,62
SC-CLG-0006,2023,2,79
SC-CLG-0006,2023,3,0
SC-CLG-0006,2023,4,91
SC-CLG-0006,2023,5,76
SC-CLG-0006,2023,6,42
SC-CLG-0006,2023,7,68
SC-CLG-0006,2023,8,9
SC-CLG-0006,2023,9,26
SC-CLG-0006,2023,10,16
SC-CLG-0006,2023,11,28
SC-CLG-0006,2023,12,40
SC-CLG-0006,2024,1,30
SC-CLG-0006,2024,2,25
SC-CLG-0006,2024,3,39
SC-CLG-0006,2024,4,29
SC-CLG-0006,2024,5,33
SC-CLG-0006,2024,6,54
SC-CLG-0006,2024,7,40
SC-CLG-0006,2024,8,22
SC-CLG-0006,2024,9,53
SC-CLG-0006,2024,10,33
SC-CLG-0006,2024,11,112
SC-CLG-0006,2024,12,73
SC-ELC-0008,2020,1,116
SC-ELC-0008,2020,2,352
SC-ELC-0008,2020,3,353
SC-ELC-0008,2020,4,129
SC-ELC-0008,2020,5,300
SC-ELC-0008,2020,6,163
SC-ELC-0008,2020,7,321
SC-ELC-0008,2020,8,305
SC-ELC-0008,2020,9,361
SC-ELC-0008,2020,10,393
SC-ELC-0008,2020,11,436
SC-ELC-0008,2020,12,499
SC-ELC-0008,2021,1,216
SC-ELC-0008,2021,2,232
SC-ELC-0008,2021,3,309
SC-ELC-0008,2021,4,314
SC-ELC-0008,2021,5,244
SC-ELC-0008,2021,6,321
SC-ELC-0008,2021,7,208
SC-ELC-0008,2021,8,161
SC-ELC-0008,2021,9,203
SC-ELC-0008,2021,10,375
SC-ELC-0008,2021,11,169
SC-ELC-0008,2021,12,174
SC-ELC-0008,2022,1,301
SC-ELC-0008,2022,2,332
SC-ELC-0008,2022,3,235
SC-ELC-0008,2022,4,286
SC-ELC-0008,2022,5,271
SC-ELC-0008,2022,6,285
SC-ELC-0008,2022,7,361
SC-ELC-0008,2022,8,212
SC-ELC-0008,2022,9,324
SC-ELC-0008,2022,10,283
SC-ELC-0008,2022,11,308
SC-ELC-0008,2022,12,415
SC-ELC-0008,2023,1,444
SC-ELC-0008,2023,2,214
SC-ELC-0008,2023,3,155
SC-ELC-0008,2023,4,149
SC-ELC-0008,2023,5,148
SC-ELC-0008,2023,6,211
SC-ELC-0008,2023,7,248
SC-ELC-0008,2023,8,285
SC-ELC-0008,2023,9,229
SC-ELC-0008,2023,10,250
SC-ELC-0008,2023,11,380
SC-ELC-0008,2023,12,302
SC-ELC-0008,2024,1,398
SC-ELC-0008,2024,2,299
SC-ELC-0008,2024,3,393
SC-ELC-0008,2024,4,243
SC-ELC-0008,2024,5,433
SC-ELC-0008,2024,6,314
SC-ELC-0008,2024,7,225
SC-ELC-0008,2024,8,250
SC-ELC-0008,2024,9,304
SC-ELC-0008,2024,10,243
SC-ELC-0008,2024,11,302
SC-ELC-0008,2024,12,317
SC-FUE-0011,2020,1,489
SC-FUE-0011,2020,2,251
SC-FUE-0011,2020,3,479
SC-FUE-0011,2020,4,700
SC-FUE-0011,2020,5,752
SC-FUE-0011,2020,6,588
SC-FUE-0011,2020,7,674
SC-FUE-0011,2020,8,851
SC-FUE-0011,2020,9,1103
SC-FUE-0011,2020,10,1028
SC-FUE-0011,2020,11,975
SC-FUE-0011,2020,12,684
SC-FUE-0011,2021,1,715
SC-FUE-0011,2021,2,450
SC-FUE-0011,2021,3,872
SC-FUE-0011,2021,4,541
SC-FUE-0011,2021,5,1104
SC-FUE-0011,2021,6,526
SC-FUE-0011,2021,7,850
SC-FUE-0011,2021,8,342
SC-FUE-0011,2021,9,668
SC-FUE-0011,2021,10,446
SC-FUE-0011,2021,11,1192
SC-FUE-0011,2021,12,880
SC-FUE-0011,2022,1,594
SC-FUE-0011,2022,2,713
SC-FUE-0011,2022,3,896
SC-FUE-0011,2022,4,945
SC-FUE-0011,2022,5,1216
SC-FUE-0011,2022,6,1039
SC-FUE-0011,2022,7,340
SC-FUE-0011,2022,8,1329
SC-FUE-0011,2022,9,631
SC-FUE-0011,2022,10,1052
SC-FUE-0011,2022,11,1080
SC-FUE-0011,2022,12,818
SC-FUE-0011,2023,1,649
SC-FUE-0011,2023,2,971
SC-FUE-0011,2023,3,718
SC-FUE-0011,2023,4,1067
SC-FUE-0011,2023,5,843
SC-FUE-0011,2023,6,858
SC-FUE-0011,2023,7,942
SC-FUE-0011,2023,8,579
SC-FUE-0011,2023,9,512
SC-FUE-0011,2023,10,1002
SC-FUE-0011,2023,11,721
SC-FUE-0011,2023,12,760
SC-FUE-0011,2024,1,944
SC-FUE-0011,2024,2,534
SC-FUE-0011,2024,3,1229
SC-FUE-0011,2024,4,673
SC-FUE-0011,2024,5,807
SC-FUE-0011,2024,6,426
SC-FUE-0011,2024,7,786
SC-FUE-0011,2024,8,787
SC-FUE-0011,2024,9,987
SC-FUE-0011,2024,10,733
SC-FUE-0011,2024,11,894
SC-FUE-0011,2024,12,872
SC-ELC-0009,2020,1,1785
SC-ELC-0009,2020,2,2352
SC-ELC-0009,2020,3,1492
SC-ELC-0009,2020,4,1726
SC-ELC-0009,2020,5,1616
SC-ELC-0009,2020,6,2136
SC-ELC-0009,2020,7,1758
SC-ELC-0009,2020,8,2386
SC-ELC-0009,2020,9,2235
SC-ELC-0009,2020,10,2305
SC-ELC-0009,2020,11,3108
SC-ELC-0009,2020,12,2165
SC-ELC-0009,2021,1,2825
SC-ELC-0009,2021,2,2177
SC-ELC-0009,2021,3,1893
SC-ELC-0009,2021,4,2016
SC-ELC-0009,2021,5,3760
SC-ELC-0009,2021,6,2075
SC-ELC-0009,2021,7,2822
SC-ELC-0009,2021,8,2814
SC-ELC-0009,2021,9,2103
SC-ELC-0009,2021,10,2426
SC-ELC-0009,2021,11,2276
SC-ELC-0009,2021,12,1838
SC-ELC-0009,2022,1,3357
SC-ELC-0009,2022,2,2703
SC-ELC-0009,2022,3,2476
SC-ELC-0009,2022,4,2281
SC-ELC-0009,2022,5,2665
SC-ELC-0009,2022,6,2843
SC-ELC-0009,2022,7,3231
SC-ELC-0009,2022,8,2635
SC-ELC-0009,2022,9,2120
SC-ELC-0009,2022,10,2438
SC-ELC-0009,2022,11,2008
SC-ELC-0009,2022,12,2712
SC-ELC-0009,2023,1,3283
SC-ELC-0009,2023,2,2545
SC-ELC-0009,2023,3,1976
SC-ELC-0009,2023,4,2081
SC-ELC-0009,2023,5,2630
SC-ELC-0009,2023,6,2179
SC-ELC-0009,2023,7,1721
SC-ELC-0009,2023,8,2112
SC-ELC-0009,2023,9,2445
SC-ELC-0009,2023,10,1812
SC-ELC-0009,2023,11,2169
SC-ELC-0009,2023,12,3148
SC-ELC-0009,2024,1,2371
SC-ELC-0009,2024,2,1656
SC-ELC-0009,2024,3,3230
SC-ELC-0009,2024,4,3080
SC-ELC-0009,2024,5,3062
SC-ELC-0009,2024,6,2305
SC-ELC-0009,2024,7,2279
SC-ELC-0009,2024,8,2301
SC-ELC-0009,2024,9,3045
SC-ELC-0009,2024,10,2514
SC-ELC-0009,2024,11,2422
SC-ELC-0009,2024,12,2140
SC-TRN-0014,2020,1,1093
SC-TRN-0014,2020,2,1692
SC-TRN-0014,2020,3,1885
SC-TRN-0014,2020,4,1259
SC-TRN-0014,2020,5,1403
SC-TRN-0014,2020,6,1776
SC-TRN-0014,2020,7,1832
SC-TRN-0014,2020,8,1730
SC-TRN-0014,2020,9,1122
SC-TRN-0014,2020,10,1546
SC-TRN-0014,2020,11,1489
SC-TRN-0014,2020,12,1733
SC-TRN-0014,2021,1,2632
SC-TRN-0014,2021,2,1631
SC-TRN-0014,2021,3,1827
SC-TRN-0014,2021,4,1945
SC-TRN-0014,2021,5,1390
SC-TRN-0014,2021,6,2582
SC-TRN-0014,2021,7,1969
SC-TRN-0014,2021,8,2099
SC-TRN-0014,2021,9,1526
SC-TRN-0014,2021,10,1722
SC-TRN-0014,2021,11,1642
SC-TRN-0014,2021,12,1728
SC-TRN-0014,2022,1,2431
SC-TRN-0014,2022,2,1498
SC-TRN-0014,2022,3,1618
SC-TRN-0014,2022,4,2123
SC-TRN-0014,2022,5,1472
SC-TRN-0014,2022,6,1687
SC-TRN-0014,2022,7,1540
SC-TRN-0014,2022,8,1482
SC-TRN-0014,2022,9,1612
SC-TRN-0014,2022,10,1632
SC-TRN-0014,2022,11,1869
SC-TRN-0014,2022,12,2634
SC-TRN-0014,2023,1,2948
SC-TRN-0014,2023,2,2172
SC-TRN-0014,2023,3,1984
SC-TRN-0014,2023,4,2165
SC-TRN-0014,2023,5,2914
SC-TRN-0014,2023,6,2406
SC-TRN-0014,2023,7,1927
SC-TRN-0014,2023,8,1880
SC-TRN-0014,2023,9,1553
SC-TRN-0014,2023,10,1303
SC-TRN-0014,2023,11,2538
SC-TRN-0014,2023,12,1887
SC-TRN-0014,2024,1,3075
SC-TRN-0014,2024,2,2777
SC-TRN-0014,2024,3,2416
SC-TRN-0014,2024,4,3258
SC-TRN-0014,2024,5,1751
SC-TRN-0014,2024,6,3145
SC-TRN-0014,2024,7,1353
SC-TRN-0014,2024,8,1203
SC-TRN-0014,2024,9,2074
SC-TRN-0014,2024,10,2326
SC-TRN-0014,2024,11,1824
SC-TRN-0014,2024,12,2469
SC-FUE-0012,2020,1,2
SC-FUE-0012,2020,2,1
SC-FUE-0012,2020,3,1
SC-FUE-0012,2020,4,3
SC-FUE-0012,2020,5,2
SC-FUE-0012,2020,6,1
SC-FUE-0012,2020,7,0
SC-FUE-0012,2020,8,3
SC-FUE-0012,2020,9,0
SC-FUE-0012,2020,10,0
SC-FUE-0012,2020,11,3
SC-FUE-0012,2020,12,2
SC-FUE-0012,2021,1,0
SC-FUE-0012,2021,2,4
SC-FUE-0012,2021,3,7
SC-FUE-0012,2021,4,3
SC-FUE-0012,2021,5,5
SC-FUE-0012,2021,6,2
SC-FUE-0012,2021,7,5
SC-FUE-0012,2021,8,4
SC-FUE-0012,2021,9,7
SC-FUE-0012,2021,10,0
SC-FUE-0012,2021,11,16
SC-FUE-0012,2021,12,5
SC-FUE-0012,2022,1,2
SC-FUE-0012,2022,2,1
SC-FUE-0012,2022,3,3
SC-FUE-0012,2022,4,5
SC-FUE-0012,2022,5,7
SC-FUE-0012,2022,6,2
SC-FUE-0012,2022,7,7
SC-FUE-0012,2022,8,11
SC-FUE-0012,2022,9,0
SC-FUE-0012,2022,10,17
SC-FUE-0012,2022,11,22
SC-FUE-0012,2022,12,5
SC-FUE-0012,2023,1,2
SC-FUE-0012,2023,2,14
SC-FUE-0012,2023,3,17
SC-FUE-0012,2023,4,4
SC-FUE-0012,2023,5,9
SC-FUE-0012,2023,6,8
SC-FUE-0012,2023,7,16
SC-FUE-0012,2023,8,10
SC-FUE-0012,2023,9,6
SC-FUE-0012,2023,10,0
SC-FUE-0012,2023,11,12
SC-FUE-0012,2023,12,4
SC-FUE-0012,2024,1,17
SC-FUE-0012,2024,2,8
SC-FUE-0012,2024,3,5
SC-FUE-0012,2024,4,2
SC-FUE-0012,2024,5,7
SC-FUE-0012,2024,6,5
SC-FUE-0012,2024,7,3
SC-FUE-0012,2024,8,7
SC-FUE-0012,2024,9,5
SC-FUE-0012,2024,10,3
SC-FUE-0012,2024,11,5
SC-FUE-0012,2024,12,6
SC-FUE-0013,2020,1,11
SC-FUE-0013,2020,2,0
SC-FUE-0013,2020,3,14
SC-FUE-0013,2020,4,0
SC-FUE-0013,2020,5,0
SC-FUE-0013,2020,6,17
SC-FUE-0013,2020,7,15
SC-FUE-0013,2020,8,23
SC-FUE-0013,2020,9,18
SC-FUE-0013,2020,10,17
SC-FUE-0013,2020,11,8
SC-FUE-0013,2020,12,15
SC-FUE-0013,2021,1,11
SC-FUE-0013,2021,2,11
SC-FUE-0013,2021,3,40
SC-FUE-0013,2021,4,38
SC-FUE-0013,2021,5,17
SC-FUE-0013,2021,6,23
SC-FUE-0013,2021,7,49
SC-FUE-0013,2021,8,39
SC-FUE-0013,2021,9,23
SC-FUE-0013,2021,10,16
SC-FUE-0013,2021,11,0
SC-FUE-0013,2021,12,40
SC-FUE-0013,2022,1,37
SC-FUE-0013,2022,2,23
SC-FUE-0013,2022,3,0
SC-FUE-0013,2022,4,29
SC-FUE-0013,2022,5,32
SC-FUE-0013,2022,6,6
SC-FUE-0013,2022,7,14
SC-FUE-0013,2022,8,11
SC-FUE-0013,2022,9,22
SC-FUE-0013,2022,10,2
SC-FUE-0013,2022,11,3
SC-FUE-0013,2022,12,12
SC-FUE-0013,2023,1,13
SC-FUE-0013,2023,2,0
SC-FUE-0013,2023,3,0
SC-FUE-0013,2023,4,20
SC-FUE-0013,2023,5,14
SC-FUE-0013,2023,6,38
SC-FUE-0013,2023,7,43
SC-FUE-0013,2023,8,32
SC-FUE-0013,2023,9,1
SC-FUE-0013,2023,10,29
SC-FUE-0013,2023,11,30
SC-FUE-0013,2023,12,86
SC-FUE-0013,2024,1,56
SC-FUE-0013,2024,2,35
SC-FUE-0013,2024,3,39
SC-FUE-0013,2024,4,60
SC-FUE-0013,2024,5,29
SC-FUE-0013,2024,6,0
SC-FUE-0013,2024,7,22
SC-FUE-0013,2024,8,12
SC-FUE-0013,2024,9,0
SC-FUE-0013,2024,10,19
SC-FUE-0013,2024,11,17
SC-FUE-0013,2024,12,14
SC-SUS-0020,2020,1,1397
SC-SUS-0020,2020,2,1463
SC-SUS-0020,2020,3,1169
SC-SUS-0020,2020,4,1414
SC-SUS-0020,2020,5,1217
SC-SUS-0020,2020,6,1253
SC-SUS-0020,2020,7,1792
SC-SUS-0020,2020,8,2600
SC-SUS-0020,2020,9,1635
SC-SUS-0020,2020,10,1410
SC-SUS-0020,2020,11,1325
SC-SUS-0020,2020,12,1479
SC-SUS-0020,2021,1,2065
SC-SUS-0020,2021,2,1693
SC-SUS-0020,2021,3,1531
SC-SUS-0020,2021,4,1628
SC-SUS-0020,2021,5,1945
SC-SUS-0020,2021,6,1730
SC-SUS-0020,2021,7,2301
SC-SUS-0020,2021,8,2905
SC-SUS-0020,2021,9,1447
SC-SUS-0020,2021,10,1452
SC-SUS-0020,2021,11,1962
SC-SUS-0020,2021,12,1668
SC-SUS-0020,2022,1,1681
SC-SUS-0020,2022,2,2205
SC-SUS-0020,2022,3,2211
SC-SUS-0020,2022,4,1310
SC-SUS-0020,2022,5,1741
SC-SUS-0020,2022,6,1663
SC-SUS-0020,2022,7,2338
SC-SUS-0020,2022,8,2555
SC-SUS-0020,2022,9,1392
SC-SUS-0020,2022,10,1296
SC-SUS-0020,2022,11,1884
SC-SUS-0020,2022,12,1228
SC-SUS-0020,2023,1,2134
SC-SUS-0020,2023,2,2641
SC-SUS-0020,2023,3,2189
SC-SUS-0020,2023,4,2277
SC-SUS-0020,2023,5,2660
SC-SUS-0020,2023,6,2583
SC-SUS-0020,2023,7,2263
SC-SUS-0020,2023,8,2140
SC-SUS-0020,2023,9,2962
SC-SUS-0020,2023,10,2605
SC-SUS-0020,2023,11,2679
SC-SUS-0020,2023,12,2234
SC-SUS-0020,2024,1,1927
SC-SUS-0020,2024,2,1251
SC-SUS-0020,2024,3,1395
SC-SUS-0020,2024,4,2091
SC-SUS-0020,2024,5,2069
SC-SUS-0020,2024,6,2313
SC-SUS-0020,2024,7,2230
SC-SUS-0020,2024,8,3004
SC-SUS-0020,2024,9,2666
SC-SUS-0020,2024,10,2482
SC-SUS-0020,2024,11,1845
SC-SUS-0020,2024,12,2473
SC-FUE-0014,2020,1,10
SC-FUE-0014,2020,2,9
SC-FUE-0014,2020,3,7
SC-FUE-0014,2020,4,36
SC-FUE-0014,2020,5,26
SC-FUE-0014,2020,6,8
SC-FUE-0014,2020,7,33
SC-FUE-0014,2020,8,12
SC-FUE-0014,2020,9,31
SC-FUE-0014,2020,10,24
SC-FUE-0014,2020,11,6
SC-FUE-0014,2020,12,2
SC-FUE-0014,2021,1,26
SC-FUE-0014,2021,2,27
SC-FUE-0014,2021,3,45
SC-FUE-0014,2021,4,55
SC-FUE-0014,2021,5,22
SC-FUE-0014,2021,6,36
SC-FUE-0014,2021,7,41
SC-FUE-0014,2021,8,50
SC-FUE-0014,2021,9,47
SC-FUE-0014,2021,10,81
SC-FUE-0014,2021,11,44
SC-FUE-0014,2021,12,26
SC-FUE-0014,2022,1,45
SC-FUE-0014,2022,2,37
SC-FUE-0014,2022,3,41
SC-FUE-0014,2022,4,23
SC-FUE-0014,2022,5,27
SC-FUE-0014,2022,6,2
SC-FUE-0014,2022,7,26
SC-FUE-0014,2022,8,22
SC-FUE-0014,2022,9,14
SC-FUE-0014,2022,10,29
SC-FUE-0014,2022,11,12
SC-FUE-0014,2022,12,0
SC-FUE-0014,2023,1,8
SC-FUE-0014,2023,2,47
SC-FUE-0014,2023,3,48
SC-FUE-0014,2023,4,23
SC-FUE-0014,2023,5,52
SC-FUE-0014,2023,6,20
SC-FUE-0014,2023,7,58
SC-FUE-0014,2023,8,16
SC-FUE-0014,2023,9,23
SC-FUE-0014,2023,10,27
SC-FUE-0014,2023,11,70
SC-FUE-0014,2023,12,63
SC-FUE-0014,2024,1,26
SC-FUE-0014,2024,2,39
SC-FUE-0014,2024,3,24
SC-FUE-0014,2024,4,8
SC-FUE-0014,2024,5,57
SC-FUE-0014,2024,6,0
SC-FUE-0014,2024,7,15
SC-FUE-0014,2024,8,49
SC-FUE-0014,2024,9,13
SC-FUE-0014,2024,10,23
SC-FUE-0014,2024,11,42
SC-FUE-0014,2024,12,21
SC-ELC-0010,2020,1,443
SC-ELC-0010,2020,2,530
SC-ELC-0010,2020,3,610
SC-ELC-0010,2020,4,616
SC-ELC-0010,2020,5,755
SC-ELC-0010,2020,6,746
SC-ELC-0010,2020,7,809
SC-ELC-0010,2020,8,1075
SC-ELC-0010,2020,9,874
SC-ELC-0010,2020,10,844
SC-ELC-0010,2020,11,817
SC-ELC-0010,2020,12,668
SC-ELC-0010,2021,1,1047
SC-ELC-0010,2021,2,1107
SC-ELC-0010,2021,3,735
SC-ELC-0010,2021,4,659
SC-ELC-0010,2021,5,485
SC-ELC-0010,2021,6,719
SC-ELC-0010,2021,7,764
SC-ELC-0010,2021,8,1067
SC-ELC-0010,2021,9,932
SC-ELC-0010,2021,10,1018
SC-ELC-0010,2021,11,1230
SC-ELC-0010,2021,12,926
SC-ELC-0010,2022,1,967
SC-ELC-0010,2022,2,1136
SC-ELC-0010,2022,3,928
SC-ELC-0010,2022,4,1034
SC-ELC-0010,2022,5,750
SC-ELC-0010,2022,6,1100
SC-ELC-0010,2022,7,868
SC-ELC-0010,2022,8,1219
SC-ELC-0010,2022,9,1134
SC-ELC-0010,2022,10,1095
SC-ELC-0010,2022,11,1464
SC-ELC-0010,2022,12,1395
SC-ELC-0010,2023,1,1071
SC-ELC-0010,2023,2,1082
SC-ELC-0010,2023,3,617
SC-ELC-0010,2023,4,767
SC-ELC-0010,2023,5,857
SC-ELC-0010,2023,6,809
SC-ELC-0010,2023,7,913
SC-ELC-0010,2023,8,1101
SC-ELC-0010,2023,9,1037
SC-ELC-0010,2023,10,725
SC-ELC-0010,2023,11,1066
SC-ELC-0010,2023,12,1272
SC-ELC-0010,2024,1,1784
SC-ELC-0010,2024,2,899
SC-ELC-0010,2024,3,576
SC-ELC-0010,2024,4,1169
SC-ELC-0010,2024,5,1002
SC-ELC-0010,2024,6,1098
SC-ELC-0010,2024,7,1144
SC-ELC-0010,2024,8,1575
SC-ELC-0010,2024,9,1612
SC-ELC-0010,2024,10,1238
SC-ELC-0010,2024,11,1031
SC-ELC-0010,2024,12,1239
SC-ENG-0015,2020,1,0
SC-ENG-0015,2020,2,1
SC-ENG-0015,2020,3,0
SC-ENG-0015,2020,4,3
SC-ENG-0015,2020,5,0
SC-ENG-0015,2020,6,2
SC-ENG-0015,2020,7,1
SC-ENG-0015,2020,8,2
SC-ENG-0015,2020,9,2
SC-ENG-0015,2020,10,1
SC-ENG-0015,2020,11,0
SC-ENG-0015,2020,12,1
SC-ENG-0015,2021,1,1
SC-ENG-0015,2021,2,0
SC-ENG-0015,2021,3,6
SC-ENG-0015,2021,4,5
SC-ENG-0015,2021,5,2
SC-ENG-0015,2021,6,0
SC-ENG-0015,2021,7,5
SC-ENG-0015,2021,8,0
SC-ENG-0015,2021,9,2
SC-ENG-0015,2021,10,5
SC-ENG-0015,2021,11,0
SC-ENG-0015,2021,12,10
SC-ENG-0015,2022,1,8
SC-ENG-0015,2022,2,4
SC-ENG-0015,2022,3,5
SC-ENG-0015,2022,4,4
SC-ENG-0015,2022,5,5
SC-ENG-0015,2022,6,6
SC-ENG-0015,2022,7,3
SC-ENG-0015,2022,8,9
SC-ENG-0015,2022,9,4
SC-ENG-0015,2022,10,4
SC-ENG-0015,2022,11,1
SC-ENG-0015,2022,12,3
SC-ENG-0015,2023,1,0
SC-ENG-0015,2023,2,7
SC-ENG-0015,2023,3,6
SC-ENG-0015,2023,4,5
SC-ENG-0015,2023,5,10
SC-ENG-0015,2023,6,5
SC-ENG-0015,2023,7,4
SC-ENG-0015,2023,8,1
SC-ENG-0015,2023,9,5
SC-ENG-0015,2023,10,6
SC-ENG-0015,2023,11,5
SC-ENG-0015,2023,12,1
SC-ENG-0015,2024,1,8
SC-ENG-0015,2024,2,4
SC-ENG-0015,2024,3,6
SC-ENG-0015,2024,4,0
SC-ENG-0015,2024,5,4
SC-ENG-0015,2024,6,2
SC-ENG-0015,2024,7,2
SC-ENG-0015,2024,8,7
SC-ENG-0015,2024,9,9
SC-ENG-0015,2024,10,0
SC-ENG-0015,2024,11,5
SC-ENG-0015,2024,12,6
SC-FLT-0012,2020,1,45
SC-FLT-0012,2020,2,70
SC-FLT-0012,2020,3,58
SC-FLT-0012,2020,4,59
SC-FLT-0012,2020,5,34
SC-FLT-0012,2020,6,86
SC-FLT-0012,2020,7,85
SC-FLT-0012,2020,8,43
SC-FLT-0012,2020,9,76
SC-FLT-0012,2020,10,90
SC-FLT-0012,2020,11,106
SC-FLT-0012,2020,12,92
SC-FLT-0012,2021,1,60
SC-FLT-0012,2021,2,7
SC-FLT-0012,2021,3,20
SC-FLT-0012,2021,4,185
SC-FLT-0012,2021,5,94
SC-FLT-0012,2021,6,118
SC-FLT-0012,2021,7,46
SC-FLT-0012,2021,8,120
SC-FLT-0012,2021,9,232
SC-FLT-0012,2021,10,277
SC-FLT-0012,2021,11,98
SC-FLT-0012,2021,12,125
SC-FLT-0012,2022,1,177
SC-FLT-0012,2022,2,106
SC-FLT-0012,2022,3,0
SC-FLT-0012,2022,4,105
SC-FLT-0012,2022,5,75
SC-FLT-0012,2022,6,178
SC-FLT-0012,2022,7,111
SC-FLT-0012,2022,8,257
SC-FLT-0012,2022,9,119
SC-FLT-0012,2022,10,123
SC-FLT-0012,2022,11,0
SC-FLT-0012,2022,12,146
SC-FLT-0012,2023,1,93
SC-FLT-0012,2023,2,0
SC-FLT-0012,2023,3,131
SC-FLT-0012,2023,4,177
SC-FLT-0012,2023,5,18
SC-FLT-0012,2023,6,118
SC-FLT-0012,2023,7,69
SC-FLT-0012,2023,8,140
SC-FLT-0012,2023,9,26
SC-FLT-0012,2023,10,74
SC-FLT-0012,2023,11,163
SC-FLT-0012,2023,12,96
SC-FLT-0012,2024,1,63
SC-FLT-0012,2024,2,200
SC-FLT-0012,2024,3,64
SC-FLT-0012,2024,4,33
SC-FLT-0012,2024,5,100
SC-FLT-0012,2024,6,68
SC-FLT-0012,2024,7,138
SC-FLT-0012,2024,8,193
SC-FLT-0012,2024,9,229
SC-FLT-0012,2024,10,201
SC-FLT-0012,2024,11,214
SC-FLT-0012,2024,12,379
SC-ELC-0011,2020,1,1747
SC-ELC-0011,2020,2,1109
SC-ELC-0011,2020,3,1430
SC-ELC-0011,2020,4,1857
SC-ELC-0011,2020,5,1723
SC-ELC-0011,2020,6,1670
SC-ELC-0011,2020,7,1928
SC-ELC-0011,2020,8,2080
SC-ELC-0011,2020,9,2059
SC-ELC-0011,2020,10,1681
SC-ELC-0011,2020,11,1950
SC-ELC-0011,2020,12,1774
SC-ELC-0011,2021,1,2116
SC-ELC-0011,2021,2,2139
SC-ELC-0011,2021,3,1817
SC-ELC-0011,2021,4,2110
SC-ELC-0011,2021,5,2055
SC-ELC-0011,2021,6,1859
SC-ELC-0011,2021,7,2599
SC-ELC-0011,2021,8,2010
SC-ELC-0011,2021,9,2760
SC-ELC-0011,2021,10,2043
SC-ELC-0011,2021,11,1819
SC-ELC-0011,2021,12,2104
SC-ELC-0011,2022,1,3306
SC-ELC-0011,2022,2,2620
SC-ELC-0011,2022,3,1965
SC-ELC-0011,2022,4,3401
SC-ELC-0011,2022,5,2315
SC-ELC-0011,2022,6,2335
SC-ELC-0011,2022,7,2359
SC-ELC-0011,2022,8,1903
SC-ELC-0011,2022,9,1697
SC-ELC-0011,2022,10,2251
SC-ELC-0011,2022,11,2192
SC-ELC-0011,2022,12,2338
SC-ELC-0011,2023,1,2705
SC-ELC-0011,2023,2,2586
SC-ELC-0011,2023,3,2625
SC-ELC-0011,2023,4,3233
SC-ELC-0011,2023,5,2540
SC-ELC-0011,2023,6,1792
SC-ELC-0011,2023,7,2734
SC-ELC-0011,2023,8,2663
SC-ELC-0011,2023,9,2355
SC-ELC-0011,2023,10,2641
SC-ELC-0011,2023,11,1903
SC-ELC-0011,2023,12,2812
SC-ELC-0011,2024,1,2146
SC-ELC-0011,2024,2,2155
SC-ELC-0011,2024,3,2616
SC-ELC-0011,2024,4,2313
SC-ELC-0011,2024,5,3019
SC-ELC-0011,2024,6,2865
SC-ELC-0011,2024,7,1846
SC-ELC-0011,2024,8,1955
SC-ELC-0011,2024,9,2620
SC-ELC-0011,2024,10,2645
SC-ELC-0011,2024,11,2330
SC-ELC-0011,2024,12,2115
SC-SUS-0021,2020,1,281
SC-SUS-0021,2020,2,380
SC-SUS-0021,2020,3,388
SC-SUS-0021,2020,4,774
SC-SUS-0021,2020,5,443
SC-SUS-0021,2020,6,574
SC-SUS-0021,2020,7,588
SC-SUS-0021,2020,8,555
SC-SUS-0021,2020,9,354
SC-SUS-0021,2020,10,657
SC-SUS-0021,2020,11,738
SC-SUS-0021,2020,12,387
SC-SUS-0021,2021,1,531
SC-SUS-0021,2021,2,662
SC-SUS-0021,2021,3,576
SC-SUS-0021,2021,4,459
SC-SUS-0021,2021,5,627
SC-SUS-0021,2021,6,684
SC-SUS-0021,2021,7,625
SC-SUS-0021,2021,8,843
SC-SUS-0021,2021,9,581
SC-SUS-0021,2021,10,294
SC-SUS-0021,2021,11,958
SC-SUS-0021,2021,12,1076
SC-SUS-0021,2022,1,1235
SC-SUS-0021,2022,2,573
SC-SUS-0021,2022,3,608
SC-SUS-0021,2022,4,683
SC-SUS-0021,2022,5,479
SC-SUS-0021,2022,6,560
SC-SUS-0021,2022,7,537
SC-SUS-0021,2022,8,512
SC-SUS-0021,2022,9,574
SC-SUS-0021,2022,10,575
SC-SUS-0021,2022,11,295
SC-SUS-0021,2022,12,438
SC-SUS-0021,2023,1,825
SC-SUS-0021,2023,2,345
SC-SUS-0021,2023,3,609
SC-SUS-0021,2023,4,727
SC-SUS-0021,2023,5,655
SC-SUS-0021,2023,6,997
SC-SUS-0021,2023,7,653
SC-SUS-0021,2023,8,454
SC-SUS-0021,2023,9,497
SC-SUS-0021,2023,10,570
SC-SUS-0021,2023,11,832
SC-SUS-0021,2023,12,616
SC-SUS-0021,2024,1,1458
SC-SUS-0021,2024,2,1512
SC-SUS-0021,2024,3,660
SC-SUS-0021,2024,4,710
SC-SUS-0021,2024,5,583
SC-SUS-0021,2024,6,410
SC-SUS-0021,2024,7,691
SC-SUS-0021,2024,8,422
SC-SUS-0021,2024,9,331
SC-SUS-0021,2024,10,959
SC-SUS-0021,2024,11,624
SC-SUS-0021,2024,12,599
SC-TWA-0011,2020,1,31
SC-TWA-0011,2020,2,76
SC-TWA-0011,2020,3,54
SC-TWA-0011,2020,4,27
SC-TWA-0011,2020,5,112
SC-TWA-0011,2020,6,85
SC-TWA-0011,2020,7,123
SC-TWA-0011,2020,8,121
SC-TWA-0011,2020,9,152
SC-TWA-0011,2020,10,133
SC-TWA-0011,2020,11,114
SC-TWA-0011,2020,12,46
SC-TWA-0011,2021,1,112
SC-TWA-0011,2021,2,122
SC-TWA-0011,2021,3,111
SC-TWA-0011,2021,4,119
SC-TWA-0011,2021,5,143
SC-TWA-0011,2021,6,266
SC-TWA-0011,2021,7,89
SC-TWA-0011,2021,8,153
SC-TWA-0011,2021,9,108
SC-TWA-0011,2021,10,82
SC-TWA-0011,2021,11,61
SC-TWA-0011,2021,12,113
SC-TWA-0011,2022,1,95
SC-TWA-0011,2022,2,129
SC-TWA-0011,2022,3,111
SC-TWA-0011,2022,4,36
SC-TWA-0011,2022,5,45
SC-TWA-0011,2022,6,39
SC-TWA-0011,2022,7,46
SC-TWA-0011,2022,8,136
SC-TWA-0011,2022,9,147
SC-TWA-0011,2022,10,42
SC-TWA-0011,2022,11,39
SC-TWA-0011,2022,12,56
SC-TWA-0011,2023,1,121
SC-TWA-0011,2023,2,51
SC-TWA-0011,2023,3,108
SC-TWA-0011,2023,4,95
SC-TWA-0011,2023,5,96
SC-TWA-0011,2023,6,136
SC-TWA-0011,2023,7,120
SC-TWA-0011,2023,8,0
SC-TWA-0011,2023,9,67
SC-TWA-0011,2023,10,110
SC-TWA-0011,2023,11,80
SC-TWA-0011,2023,12,84
SC-TWA-0011,2024,1,72
SC-TWA-0011,2024,2,99
SC-TWA-0011,2024,3,0
SC-TWA-0011,2024,4,126
SC-TWA-0011,2024,5,37
SC-TWA-0011,2024,6,64
SC-TWA-0011,2024,7,155
SC-TWA-0011,2024,8,64
SC-TWA-0011,2024,9,81
SC-TWA-0011,2024,10,134
SC-TWA-0011,2024,11,205
SC-TWA-0011,2024,12,153
SC-TRN-0015,2020,1,1
SC-TRN-0015,2020,2,0
SC-TRN-0015,2020,3,4
SC-TRN-0015,2020,4,6
SC-TRN-0015,2020,5,0
SC-TRN-0015,2020,6,2
SC-TRN-0015,2020,7,10
SC-TRN-0015,2020,8,1
SC-TRN-0015,2020,9,24
SC-TRN-0015,2020,10,0
SC-TRN-0015,2020,11,20
SC-TRN-0015,2020,12,9
SC-TRN-0015,2021,1,9
SC-TRN-0015,2021,2,12
SC-TRN-0015,2021,3,23
SC-TRN-0015,2021,4,8
SC-TRN-0015,2021,5,16
SC-TRN-0015,2021,6,11
SC-TRN-0015,2021,7,16
SC-TRN-0015,2021,8,32
SC-TRN-0015,2021,9,5
SC-TRN-0015,2021,10,35
SC-TRN-0015,2021,11,27
SC-TRN-0015,2021,12,22
SC-TRN-0015,2022,1,6
SC-TRN-0015,2022,2,1
SC-TRN-0015,2022,3,5
SC-TRN-0015,2022,4,6
SC-TRN-0015,2022,5,11
SC-TRN-0015,2022,6,19
SC-TRN-0015,2022,7,25
SC-TRN-0015,2022,8,12
SC-TRN-0015,2022,9,11
SC-TRN-0015,2022,10,7
SC-TRN-0015,2022,11,7
SC-TRN-0015,2022,12,19
SC-TRN-0015,2023,1,11
SC-TRN-0015,2023,2,16
SC-TRN-0015,2023,3,28
SC-TRN-0015,2023,4,0
SC-TRN-0015,2023,5,23
SC-TRN-0015,2023,6,25
SC-TRN-0015,2023,7,22
SC-TRN-0015,2023,8,24
SC-TRN-0015,2023,9,16
SC-TRN-0015,2023,10,0
SC-TRN-0015,2023,11,4
SC-TRN-0015,2023,12,34
SC-TRN-0015,2024,1,15
SC-TRN-0015,2024,2,28
SC-TRN-0015,2024,3,22
SC-TRN-0015,2024,4,21
SC-TRN-0015,2024,5,16
SC-TRN-0015,2024,6,8
SC-TRN-0015,2024,7,12
SC-TRN-0015,2024,8,16
SC-TRN-0015,2024,9,16
SC-TRN-0015,2024,10,0
SC-TRN-0015,2024,11,23
SC-TRN-0015,2024,12,5
SC-BRK-0012,2020,1,442
SC-BRK-0012,2020,2,404
SC-BRK-0012,2020,3,525
SC-BRK-0012,2020,4,636
SC-BRK-0012,2020,5,833
SC-BRK-0012,2020,6,718
SC-BRK-0012,2020,7,1037
SC-BRK-0012,2020,8,246
SC-BRK-0012,2020,9,639
SC-BRK-0012,2020,10,503
SC-BRK-0012,2020,11,708
SC-BRK-0012,2020,12,1382
SC-BRK-0012,2021,1,736
SC-BRK-0012,2021,2,469
SC-BRK-0012,2021,3,818
SC-BRK-0012,2021,4,434
SC-BRK-0012,2021,5,283
SC-BRK-0012,2021,6,600
SC-BRK-0012,2021,7,630
SC-BRK-0012,2021,8,403
SC-BRK-0012,2021,9,659
SC-BRK-0012,2021,10,578
SC-BRK-0012,2021,11,716
SC-BRK-0012,2021,12,649
SC-BRK-0012,2022,1,347
SC-BRK-0012,2022,2,300
SC-BRK-0012,2022,3,520
SC-BRK-0012,2022,4,480
SC-BRK-0012,2022,5,630
SC-BRK-0012,2022,6,604
SC-BRK-0012,2022,7,632
SC-BRK-0012,2022,8,490
SC-BRK-0012,2022,9,511
SC-BRK-0012,2022,10,740
SC-BRK-0012,2022,11,659
SC-BRK-0012,2022,12,994
SC-BRK-0012,2023,1,450
SC-BRK-0012,2023,2,505
SC-BRK-0012,2023,3,442
SC-BRK-0012,2023,4,757
SC-BRK-0012,2023,5,658
SC-BRK-0012,2023,6,495
SC-BRK-0012,2023,7,428
SC-BRK-0012,2023,8,733
SC-BRK-0012,2023,9,740
SC-BRK-0012,2023,10,845
SC-BRK-0012,2023,11,497
SC-BRK-0012,2023,12,727
SC-BRK-0012,2024,1,874
SC-BRK-0012,2024,2,603
SC-BRK-0012,2024,3,255
SC-BRK-0012,2024,4,717
SC-BRK-0012,2024,5,512
SC-BRK-0012,2024,6,695
SC-BRK-0012,2024,7,704
SC-BRK-0012,2024,8,774
SC-BRK-0012,2024,9,1080
SC-BRK-0012,2024,10,1276
SC-BRK-0012,2024,11,758
SC-BRK-0012,2024,12,486
SC-HYD-0014,2020,1,1155
SC-HYD-0014,2020,2,1724
SC-HYD-0014,2020,3,1759
SC-HYD-0014,2020,4,2524
SC-HYD-0014,2020,5,2087
SC-HYD-0014,2020,6,2515
SC-HYD-0014,2020,7,2267
SC-HYD-0014,2020,8,1920
SC-HYD-0014,2020,9,1905
SC-HYD-0014,2020,10,1550
SC-HYD-0014,2020,11,2533
SC-HYD-0014,2020,12,2695
SC-HYD-0014,2021,1,2553
SC-HYD-0014,2021,2,2875
SC-HYD-0014,2021,3,2564
SC-HYD-0014,2021,4,2102
SC-HYD-0014,2021,5,3415
SC-HYD-0014,2021,6,2098
SC-HYD-0014,2021,7,2628
SC-HYD-0014,2021,8,1886
SC-HYD-0014,2021,9,2746
SC-HYD-0014,2021,10,2420
SC-HYD-0014,2021,11,2265
SC-HYD-0014,2021,12,2215
SC-HYD-0014,2022,1,2376
SC-HYD-0014,2022,2,2513
SC-HYD-0014,2022,3,2161
SC-HYD-0014,2022,4,2103
SC-HYD-0014,2022,5,2079
SC-HYD-0014,2022,6,2019
SC-HYD-0014,2022,7,3059
SC-HYD-0014,2022,8,3499
SC-HYD-0014,2022,9,3191
SC-HYD-0014,2022,10,1999
SC-HYD-0014,2022,11,3252
SC-HYD-0014,2022,12,4606
SC-HYD-0014,2023,1,3137
SC-HYD-0014,2023,2,2786
SC-HYD-0014,2023,3,2514
SC-HYD-0014,2023,4,2339
SC-HYD-0014,2023,5,2823
SC-HYD-0014,2023,6,4405
SC-HYD-0014,2023,7,4057
SC-HYD-0014,2023,8,3705
SC-HYD-0014,2023,9,3479
SC-HYD-0014,2023,10,2989
SC-HYD-0014,2023,11,2549
SC-HYD-0014,2023,12,2667
SC-HYD-0014,2024,1,3310
SC-HYD-0014,2024,2,2422
SC-HYD-0014,2024,3,3359
SC-HYD-0014,2024,4,2322
SC-HYD-0014,2024,5,3583
SC-HYD-0014,2024,6,3386
SC-HYD-0014,2024,7,3235
SC-HYD-0014,2024,8,3395
SC-HYD-0014,2024,9,2907
SC-HYD-0014,2024,10,3137
SC-HYD-0014,2024,11,2531
SC-HYD-0014,2024,12,2022
SC-TWA-0012,2020,1,1
SC-TWA-0012,2020,2,9
SC-TWA-0012,2020,3,8
SC-TWA-0012,2020,4,18
SC-TWA-0012,2020,5,0
SC-TWA-0012,2020,6,5
SC-TWA-0012,2020,7,9
SC-TWA-0012,2020,8,0
SC-TWA-0012,2020,9,8
SC-TWA-0012,2020,10,22
SC-TWA-0012,2020,11,21
SC-TWA-0012,2020,12,13
SC-TWA-0012,2021,1,9
SC-TWA-0012,2021,2,5
SC-TWA-0012,2021,3,12
SC-TWA-0012,2021,4,30
SC-TWA-0012,2021,5,16
SC-TWA-0012,2021,6,19
SC-TWA-0012,2021,7,16
SC-TWA-0012,2021,8,13
SC-TWA-0012,2021,9,12
SC-TWA-0012,2021,10,17
SC-TWA-0012,2021,11,26
SC-TWA-0012,2021,12,15
SC-TWA-0012,2022,1,0
SC-TWA-0012,2022,2,10
SC-TWA-0012,2022,3,14
SC-TWA-0012,2022,4,14
SC-TWA-0012,2022,5,0
SC-TWA-0012,2022,6,14
SC-TWA-0012,2022,7,45
SC-TWA-0012,2022,8,51
SC-TWA-0012,2022,9,0
SC-TWA-0012,2022,10,55
SC-TWA-0012,2022,11,32
SC-TWA-0012,2022,12,63
SC-TWA-0012,2023,1,59
SC-TWA-0012,2023,2,49
SC-TWA-0012,2023,3,56
SC-TWA-0012,2023,4,21
SC-TWA-0012,2023,5,13
SC-TWA-0012,2023,6,13
SC-TWA-0012,2023,7,18
SC-TWA-0012,2023,8,17
SC-TWA-0012,2023,9,31
SC-TWA-0012,2023,10,15
SC-TWA-0012,2023,11,30
SC-TWA-0012,2023,12,35
SC-TWA-0012,2024,1,15
SC-TWA-0012,2024,2,14
SC-TWA-0012,2024,3,27
SC-TWA-0012,2024,4,26
SC-TWA-0012,2024,5,44
SC-TWA-0012,2024,6,34
SC-TWA-0012,2024,7,26
SC-TWA-0012,2024,8,35
SC-TWA-0012,2024,9,41
SC-TWA-0012,2024,10,7
SC-TWA-0012,2024,11,57
SC-TWA-0012,2024,12,27
SC-TRN-0016,2020,1,110
SC-TRN-0016,2020,2,108
SC-TRN-0016,2020,3,27
SC-TRN-0016,2020,4,87
SC-TRN-0016,2020,5,104
SC-TRN-0016,2020,6,82
SC-TRN-0016,2020,7,98
SC-TRN-0016,2020,8,236
SC-TRN-0016,2020,9,135
SC-TRN-0016,2020,10,230
SC-TRN-0016,2020,11,214
SC-TRN-0016,2020,12,199
SC-TRN-0016,2021,1,220
SC-TRN-0016,2021,2,109
SC-TRN-0016,2021,3,157
SC-TRN-0016,2021,4,269
SC-TRN-0016,2021,5,246
SC-TRN-0016,2021,6,271
SC-TRN-0016,2021,7,264
SC-TRN-0016,2021,8,179
SC-TRN-0016,2021,9,63
SC-TRN-0016,2021,10,142
SC-TRN-0016,2021,11,188
SC-TRN-0016,2021,12,127
SC-TRN-0016,2022,1,226
SC-TRN-0016,2022,2,230
SC-TRN-0016,2022,3,199
SC-TRN-0016,2022,4,224
SC-TRN-0016,2022,5,143
SC-TRN-0016,2022,6,165
SC-TRN-0016,2022,7,243
SC-TRN-0016,2022,8,240
SC-TRN-0016,2022,9,165
SC-TRN-0016,2022,10,152
SC-TRN-0016,2022,11,179
SC-TRN-0016,2022,12,256
SC-TRN-0016,2023,1,48
SC-TRN-0016,2023,2,178
SC-TRN-0016,2023,3,192
SC-TRN-0016,2023,4,99
SC-TRN-0016,2023,5,141
SC-TRN-0016,2023,6,173
SC-TRN-0016,2023,7,152
SC-TRN-0016,2023,8,160
SC-TRN-0016,2023,9,239
SC-TRN-0016,2023,10,104
SC-TRN-0016,2023,11,149
SC-TRN-0016,2023,12,112
SC-TRN-0016,2024,1,158
SC-TRN-0016,2024,2,320
SC-TRN-0016,2024,3,123
SC-TRN-0016,2024,4,212
SC-TRN-0016,2024,5,171
SC-TRN-0016,2024,6,178
SC-TRN-0016,2024,7,175
SC-TRN-0016,2024,8,147
SC-TRN-0016,2024,9,230
SC-TRN-0016,2024,10,307
SC-TRN-0016,2024,11,165
SC-TRN-0016,2024,12,266
SC-FUE-0015,2020,1,1590
SC-FUE-0015,2020,2,1361
SC-FUE-0015,2020,3,1140
SC-FUE-0015,2020,4,1761
SC-FUE-0015,2020,5,2164
SC-FUE-0015,2020,6,1632
SC-FUE-0015,2020,7,1513
SC-FUE-0015,2020,8,1638
SC-FUE-0015,2020,9,1715
SC-FUE-0015,2020,10,1792
SC-FUE-0015,2020,11,1615
SC-FUE-0015,2020,12,1648
SC-FUE-0015,2021,1,1758
SC-FUE-0015,2021,2,2285
SC-FUE-0015,2021,3,1911
SC-FUE-0015,2021,4,1749
SC-FUE-0015,2021,5,1678
SC-FUE-0015,2021,6,2457
SC-FUE-0015,2021,7,2551
SC-FUE-0015,2021,8,2105
SC-FUE-0015,2021,9,2390
SC-FUE-0015,2021,10,1401
SC-FUE-0015,2021,11,1787
SC-FUE-0015,2021,12,2019
SC-FUE-0015,2022,1,2006
SC-FUE-0015,2022,2,2947
SC-FUE-0015,2022,3,2543
SC-FUE-0015,2022,4,2179
SC-FUE-0015,2022,5,2170
SC-FUE-0015,2022,6,2194
SC-FUE-0015,2022,7,2527
SC-FUE-0015,2022,8,2048
SC-FUE-0015,2022,9,2110
SC-FUE-0015,2022,10,1867
SC-FUE-0015,2022,11,1883
SC-FUE-0015,2022,12,1675
SC-FUE-0015,2023,1,3006
SC-FUE-0015,2023,2,2483
SC-FUE-0015,2023,3,2400
SC-FUE-0015,2023,4,2432
SC-FUE-0015,2023,5,3175
SC-FUE-0015,2023,6,3282
SC-FUE-0015,2023,7,2316
SC-FUE-0015,2023,8,3648
SC-FUE-0015,2023,9,3999
SC-FUE-0015,2023,10,2224
SC-FUE-0015,2023,11,2002
SC-FUE-0015,2023,12,3615
SC-FUE-0015,2024,1,3712
SC-FUE-0015,2024,2,2539
SC-FUE-0015,2024,3,2648
SC-FUE-0015,2024,4,3912
SC-FUE-0015,2024,5,4427
SC-FUE-0015,2024,6,2698
SC-FUE-0015,2024,7,2782
SC-FUE-0015,2024,8,2721
SC-FUE-0015,2024,9,3346
SC-FUE-0015,2024,10,3126
SC-FUE-0015,2024,11,2855
SC-FUE-0015,2024,12,2660
SC-BRK-0013,2020,1,201
SC-BRK-0013,2020,2,303
SC-BRK-0013,2020,3,323
SC-BRK-0013,2020,4,415
SC-BRK-0013,2020,5,665
SC-BRK-0013,2020,6,791
SC-BRK-0013,2020,7,848
SC-BRK-0013,2020,8,889
SC-BRK-0013,2020,9,1120
SC-BRK-0013,2020,10,755
SC-BRK-0013,2020,11,1116
SC-BRK-0013,2020,12,1146
SC-BRK-0013,2021,1,1421
SC-BRK-0013,2021,2,909
SC-BRK-0013,2021,3,730
SC-BRK-0013,2021,4,787
SC-BRK-0013,2021,5,1223
SC-BRK-0013,2021,6,1215
SC-BRK-0013,2021,7,882
SC-BRK-0013,2021,8,1770
SC-BRK-0013,2021,9,1192
SC-BRK-0013,2021,10,1101
SC-BRK-0013,2021,11,1885
SC-BRK-0013,2021,12,1722
SC-BRK-0013,2022,1,1040
SC-BRK-0013,2022,2,938
SC-BRK-0013,2022,3,799
SC-BRK-0013,2022,4,1241
SC-BRK-0013,2022,5,1399
SC-BRK-0013,2022,6,1706
SC-BRK-0013,2022,7,1838
SC-BRK-0013,2022,8,1346
SC-BRK-0013,2022,9,960
SC-BRK-0013,2022,10,857
SC-BRK-0013,2022,11,862
SC-BRK-0013,2022,12,1171
SC-BRK-0013,2023,1,1119
SC-BRK-0013,2023,2,732
SC-BRK-0013,2023,3,977
SC-BRK-0013,2023,4,1280
SC-BRK-0013,2023,5,1220
SC-BRK-0013,2023,6,1408
SC-BRK-0013,2023,7,1203
SC-BRK-0013,2023,8,756
SC-BRK-0013,2023,9,858
SC-BRK-0013,2023,10,832
SC-BRK-0013,2023,11,786
SC-BRK-0013,2023,12,1315
SC-BRK-0013,2024,1,1068
SC-BRK-0013,2024,2,798
SC-BRK-0013,2024,3,943
SC-BRK-0013,2024,4,1224
SC-BRK-0013,2024,5,1161
SC-BRK-0013,2024,6,1399
SC-BRK-0013,2024,7,1385
SC-BRK-0013,2024,8,1900
SC-BRK-0013,2024,9,1499
SC-BRK-0013,2024,10,1097
SC-BRK-0013,2024,11,886
SC-BRK-0013,2024,12,1027
SC-TRN-0017,2020,1,8
SC-TRN-0017,2020,2,8
SC-TRN-0017,2020,3,34
SC-TRN-0017,2020,4,41
SC-TRN-0017,2020,5,76
SC-TRN-0017,2020,6,27
SC-TRN-0017,2020,7,45
SC-TRN-0017,2020,8,33
SC-TRN-0017,2020,9,92
SC-TRN-0017,2020,10,34
SC-TRN-0017,2020,11,73
SC-TRN-0017,2020,12,32
SC-TRN-0017,2021,1,44
SC-TRN-0017,2021,2,25
SC-TRN-0017,2021,3,23
SC-TRN-0017,2021,4,38
SC-TRN-0017,2021,5,136
SC-TRN-0017,2021,6,9
SC-TRN-0017,2021,7,49
SC-TRN-0017,2021,8,95
SC-TRN-0017,2021,9,133
SC-TRN-0017,2021,10,29
SC-TRN-0017,2021,11,110
SC-TRN-0017,2021,12,0
SC-TRN-0017,2022,1,72
SC-TRN-0017,2022,2,38
SC-TRN-0017,2022,3,58
SC-TRN-0017,2022,4,26
SC-TRN-0017,2022,5,26
SC-TRN-0017,2022,6,34
SC-TRN-0017,2022,7,51
SC-TRN-0017,2022,8,41
SC-TRN-0017,2022,9,110
SC-TRN-0017,2022,10,37
SC-TRN-0017,2022,11,54
SC-TRN-0017,2022,12,59
SC-TRN-0017,2023,1,86
SC-TRN-0017,2023,2,55
SC-TRN-0017,2023,3,102
SC-TRN-0017,2023,4,0
SC-TRN-0017,2023,5,73
SC-TRN-0017,2023,6,20
SC-TRN-0017,2023,7,104
SC-TRN-0017,2023,8,121
SC-TRN-0017,2023,9,80
SC-TRN-0017,2023,10,121
SC-TRN-0017,2023,11,150
SC-TRN-0017,2023,12,245
SC-TRN-0017,2024,1,49
SC-TRN-0017,2024,2,107
SC-TRN-0017,2024,3,75
SC-TRN-0017,2024,4,115
SC-TRN-0017,2024,5,178
SC-TRN-0017,2024,6,17
SC-TRN-0017,2024,7,82
SC-TRN-0017,2024,8,147
SC-TRN-0017,2024,9,62
SC-TRN-0017,2024,10,57
SC-TRN-0017,2024,11,211
SC-TRN-0017,2024,12,43
SC-SUS-0022,2020,1,340
SC-SUS-0022,2020,2,753
SC-SUS-0022,2020,3,487
SC-SUS-0022,2020,4,365
SC-SUS-0022,2020,5,419
SC-SUS-0022,2020,6,186
SC-SUS-0022,2020,7,394
SC-SUS-0022,2020,8,538
SC-SUS-0022,2020,9,456
SC-SUS-0022,2020,10,513
SC-SUS-0022,2020,11,761
SC-SUS-0022,2020,12,863
SC-SUS-0022,2021,1,663
SC-SUS-0022,2021,2,726
SC-SUS-0022,2021,3,609
SC-SUS-0022,2021,4,542
SC-SUS-0022,2021,5,421
SC-SUS-0022,2021,6,960
SC-SUS-0022,2021,7,618
SC-SUS-0022,2021,8,556
SC-SUS-0022,2021,9,804
SC-SUS-0022,2021,10,709
SC-SUS-0022,2021,11,458
SC-SUS-0022,2021,12,480
SC-SUS-0022,2022,1,582
SC-SUS-0022,2022,2,331
SC-SUS-0022,2022,3,482
SC-SUS-0022,2022,4,337
SC-SUS-0022,2022,5,376
SC-SUS-0022,2022,6,387
SC-SUS-0022,2022,7,778
SC-SUS-0022,2022,8,444
SC-SUS-0022,2022,9,415
SC-SUS-0022,2022,10,801
SC-SUS-0022,2022,11,675
SC-SUS-0022,2022,12,814
SC-SUS-0022,2023,1,662
SC-SUS-0022,2023,2,584
SC-SUS-0022,2023,3,482
SC-SUS-0022,2023,4,420
SC-SUS-0022,2023,5,490
SC-SUS-0022,2023,6,471
SC-SUS-0022,2023,7,549
SC-SUS-0022,2023,8,481
SC-SUS-0022,2023,9,357
SC-SUS-0022,2023,10,690
SC-SUS-0022,2023,11,891
SC-SUS-0022,2023,12,865
SC-SUS-0022,2024,1,458
SC-SUS-0022,2024,2,538
SC-SUS-0022,2024,3,337
SC-SUS-0022,2024,4,541
SC-SUS-0022,2024,5,1050
SC-SUS-0022,2024,6,528
SC-SUS-0022,2024,7,441
SC-SUS-0022,2024,8,932
SC-SUS-0022,2024,9,622
SC-SUS-0022,2024,10,696
SC-SUS-0022,2024,11,500
SC-SUS-0022,2024,12,488
SC-SUS-0023,2020,1,27
SC-SUS-0023,2020,2,58
SC-SUS-0023,2020,3,67
SC-SUS-0023,2020,4,32
SC-SUS-0023,2020,5,37
SC-SUS-0023,2020,6,30
SC-SUS-0023,2020,7,129
SC-SUS-0023,2020,8,87
SC-SUS-0023,2020,9,86
SC-SUS-0023,2020,10,70
SC-SUS-0023,2020,11,86
SC-SUS-0023,2020,12,29
SC-SUS-0023,2021,1,37
SC-SUS-0023,2021,2,8
SC-SUS-0023,2021,3,125
SC-SUS-0023,2021,4,48
SC-SUS-0023,2021,5,54
SC-SUS-0023,2021,6,8
SC-SUS-0023,2021,7,61
SC-SUS-0023,2021,8,46
SC-SUS-0023,2021,9,46
SC-SUS-0023,2021,10,35
SC-SUS-0023,2021,11,67
SC-SUS-0023,2021,12,51
SC-SUS-0023,2022,1,74
SC-SUS-0023,2022,2,21
SC-SUS-0023,2022,3,30
SC-SUS-0023,2022,4,60
SC-SUS-0023,2022,5,74
SC-SUS-0023,2022,6,52
SC-SUS-0023,2022,7,49
SC-SUS-0023,2022,8,33
SC-SUS-0023,2022,9,29
SC-SUS-0023,2022,10,31
SC-SUS-0023,2022,11,34
SC-SUS-0023,2022,12,30
SC-SUS-0023,2023,1,71
SC-SUS-0023,2023,2,65
SC-SUS-0023,2023,3,59
SC-SUS-0023,2023,4,36
SC-SUS-0023,2023,5,14
SC-SUS-0023,2023,6,60
SC-SUS-0023,2023,7,75
SC-SUS-0023,2023,8,39
SC-SUS-0023,2023,9,43
SC-SUS-0023,2023,10,6
SC-SUS-0023,2023,11,18
SC-SUS-0023,2023,12,41
SC-SUS-0023,2024,1,76
SC-SUS-0023,2024,2,35
SC-SUS-0023,2024,3,69
SC-SUS-0023,2024,4,24
SC-SUS-0023,2024,5,46
SC-SUS-0023,2024,6,26
SC-SUS-0023,2024,7,0
SC-SUS-0023,2024,8,18
SC-SUS-0023,2024,9,89
SC-SUS-0023,2024,10,27
SC-SUS-0023,2024,11,0
SC-SUS-0023,2024,12,42
SC-HYD-0015,2020,1,1176
SC-HYD-0015,2020,2,1156
SC-HYD-0015,2020,3,785
SC-HYD-0015,2020,4,536
SC-HYD-0015,2020,5,719
SC-HYD-0015,2020,6,442
SC-HYD-0015,2020,7,760
SC-HYD-0015,2020,8,534
SC-HYD-0015,2020,9,708
SC-HYD-0015,2020,10,552
SC-HYD-0015,2020,11,573
SC-HYD-0015,2020,12,518
SC-HYD-0015,2021,1,1041
SC-HYD-0015,2021,2,1141
SC-HYD-0015,2021,3,378
SC-HYD-0015,2021,4,716
SC-HYD-0015,2021,5,548
SC-HYD-0015,2021,6,880
SC-HYD-0015,2021,7,282
SC-HYD-0015,2021,8,439
SC-HYD-0015,2021,9,947
SC-HYD-0015,2021,10,882
SC-HYD-0015,2021,11,994
SC-HYD-0015,2021,12,948
SC-HYD-0015,2022,1,1226
SC-HYD-0015,2022,2,886
SC-HYD-0015,2022,3,777
SC-HYD-0015,2022,4,312
SC-HYD-0015,2022,5,567
SC-HYD-0015,2022,6,520
SC-HYD-0015,2022,7,583
SC-HYD-0015,2022,8,950
SC-HYD-0015,2022,9,958
SC-HYD-0015,2022,10,667
SC-HYD-0015,2022,11,406
SC-HYD-0015,2022,12,815
SC-HYD-0015,2023,1,890
SC-HYD-0015,2023,2,806
SC-HYD-0015,2023,3,614
SC-HYD-0015,2023,4,841
SC-HYD-0015,2023,5,604
SC-HYD-0015,2023,6,616
SC-HYD-0015,2023,7,647
SC-HYD-0015,2023,8,701
SC-HYD-0015,2023,9,775
SC-HYD-0015,2023,10,954
SC-HYD-0015,2023,11,560
SC-HYD-0015,2023,12,574
SC-HYD-0015,2024,1,722
SC-HYD-0015,2024,2,756
SC-HYD-0015,2024,3,543
SC-HYD-0015,2024,4,755
SC-HYD-0015,2024,5,622
SC-HYD-0015,2024,6,806
SC-HYD-0015,2024,7,650
SC-HYD-0015,2024,8,487
SC-HYD-0015,2024,9,614
SC-HYD-0015,2024,10,713
SC-HYD-0015,2024,11,911
SC-HYD-0015,2024,12,674
SC-CLG-0007,2020,1,158
SC-CLG-0007,2020,2,29
SC-CLG-0007,2020,3,525
SC-CLG-0007,2020,4,443
SC-CLG-0007,2020,5,636
SC-CLG-0007,2020,6,555
SC-CLG-0007,2020,7,350
SC-CLG-0007,2020,8,728
SC-CLG-0007,2020,9,1220
SC-CLG-0007,2020,10,1682
SC-CLG-0007,2020,11,859
SC-CLG-0007,2020,12,717
SC-CLG-0007,2021,1,772
SC-CLG-0007,2021,2,1024
SC-CLG-0007,2021,3,714
SC-CLG-0007,2021,4,352
SC-CLG-0007,2021,5,1060
SC-CLG-0007,2021,6,744
SC-CLG-0007,2021,7,509
SC-CLG-0007,2021,8,683
SC-CLG-0007,2021,9,845
SC-CLG-0007,2021,10,950
SC-CLG-0007,2021,11,752
SC-CLG-0007,2021,12,850
SC-CLG-0007,2022,1,307
SC-CLG-0007,2022,2,762
SC-CLG-0007,2022,3,956
SC-CLG-0007,2022,4,966
SC-CLG-0007,2022,5,572
SC-CLG-0007,2022,6,869
SC-CLG-0007,2022,7,548
SC-CLG-0007,2022,8,479
SC-CLG-0007,2022,9,1190
SC-CLG-0007,2022,10,1626
SC-CLG-0007,2022,11,663
SC-CLG-0007,2022,12,1071
SC-CLG-0007,2023,1,872
SC-CLG-0007,2023,2,591
SC-CLG-0007,2023,3,517
SC-CLG-0007,2023,4,723
SC-CLG-0007,2023,5,692
SC-CLG-0007,2023,6,701
SC-CLG-0007,2023,7,881
SC-CLG-0007,2023,8,641
SC-CLG-0007,2023,9,1150
SC-CLG-0007,2023,10,1034
SC-CLG-0007,2023,11,607
SC-CLG-0007,2023,12,819
SC-CLG-0007,2024,1,829
SC-CLG-0007,2024,2,1229
SC-CLG-0007,2024,3,724
SC-CLG-0007,2024,4,1179
SC-CLG-0007,2024,5,1283
SC-CLG-0007,2024,6,604
SC-CLG-0007,2024,7,1018
SC-CLG-0007,2024,8,732
SC-CLG-0007,2024,9,1346
SC-CLG-0007,2024,10,901
SC-CLG-0007,2024,11,387
SC-CLG-0007,2024,12,753
SC-TRN-0018,2020,1,480
SC-TRN-0018,2020,2,386
SC-TRN-0018,2020,3,496
SC-TRN-0018,2020,4,679
SC-TRN-0018,2020,5,730
SC-TRN-0018,2020,6,863
SC-TRN-0018,2020,7,837
SC-TRN-0018,2020,8,669
SC-TRN-0018,2020,9,570
SC-TRN-0018,2020,10,434
SC-TRN-0018,2020,11,550
SC-TRN-0018,2020,12,676
SC-TRN-0018,2021,1,868
SC-TRN-0018,2021,2,549
SC-TRN-0018,2021,3,590
SC-TRN-0018,2021,4,946
SC-TRN-0018,2021,5,689
SC-TRN-0018,2021,6,669
SC-TRN-0018,2021,7,709
SC-TRN-0018,2021,8,675
SC-TRN-0018,2021,9,788
SC-TRN-0018,2021,10,676
SC-TRN-0018,2021,11,539
SC-TRN-0018,2021,12,830
SC-TRN-0018,2022,1,678
SC-TRN-0018,2022,2,727
SC-TRN-0018,2022,3,986
SC-TRN-0018,2022,4,748
SC-TRN-0018,2022,5,1132
SC-TRN-0018,2022,6,767
SC-TRN-0018,2022,7,671
SC-TRN-0018,2022,8,717
SC-TRN-0018,2022,9,697
SC-TRN-0018,2022,10,655
SC-TRN-0018,2022,11,673
SC-TRN-0018,2022,12,869
SC-TRN-0018,2023,1,1128
SC-TRN-0018,2023,2,1246
SC-TRN-0018,2023,3,726
SC-TRN-0018,2023,4,705
SC-TRN-0018,2023,5,929
SC-TRN-0018,2023,6,1112
SC-TRN-0018,2023,7,1014
SC-TRN-0018,2023,8,623
SC-TRN-0018,2023,9,791
SC-TRN-0018,2023,10,879
SC-TRN-0018,2023,11,734
SC-TRN-0018,2023,12,916
SC-TRN-0018,2024,1,821
SC-TRN-0018,2024,2,680
SC-TRN-0018,2024,3,785
SC-TRN-0018,2024,4,1062
SC-TRN-0018,2024,5,978
SC-TRN-0018,2024,6,1113
SC-TRN-0018,2024,7,1073
SC-TRN-0018,2024,8,1139
SC-TRN-0018,2024,9,706
SC-TRN-0018,2024,10,653
SC-TRN-0018,2024,11,963
SC-TRN-0018,2024,12,1074
SC-CLG-0008,2020,1,614
SC-CLG-0008,2020,2,796
SC-CLG-0008,2020,3,715
SC-CLG-0008,2020,4,809
SC-CLG-0008,2020,5,650
SC-CLG-0008,2020,6,730
SC-CLG-0008,2020,7,722
SC-CLG-0008,2020,8,987
SC-CLG-0008,2020,9,1022
SC-CLG-0008,2020,10,871
SC-CLG-0008,2020,11,1058
SC-CLG-0008,2020,12,896
SC-CLG-0008,2021,1,865
SC-CLG-0008,2021,2,961
SC-CLG-0008,2021,3,466
SC-CLG-0008,2021,4,1066
SC-CLG-0008,2021,5,1007
SC-CLG-0008,2021,6,832
SC-CLG-0008,2021,7,1324
SC-CLG-0008,2021,8,1662
SC-CLG-0008,2021,9,1026
SC-CLG-0008,2021,10,1215
SC-CLG-0008,2021,11,1054
SC-CLG-0008,2021,12,870
SC-CLG-0008,2022,1,1123
SC-CLG-0008,2022,2,838
SC-CLG-0008,2022,3,990
SC-CLG-0008,2022,4,1269
SC-CLG-0008,2022,5,705
SC-CLG-0008,2022,6,837
SC-CLG-0008,2022,7,1377
SC-CLG-0008,2022,8,1168
SC-CLG-0008,2022,9,1287
SC-CLG-0008,2022,10,1521
SC-CLG-0008,2022,11,1088
SC-CLG-0008,2022,12,1172
SC-CLG-0008,2023,1,1274
SC-CLG-0008,2023,2,1867
SC-CLG-0008,2023,3,1204
SC-CLG-0008,2023,4,1380
SC-CLG-0008,2023,5,1088
SC-CLG-0008,2023,6,1360
SC-CLG-0008,2023,7,1544
SC-CLG-0008,2023,8,1492
SC-CLG-0008,2023,9,1078
SC-CLG-0008,2023,10,1127
SC-CLG-0008,2023,11,974
SC-CLG-0008,2023,12,1293
SC-CLG-0008,2024,1,1580
SC-CLG-0008,2024,2,1187
SC-CLG-0008,2024,3,1369
SC-CLG-0008,2024,4,1447
SC-CLG-0008,2024,5,1421
SC-CLG-0008,2024,6,1410
SC-CLG-0008,2024,7,1635
SC-CLG-0008,2024,8,1798
SC-CLG-0008,2024,9,2265
SC-CLG-0008,2024,10,1611
SC-CLG-0008,2024,11,1754
SC-CLG-0008,2024,12,1625
SC-HYD-0016,2020,1,219
SC-HYD-0016,2020,2,137
SC-HYD-0016,2020,3,117
SC-HYD-0016,2020,4,328
SC-HYD-0016,2020,5,229
SC-HYD-0016,2020,6,229
SC-HYD-0016,2020,7,275
SC-HYD-0016,2020,8,252
SC-HYD-0016,2020,9,286
SC-HYD-0016,2020,10,210
SC-HYD-0016,2020,11,221
SC-HYD-0016,2020,12,241
SC-HYD-0016,2021,1,191
SC-HYD-0016,2021,2,222
SC-HYD-0016,2021,3,112
SC-HYD-0016,2021,4,257
SC-HYD-0016,2021,5,264
SC-HYD-0016,2021,6,381
SC-HYD-0016,2021,7,407
SC-HYD-0016,2021,8,386
SC-HYD-0016,2021,9,421
SC-HYD-0016,2021,10,115
SC-HYD-0016,2021,11,273
SC-HYD-0016,2021,12,244
SC-HYD-0016,2022,1,358
SC-HYD-0016,2022,2,397
SC-HYD-0016,2022,3,495
SC-HYD-0016,2022,4,485
SC-HYD-0016,2022,5,253
SC-HYD-0016,2022,6,437
SC-HYD-0016,2022,7,436
SC-HYD-0016,2022,8,340
SC-HYD-0016,2022,9,368
SC-HYD-0016,2022,10,480
SC-HYD-0016,2022,11,328
SC-HYD-0016,2022,12,210
SC-HYD-0016,2023,1,411
SC-HYD-0016,2023,2,315
SC-HYD-0016,2023,3,368
SC-HYD-0016,2023,4,353
SC-HYD-0016,2023,5,196
SC-HYD-0016,2023,6,376
SC-HYD-0016,2023,7,531
SC-HYD-0016,2023,8,444
SC-HYD-0016,2023,9,326
SC-HYD-0016,2023,10,319
SC-HYD-0016,2023,11,345
SC-HYD-0016,2023,12,67
SC-HYD-0016,2024,1,187
SC-HYD-0016,2024,2,248
SC-HYD-0016,2024,3,103
SC-HYD-0016,2024,4,219
SC-HYD-0016,2024,5,291
SC-HYD-0016,2024,6,386
SC-HYD-0016,2024,7,260
SC-HYD-0016,2024,8,465
SC-HYD-0016,2024,9,179
SC-HYD-0016,2024,10,680
SC-HYD-0016,2024,11,300
SC-HYD-0016,2024,12,344
SC-FLT-0013,2020,1,175
SC-FLT-0013,2020,2,144
SC-FLT-0013,2020,3,196
SC-FLT-0013,2020,4,201
SC-FLT-0013,2020,5,114
SC-FLT-0013,2020,6,237
SC-FLT-0013,2020,7,252
SC-FLT-0013,2020,8,103
SC-FLT-0013,2020,9,359
SC-FLT-0013,2020,10,128
SC-FLT-0013,2020,11,180
SC-FLT-0013,2020,12,191
SC-FLT-0013,2021,1,257
SC-FLT-0013,2021,2,187
SC-FLT-0013,2021,3,213
SC-FLT-0013,2021,4,226
SC-FLT-0013,2021,5,212
SC-FLT-0013,2021,6,172
SC-FLT-0013,2021,7,104
SC-FLT-0013,2021,8,321
SC-FLT-0013,2021,9,446
SC-FLT-0013,2021,10,166
SC-FLT-0013,2021,11,277
SC-FLT-0013,2021,12,362
SC-FLT-0013,2022,1,265
SC-FLT-0013,2022,2,363
SC-FLT-0013,2022,3,280
SC-FLT-0013,2022,4,338
SC-FLT-0013,2022,5,283
SC-FLT-0013,2022,6,272
SC-FLT-0013,2022,7,350
SC-FLT-0013,2022,8,308
SC-FLT-0013,2022,9,364
SC-FLT-0013,2022,10,352
SC-FLT-0013,2022,11,235
SC-FLT-0013,2022,12,277
SC-FLT-0013,2023,1,359
SC-FLT-0013,2023,2,291
SC-FLT-0013,2023,3,295
SC-FLT-0013,2023,4,321
SC-FLT-0013,2023,5,386
SC-FLT-0013,2023,6,364
SC-FLT-0013,2023,7,262
SC-FLT-0013,2023,8,201
SC-FLT-0013,2023,9,445
SC-FLT-0013,2023,10,303
SC-FLT-0013,2023,11,274
SC-FLT-0013,2023,12,353
SC-FLT-0013,2024,1,250
SC-FLT-0013,2024,2,308
SC-FLT-0013,2024,3,387
SC-FLT-0013,2024,4,373
SC-FLT-0013,2024,5,284
SC-FLT-0013,2024,6,263
SC-FLT-0013,2024,7,314
SC-FLT-0013,2024,8,190
SC-FLT-0013,2024,9,629
SC-FLT-0013,2024,10,602
SC-FLT-0013,2024,11,462
SC-FLT-0013,2024,12,613
SC-FLT-0014,2020,1,0
SC-FLT-0014,2020,2,2
SC-FLT-0014,2020,3,2
SC-FLT-0014,2020,4,1
SC-FLT-0014,2020,5,2
SC-FLT-0014,2020,6,5
SC-FLT-0014,2020,7,2
SC-FLT-0014,2020,8,2
SC-FLT-0014,2020,9,2
SC-FLT-0014,2020,10,1
SC-FLT-0014,2020,11,1
SC-FLT-0014,2020,12,3
SC-FLT-0014,2021,1,3
SC-FLT-0014,2021,2,8
SC-FLT-0014,2021,3,0
SC-FLT-0014,2021,4,8
SC-FLT-0014,2021,5,0
SC-FLT-0014,2021,6,1
SC-FLT-0014,2021,7,6
SC-FLT-0014,2021,8,5
SC-FLT-0014,2021,9,0
SC-FLT-0014,2021,10,5
SC-FLT-0014,2021,11,4
SC-FLT-0014,2021,12,0
SC-FLT-0014,2022,1,6
SC-FLT-0014,2022,2,4
SC-FLT-0014,2022,3,2
SC-FLT-0014,2022,4,5
SC-FLT-0014,2022,5,11
SC-FLT-0014,2022,6,5
SC-FLT-0014,2022,7,9
SC-FLT-0014,2022,8,4
SC-FLT-0014,2022,9,12
SC-FLT-0014,2022,10,20
SC-FLT-0014,2022,11,11
SC-FLT-0014,2022,12,5
SC-FLT-0014,2023,1,3
SC-FLT-0014,2023,2,5
SC-FLT-0014,2023,3,12
SC-FLT-0014,2023,4,19
SC-FLT-0014,2023,5,9
SC-FLT-0014,2023,6,1
SC-FLT-0014,2023,7,8
SC-FLT-0014,2023,8,8
SC-FLT-0014,2023,9,5
SC-FLT-0014,2023,10,14
SC-FLT-0014,2023,11,4
SC-FLT-0014,2023,12,15
SC-FLT-0014,2024,1,5
SC-FLT-0014,2024,2,1
SC-FLT-0014,2024,3,11
SC-FLT-0014,2024,4,4
SC-FLT-0014,2024,5,7
SC-FLT-0014,2024,6,6
SC-FLT-0014,2024,7,7
SC-FLT-0014,2024,8,5
SC-FLT-0014,2024,9,6
SC-FLT-0014,2024,10,6
SC-FLT-0014,2024,11,12
SC-FLT-0014,2024,12,17
SC-TWA-0013,2020,1,42
SC-TWA-0013,2020,2,33
SC-TWA-0013,2020,3,62
SC-TWA-0013,2020,4,37
SC-TWA-0013,2020,5,189
SC-TWA-0013,2020,6,100
SC-TWA-0013,2020,7,199
SC-TWA-0013,2020,8,244
SC-TWA-0013,2020,9,43
SC-TWA-0013,2020,10,155
SC-TWA-0013,2020,11,184
SC-TWA-0013,2020,12,100
SC-TWA-0013,2021,1,156
SC-TWA-0013,2021,2,145
SC-TWA-0013,2021,3,80
SC-TWA-0013,2021,4,99
SC-TWA-0013,2021,5,123
SC-TWA-0013,2021,6,141
SC-TWA-0013,2021,7,146
SC-TWA-0013,2021,8,79
SC-TWA-0013,2021,9,170
SC-TWA-0013,2021,10,161
SC-TWA-0013,2021,11,154
SC-TWA-0013,2021,12,12
SC-TWA-0013,2022,1,126
SC-TWA-0013,2022,2,153
SC-TWA-0013,2022,3,125
SC-TWA-0013,2022,4,118
SC-TWA-0013,2022,5,126
SC-TWA-0013,2022,6,186
SC-TWA-0013,2022,7,112
SC-TWA-0013,2022,8,252
SC-TWA-0013,2022,9,221
SC-TWA-0013,2022,10,37
SC-TWA-0013,2022,11,125
SC-TWA-0013,2022,12,0
SC-TWA-0013,2023,1,193
SC-TWA-0013,2023,2,241
SC-TWA-0013,2023,3,96
SC-TWA-0013,2023,4,129
SC-TWA-0013,2023,5,213
SC-TWA-0013,2023,6,37
SC-TWA-0013,2023,7,36
SC-TWA-0013,2023,8,18
SC-TWA-0013,2023,9,212
SC-TWA-0013,2023,10,88
SC-TWA-0013,2023,11,21
SC-TWA-0013,2023,12,85
SC-TWA-0013,2024,1,139
SC-TWA-0013,2024,2,8
SC-TWA-0013,2024,3,62
SC-TWA-0013,2024,4,100
SC-TWA-0013,2024,5,196
SC-TWA-0013,2024,6,217
SC-TWA-0013,2024,7,61
SC-TWA-0013,2024,8,110
SC-TWA-0013,2024,9,129
SC-TWA-0013,2024,10,128
SC-TWA-0013,2024,11,35
SC-TWA-0013,2024,12,215
SC-ENG-0016,2020,1,416
SC-ENG-0016,2020,2,435
SC-ENG-0016,2020,3,501
SC-ENG-0016,2020,4,206
SC-ENG-0016,2020,5,954
SC-ENG-0016,2020,6,332
SC-ENG-0016,2020,7,1295
SC-ENG-0016,2020,8,548
SC-ENG-0016,2020,9,968
SC-ENG-0016,2020,10,851
SC-ENG-0016,2020,11,856
SC-ENG-0016,2020,12,744
SC-ENG-0016,2021,1,1262
SC-ENG-0016,2021,2,1040
SC-ENG-0016,2021,3,852
SC-ENG-0016,2021,4,964
SC-ENG-0016,2021,5,522
SC-ENG-0016,2021,6,791
SC-ENG-0016,2021,7,771
SC-ENG-0016,2021,8,552
SC-ENG-0016,2021,9,948
SC-ENG-0016,2021,10,449
SC-ENG-0016,2021,11,672
SC-ENG-0016,2021,12,489
SC-ENG-0016,2022,1,624
SC-ENG-0016,2022,2,349
SC-ENG-0016,2022,3,532
SC-ENG-0016,2022,4,846
SC-ENG-0016,2022,5,734
SC-ENG-0016,2022,6,679
SC-ENG-0016,2022,7,539
SC-ENG-0016,2022,8,368
SC-ENG-0016,2022,9,686
SC-ENG-0016,2022,10,731
SC-ENG-0016,2022,11,782
SC-ENG-0016,2022,12,858
SC-ENG-0016,2023,1,967
SC-ENG-0016,2023,2,750
SC-ENG-0016,2023,3,1040
SC-ENG-0016,2023,4,842
SC-ENG-0016,2023,5,673
SC-ENG-0016,2023,6,444
SC-ENG-0016,2023,7,656
SC-ENG-0016,2023,8,454
SC-ENG-0016,2023,9,462
SC-ENG-0016,2023,10,1117
SC-ENG-0016,2023,11,1094
SC-ENG-0016,2023,12,1043
SC-ENG-0016,2024,1,699
SC-ENG-0016,2024,2,849
SC-ENG-0016,2024,3,765
SC-ENG-0016,2024,4,379
SC-ENG-0016,2024,5,717
SC-ENG-0016,2024,6,252
SC-ENG-0016,2024,7,781
SC-ENG-0016,2024,8,575
SC-ENG-0016,2024,9,840
SC-ENG-0016,2024,10,1037
SC-ENG-0016,2024,11,1345
SC-ENG-0016,2024,12,1180
SC-FUE-0016,2020,1,11
SC-FUE-0016,2020,2,5
SC-FUE-0016,2020,3,9
SC-FUE-0016,2020,4,6
SC-FUE-0016,2020,5,85
SC-FUE-0016,2020,6,81
SC-FUE-0016,2020,7,18
SC-FUE-0016,2020,8,91
SC-FUE-0016,2020,9,24
SC-FUE-0016,2020,10,28
SC-FUE-0016,2020,11,44
SC-FUE-0016,2020,12,72
SC-FUE-0016,2021,1,34
SC-FUE-0016,2021,2,16
SC-FUE-0016,2021,3,56
SC-FUE-0016,2021,4,30
SC-FUE-0016,2021,5,48
SC-FUE-0016,2021,6,21
SC-FUE-0016,2021,7,115
SC-FUE-0016,2021,8,20
SC-FUE-0016,2021,9,7
SC-FUE-0016,2021,10,63
SC-FUE-0016,2021,11,37
SC-FUE-0016,2021,12,66
SC-FUE-0016,2022,1,69
SC-FUE-0016,2022,2,144
SC-FUE-0016,2022,3,0
SC-FUE-0016,2022,4,18
SC-FUE-0016,2022,5,77
SC-FUE-0016,2022,6,120
SC-FUE-0016,2022,7,63
SC-FUE-0016,2022,8,77
SC-FUE-0016,2022,9,136
SC-FUE-0016,2022,10,54
SC-FUE-0016,2022,11,17
SC-FUE-0016,2022,12,67
SC-FUE-0016,2023,1,73
SC-FUE-0016,2023,2,48
SC-FUE-0016,2023,3,71
SC-FUE-0016,2023,4,69
SC-FUE-0016,2023,5,106
SC-FUE-0016,2023,6,22
SC-FUE-0016,2023,7,63
SC-FUE-0016,2023,8,65
SC-FUE-0016,2023,9,57
SC-FUE-0016,2023,10,117
SC-FUE-0016,2023,11,84
SC-FUE-0016,2023,12,68
SC-FUE-0016,2024,1,148
SC-FUE-0016,2024,2,0
SC-FUE-0016,2024,3,61
SC-FUE-0016,2024,4,27
SC-FUE-0016,2024,5,70
SC-FUE-0016,2024,6,76
SC-FUE-0016,2024,7,80
SC-FUE-0016,2024,8,35
SC-FUE-0016,2024,9,81
SC-FUE-0016,2024,10,82
SC-FUE-0016,2024,11,79
SC-FUE-0016,2024,12,103
SC-ELC-0012,2020,1,605
SC-ELC-0012,2020,2,499
SC-ELC-0012,2020,3,656
SC-ELC-0012,2020,4,447
SC-ELC-0012,2020,5,505
SC-ELC-0012,2020,6,531
SC-ELC-0012,2020,7,645
SC-ELC-0012,2020,8,637
SC-ELC-0012,2020,9,476
SC-ELC-0012,2020,10,599
SC-ELC-0012,2020,11,873
SC-ELC-0012,2020,12,823
SC-ELC-0012,2021,1,776
SC-ELC-0012,2021,2,446
SC-ELC-0012,2021,3,441
SC-ELC-0012,2021,4,448
SC-ELC-0012,2021,5,676
SC-ELC-0012,2021,6,756
SC-ELC-0012,2021,7,553
SC-ELC-0012,2021,8,637
SC-ELC-0012,2021,9,790
SC-ELC-0012,2021,10,375
SC-ELC-0012,2021,11,647
SC-ELC-0012,2021,12,601
SC-ELC-0012,2022,1,448
SC-ELC-0012,2022,2,548
SC-ELC-0012,2022,3,537
SC-ELC-0012,2022,4,642
SC-ELC-0012,2022,5,598
SC-ELC-0012,2022,6,658
SC-ELC-0012,2022,7,589
SC-ELC-0012,2022,8,462
SC-ELC-0012,2022,9,549
SC-ELC-0012,2022,10,670
SC-ELC-0012,2022,11,695
SC-ELC-0012,2022,12,515
SC-ELC-0012,2023,1,723
SC-ELC-0012,2023,2,583
SC-ELC-0012,2023,3,448
SC-ELC-0012,2023,4,465
SC-ELC-0012,2023,5,723
SC-ELC-0012,2023,6,486
SC-ELC-0012,2023,7,820
SC-ELC-0012,2023,8,716
SC-ELC-0012,2023,9,517
SC-ELC-0012,2023,10,592
SC-ELC-0012,2023,11,678
SC-ELC-0012,2023,12,390
SC-ELC-0012,2024,1,598
SC-ELC-0012,2024,2,807
SC-ELC-0012,2024,3,571
SC-ELC-0012,2024,4,773
SC-ELC-0012,2024,5,504
SC-ELC-0012,2024,6,827
SC-ELC-0012,2024,7,545
SC-ELC-0012,2024,8,747
SC-ELC-0012,2024,9,725
SC-ELC-0012,2024,10,671
SC-ELC-0012,2024,11,623
SC-ELC-0012,2024,12,433
SC-SUS-0024,2020,1,1684
SC-SUS-0024,2020,2,1789
SC-SUS-0024,2020,3,1472
SC-SUS-0024,2020,4,1501
SC-SUS-0024,2020,5,1440
SC-SUS-0024,2020,6,2055
SC-SUS-0024,2020,7,1355
SC-SUS-0024,2020,8,1492
SC-SUS-0024,2020,9,2305
SC-SUS-0024,2020,10,1271
SC-SUS-0024,2020,11,2617
SC-SUS-0024,2020,12,2645
SC-SUS-0024,2021,1,1919
SC-SUS-0024,2021,2,1585
SC-SUS-0024,2021,3,816
SC-SUS-0024,2021,4,1373
SC-SUS-0024,2021,5,1263
SC-SUS-0024,2021,6,1554
SC-SUS-0024,2021,7,1914
SC-SUS-0024,2021,8,2218
SC-SUS-0024,2021,9,2244
SC-SUS-0024,2021,10,1921
SC-SUS-0024,2021,11,2162
SC-SUS-0024,2021,12,1523
SC-SUS-0024,2022,1,2372
SC-SUS-0024,2022,2,2692
SC-SUS-0024,2022,3,1747
SC-SUS-0024,2022,4,1427
SC-SUS-0024,2022,5,1546
SC-SUS-0024,2022,6,1869
SC-SUS-0024,2022,7,2034
SC-SUS-0024,2022,8,1823
SC-SUS-0024,2022,9,3007
SC-SUS-0024,2022,10,2269
SC-SUS-0024,2022,11,1961
SC-SUS-0024,2022,12,2514
SC-SUS-0024,2023,1,1808
SC-SUS-0024,2023,2,2096
SC-SUS-0024,2023,3,1420
SC-SUS-0024,2023,4,1994
SC-SUS-0024,2023,5,1961
SC-SUS-0024,2023,6,1912
SC-SUS-0024,2023,7,1749
SC-SUS-0024,2023,8,1849
SC-SUS-0024,2023,9,2485
SC-SUS-0024,2023,10,1401
SC-SUS-0024,2023,11,1838
SC-SUS-0024,2023,12,2505
SC-SUS-0024,2024,1,2181
SC-SUS-0024,2024,2,1734
SC-SUS-0024,2024,3,1317
SC-SUS-0024,2024,4,1632
SC-SUS-0024,2024,5,1811
SC-SUS-0024,2024,6,1869
SC-SUS-0024,2024,7,1337
SC-SUS-0024,2024,8,2197
SC-SUS-0024,2024,9,2263
SC-SUS-0024,2024,10,1576
SC-SUS-0024,2024,11,1628
SC-SUS-0024,2024,12,2394
